supplier,supplier_code,invoice_description,lightspeed_product,cost_per_unit_incl_gst,basis,pack_size,pack_qty,pack_unit,cost_per_base_unit,venue,source_invoice,invoice_date,in_bounds,note
Lightspeed,20445702,Better Beer Tin,Better Beer Tin,2.3800,can,1,1,each,,stowaway,bo-seed-stowaway,2026-01-01,yes,BO export cost (each); ProductID 20445702
Lightspeed,20445701,Corona,Corona,2.5713,can,1,1,each,,stowaway,bo-seed-stowaway,2026-01-01,yes,BO export cost (each); ProductID 20445701
Lightspeed,20445700,Peroni,Peroni,2.5217,can,1,1,each,,stowaway,bo-seed-stowaway,2026-01-01,yes,BO export cost (each); ProductID 20445700
Lightspeed,20445705,Asahi 3.5%,Asahi 3.5%,2.1800,can,1,1,each,,stowaway,bo-seed-stowaway,2026-01-01,yes,BO export cost (each); ProductID 20445705
Lightspeed,20445709,Grifter Big Sur IPA Tin,Grifter Big Sur IPA Tin,4.0000,can,1,1,each,,stowaway,bo-seed-stowaway,2026-01-01,yes,BO export cost (each); ProductID 20445709
Lightspeed,20445710,Grifter Omen Stout Tin,Grifter Omen Stout Tin,3.1900,can,1,1,each,,stowaway,bo-seed-stowaway,2026-01-01,yes,BO export cost (each); ProductID 20445710
Lightspeed,20445708,Grifter Pink Galah Tin,Grifter Pink Galah Tin,3.1900,can,1,1,each,,stowaway,bo-seed-stowaway,2026-01-01,yes,BO export cost (each); ProductID 20445708
Lightspeed,20445706,James Boags Light,James Boags Light,2.3400,can,1,1,each,,stowaway,bo-seed-stowaway,2026-01-01,yes,BO export cost (each); ProductID 20445706
Lightspeed,20445703,Two Bays Pale Ale Can,Two Bays Pale Ale Can,4.7100,can,1,1,each,,stowaway,bo-seed-stowaway,2026-01-01,yes,BO export cost (each); ProductID 20445703
Lightspeed,20445704,VB Tinnie,VB Tinnie,1.9600,can,1,1,each,,stowaway,bo-seed-stowaway,2026-01-01,yes,BO export cost (each); ProductID 20445704
Lightspeed,20445713,Young Henrys Cloudy Cider Can,Young Henrys Cloudy Cider Can,2.5800,can,1,1,each,,stowaway,bo-seed-stowaway,2026-01-01,yes,BO export cost (each); ProductID 20445713
Lightspeed,20445707,Heaps Normal Tin,Heaps Normal Tin,2.6696,can,1,1,each,,stowaway,bo-seed-stowaway,2026-01-01,yes,BO export cost (each); ProductID 20445707
Lightspeed,20445714,Monteith's Apple Cider Bottle,Monteith's Apple Cider Bottle,3.1100,can,1,1,each,,stowaway,bo-seed-stowaway,2026-01-01,yes,BO export cost (each); ProductID 20445714
Lightspeed,20445737,Dom Pérignon Champagne 750ML,Dom Pérignon Champagne,332.5500,,1,750,ml,,stowaway,bo-seed-stowaway,2026-01-01,yes,BO export cost (ml); ProductID 20445737
Lightspeed,20445892,Stow Vermouth Blend 700ML,Stow Vermouth Blend,41.3400,,1,700,ml,,stowaway,bo-seed-stowaway,2026-01-01,yes,BO export cost (ml); ProductID 20445892
Lightspeed,20445897,San Pellegrino 500ml,San Pellegrino 500ml,2.3200,can,1,1,each,,stowaway,bo-seed-stowaway,2026-01-01,yes,BO export cost (each); ProductID 20445897
Lightspeed,20459447,4 Pines Kolsch Bottle D,4 Pines Kolsch Bottle D,2.6500,can,1,1,each,,stowaway,bo-seed-stowaway,2026-01-01,yes,BO export cost (each); ProductID 20459447
Lightspeed,20459505,Grifter Pale Ale Cans D,Grifter Pale Ale Cans D,2.7400,can,1,1,each,,stowaway,bo-seed-stowaway,2026-01-01,yes,BO export cost (each); ProductID 20459505
Lightspeed,20459552,Coke 1.25L,Coke 1.25L,3.6900,can,1,1,each,,stowaway,bo-seed-stowaway,2026-01-01,yes,BO export cost (each); ProductID 20459552
Lightspeed,20459553,Coke Zero 1.25L,Coke Zero 1.25L,3.0900,can,1,1,each,,stowaway,bo-seed-stowaway,2026-01-01,yes,BO export cost (each); ProductID 20459553
Lightspeed,20459532,Status Quo Can D,Status Quo Can D,3.6900,can,1,1,each,,stowaway,bo-seed-stowaway,2026-01-01,yes,BO export cost (each); ProductID 20459532
Lightspeed,20459560,Coke Can,Coke Can,1.8900,can,1,1,each,,stowaway,bo-seed-stowaway,2026-01-01,yes,BO export cost (each); ProductID 20459560
Lightspeed,20459561,Coke Zero Can,Coke Zero Can,1.8900,can,1,1,each,,stowaway,bo-seed-stowaway,2026-01-01,yes,BO export cost (each); ProductID 20459561
Lightspeed,20459554,Solo 1.25L,Solo 1.25L,2.0300,can,1,1,each,,stowaway,bo-seed-stowaway,2026-01-01,yes,BO export cost (each); ProductID 20459554
Lightspeed,20459555,Sprite 1.25L,Sprite 1.25L,4.2654,can,1,1,each,,stowaway,bo-seed-stowaway,2026-01-01,yes,BO export cost (each); ProductID 20459555
Lightspeed,20459564,Sprite Can,Sprite Can,1.4700,can,1,1,each,,stowaway,bo-seed-stowaway,2026-01-01,yes,BO export cost (each); ProductID 20459564
Lightspeed,20459557,Sunkist 1.25L,Sunkist 1.25L,3.7700,can,1,1,each,,stowaway,bo-seed-stowaway,2026-01-01,yes,BO export cost (each); ProductID 20459557
Lightspeed,20464486,Das Juice Pink Pet Nat 750ML,Das Juice Pink Pet Nat,16.5000,,1,750,ml,,stowaway,bo-seed-stowaway,2026-01-01,yes,BO export cost (ml); ProductID 20464486
Lightspeed,20464467,A. Rodda Tempranillo 750ML,A. Rodda Tempranillo,27.8600,,1,750,ml,,stowaway,bo-seed-stowaway,2026-01-01,yes,BO export cost (ml); ProductID 20464467
Lightspeed,20464635,Trutta Streamside Shiraz [Chilled] 750ML,Trutta Streamside Shiraz [Chilled],18.7000,,1,750,ml,,stowaway,bo-seed-stowaway,2026-01-01,yes,BO export cost (ml); ProductID 20464635
Lightspeed,20464639,Domaine Gueguen Chablis 750ML,Domaine Gueguen Chablis,44.7320,,1,750,ml,,stowaway,bo-seed-stowaway,2026-01-01,yes,BO export cost (ml); ProductID 20464639
Lightspeed,20464644,Dormilona Chenin Blanc 750ML,Dormilona Chenin Blanc,20.3500,,1,750,ml,,stowaway,bo-seed-stowaway,2026-01-01,yes,BO export cost (ml); ProductID 20464644
Lightspeed,20464670,Kuku Sauvignon Blanc 750ML,Kuku Sauvignon Blanc,14.5742,,1,750,ml,,stowaway,bo-seed-stowaway,2026-01-01,yes,BO export cost (ml); ProductID 20464670
Lightspeed,20464651,Ottelia Cab Sav 750ML,Ottelia Cab Sav,24.2000,,1,750,ml,,stowaway,bo-seed-stowaway,2026-01-01,yes,BO export cost (ml); ProductID 20464651
Lightspeed,20464662,Padrillos Malbec 750ML,Padrillos Malbec,19.3325,,1,750,ml,,stowaway,bo-seed-stowaway,2026-01-01,yes,BO export cost (ml); ProductID 20464662
Lightspeed,20464656,Glaetzer Anaperenna Shiraz Cab 750ML,Glaetzer Anaperenna Shiraz Cab,37.5000,,1,750,ml,,stowaway,bo-seed-stowaway,2026-01-01,yes,BO export cost (ml); ProductID 20464656
Lightspeed,20464685,Mother's Milk Shiraz 750ML,Mother's Milk Shiraz,16.0817,,1,750,ml,,stowaway,bo-seed-stowaway,2026-01-01,yes,BO export cost (ml); ProductID 20464685
Lightspeed,20464694,Ottelia Chardonnay 750ML,Ottelia Chardonnay,17.2900,,1,750,ml,,stowaway,bo-seed-stowaway,2026-01-01,yes,BO export cost (ml); ProductID 20464694
Lightspeed,20464707,Two Tonne Riesling 750ML,Two Tonne Riesling,17.5800,,1,750,ml,,stowaway,bo-seed-stowaway,2026-01-01,yes,BO export cost (ml); ProductID 20464707
Lightspeed,20466090,Scout Pinot Gris 750ML,Scout Pinot Gris,19.8000,,1,750,ml,,stowaway,bo-seed-stowaway,2026-01-01,yes,BO export cost (ml); ProductID 20466090
Lightspeed,20466083,Ravensworth Skins Gris 750ML,Ravensworth Skins Gris,18.3600,,1,750,ml,,stowaway,bo-seed-stowaway,2026-01-01,yes,BO export cost (ml); ProductID 20466083
Lightspeed,20466095,Sigurd White Blend 750ML,Sigurd White Blend,16.2800,,1,750,ml,,stowaway,bo-seed-stowaway,2026-01-01,yes,BO export cost (ml); ProductID 20466095
Lightspeed,20466106,Petits Detours Rosé Mediterranee 750ML,Petits Detours Rosé Mediterranee,16.4958,,1,750,ml,,stowaway,bo-seed-stowaway,2026-01-01,yes,BO export cost (ml); ProductID 20466106
Lightspeed,20466112,Trentham Estate Rosé 750ML,Trentham Estate Rosé,10.5500,,1,750,ml,,stowaway,bo-seed-stowaway,2026-01-01,yes,BO export cost (ml); ProductID 20466112
Lightspeed,20466120,Version Two Pinot Grigio 750ML,Version Two Pinot Grigio,8.8333,,1,750,ml,,stowaway,bo-seed-stowaway,2026-01-01,yes,BO export cost (ml); ProductID 20466120
Lightspeed,20466100,Sigurd GSM Red Blend 750ML,Sigurd GSM Red Blend,23.1000,,1,750,ml,,stowaway,bo-seed-stowaway,2026-01-01,yes,BO export cost (ml); ProductID 20466100
Lightspeed,20466130,Version Two Sparkling 750ML,Version Two Sparkling,8.8333,,1,750,ml,,stowaway,bo-seed-stowaway,2026-01-01,yes,BO export cost (ml); ProductID 20466130
Lightspeed,20466168,Villa Fresco Sangiovese 750ML,Villa Fresco Sangiovese,12.0600,,1,750,ml,,stowaway,bo-seed-stowaway,2026-01-01,yes,BO export cost (ml); ProductID 20466168
Lightspeed,20467569,A. Rodda Chardonnay 750ML,A. Rodda Chardonnay,37.7000,,1,750,ml,,stowaway,bo-seed-stowaway,2026-01-01,yes,BO export cost (ml); ProductID 20467569
Lightspeed,20467573,Year Wines 'Zagara' Orange 750ML,Year Wines 'Zagara' Orange,17.1100,,1,750,ml,,stowaway,bo-seed-stowaway,2026-01-01,yes,BO export cost (ml); ProductID 20467573
Lightspeed,20484243,1800 Coconut 700ML,1800 Coconut,67.3200,,1,700,ml,,stowaway,bo-seed-stowaway,2026-01-01,yes,BO export cost (ml); ProductID 20484243
Lightspeed,20484279,Amaro Montenegro 700ML,Amaro Montenegro,44.4800,,1,700,ml,,stowaway,bo-seed-stowaway,2026-01-01,yes,BO export cost (ml); ProductID 20484279
Lightspeed,20483544,Bombay Dry 700ML,Bombay Dry,51.7600,,1,700,ml,,stowaway,bo-seed-stowaway,2026-01-01,yes,BO export cost (ml); ProductID 20483544
Lightspeed,20483609,Carpano Classico 750ML,Carpano Classico,23.1700,,1,750,ml,,stowaway,bo-seed-stowaway,2026-01-01,yes,BO export cost (ml); ProductID 20483609
Lightspeed,20483413,Massenez Triple Sec 5000ML,Massenez Triple Sec,359.0000,,1,5000,ml,,stowaway,bo-seed-stowaway,2026-01-01,yes,BO export cost (ml); ProductID 20483413
Lightspeed,20483410,Rooster Rojo Blanco Tequila 700ML,Rooster Rojo Blanco Tequila,51.6617,,1,700,ml,,stowaway,bo-seed-stowaway,2026-01-01,yes,BO export cost (ml); ProductID 20483410
Lightspeed,20484282,Angel's Envy Bourbon 700ML,Angel's Envy Bourbon,89.1400,,1,700,ml,,stowaway,bo-seed-stowaway,2026-01-01,yes,BO export cost (ml); ProductID 20484282
Lightspeed,20484285,Antica Formula Rosso Vermouth 700ML,Antica Formula Rosso Vermouth,64.0200,,1,700,ml,,stowaway,bo-seed-stowaway,2026-01-01,yes,BO export cost (ml); ProductID 20484285
Lightspeed,20484286,Aperol 700ML,Aperol,29.0800,,1,700,ml,,stowaway,bo-seed-stowaway,2026-01-01,yes,BO export cost (ml); ProductID 20484286
Lightspeed,20484292,Archie Rose Signature Gin 750ML,Archie Rose Signature Gin,63.9200,,1,750,ml,,stowaway,bo-seed-stowaway,2026-01-01,yes,BO export cost (ml); ProductID 20484292
Lightspeed,20484304,Bacardi Blanca 700ML,Bacardi Blanca,49.8500,,1,700,ml,,stowaway,bo-seed-stowaway,2026-01-01,yes,BO export cost (ml); ProductID 20484304
Lightspeed,20484685,Bailey's Irish Cream 1L 1000ML,Bailey's Irish Cream 1L,42.3400,,1,1000,ml,,stowaway,bo-seed-stowaway,2026-01-01,yes,BO export cost (ml); ProductID 20484685
Lightspeed,20484688,Balvenie 14yr Caribbean Cask 700ML,Balvenie 14yr Caribbean Cask,117.8100,,1,700,ml,,stowaway,bo-seed-stowaway,2026-01-01,yes,BO export cost (ml); ProductID 20484688
Lightspeed,20484692,Dolin Blanc Vermouth 750ML,Dolin Blanc Vermouth,25.0200,,1,750,ml,,stowaway,bo-seed-stowaway,2026-01-01,yes,BO export cost (ml); ProductID 20484692
Lightspeed,20484689,Joseph Cartron Mango 700ML,Joseph Cartron Mango,45.2000,,1,700,ml,,stowaway,bo-seed-stowaway,2026-01-01,yes,BO export cost (ml); ProductID 20484689
Lightspeed,20484721,Belvedere Vodka 700ML,Belvedere Vodka,61.6600,,1,700,ml,,stowaway,bo-seed-stowaway,2026-01-01,yes,BO export cost (ml); ProductID 20484721
Lightspeed,20484732,Big Sur IPA 50000ML,Big Sur IPA,342.0000,,1,50000,ml,,stowaway,bo-seed-stowaway,2026-01-01,yes,BO export cost (ml); ProductID 20484732
Lightspeed,20484744,Bombay Sapphire 700ML,Bombay Sapphire,48.1900,,1,700,ml,,stowaway,bo-seed-stowaway,2026-01-01,yes,BO export cost (ml); ProductID 20484744
Lightspeed,20484772,Braulio 700ML,Braulio,30.1500,,1,700,ml,,stowaway,bo-seed-stowaway,2026-01-01,yes,BO export cost (ml); ProductID 20484772
Lightspeed,20484779,Brix White Rum 700ML,Brix White Rum,58.0200,,1,700,ml,,stowaway,bo-seed-stowaway,2026-01-01,yes,BO export cost (ml); ProductID 20484779
Lightspeed,20484751,Buffalo Trace Bourbon 700ML,Buffalo Trace Bourbon,52.9500,,1,700,ml,,stowaway,bo-seed-stowaway,2026-01-01,yes,BO export cost (ml); ProductID 20484751
Lightspeed,20484753,Campari 700ML,Campari,41.7900,,1,700,ml,,stowaway,bo-seed-stowaway,2026-01-01,yes,BO export cost (ml); ProductID 20484753
Lightspeed,20484763,Regal Rogue Bold Red Vermouth 5000ML,Regal Rogue Bold Red Vermouth,183.0000,,1,5000,ml,,stowaway,bo-seed-stowaway,2026-01-01,yes,BO export cost (ml); ProductID 20484763
Lightspeed,20484781,Brookie's Byron Dry 700ML,Brookie's Byron Dry,66.2200,,1,700,ml,,stowaway,bo-seed-stowaway,2026-01-01,yes,BO export cost (ml); ProductID 20484781
Lightspeed,20484905,Don Julio 1942 Añejo 700ML,Don Julio 1942 Añejo,234.9300,,1,700,ml,,stowaway,bo-seed-stowaway,2026-01-01,yes,BO export cost (ml); ProductID 20484905
Lightspeed,20484922,Dutshcke Pedro Ximenez 12yr Port 700ML,Dutshcke Pedro Ximenez 12yr Port,30.5300,,1,700,ml,,stowaway,bo-seed-stowaway,2026-01-01,yes,BO export cost (ml); ProductID 20484922
Lightspeed,20484784,Fever-Tree Naturally Light Tonic,Fever-Tree Naturally Light Tonic,4.1100,can,1,1,each,,stowaway,bo-seed-stowaway,2026-01-01,yes,BO export cost (each); ProductID 20484784
Lightspeed,20484805,Hill People Oat Cream 50000ML,Hill People Oat Cream,451.0000,,1,50000,ml,,stowaway,bo-seed-stowaway,2026-01-01,yes,BO export cost (ml); ProductID 20484805
Lightspeed,20484934,Kahlua 1000ML,Kahlua,47.9000,,1,1000,ml,,stowaway,bo-seed-stowaway,2026-01-01,yes,BO export cost (ml); ProductID 20484934
Lightspeed,20484932,Sailor Jerry 700ML,Sailor Jerry,44.4700,,1,700,ml,,stowaway,bo-seed-stowaway,2026-01-01,yes,BO export cost (ml); ProductID 20484932
Lightspeed,20484930,White Light Vodka 20000ML,White Light Vodka,1012.7800,,1,20000,ml,,stowaway,bo-seed-stowaway,2026-01-01,yes,BO export cost (ml); ProductID 20484930
Lightspeed,20484935,Barrel One Coffee Concentrate,Barrel One Coffee Concentrate,15.2600,can,1,1,each,,stowaway,bo-seed-stowaway,2026-01-01,yes,BO export cost (each); ProductID 20484935
Lightspeed,20485266,Bundaberg Ginger Beer 750ML,Bundaberg Ginger Beer,3.3000,,1,750,ml,,stowaway,bo-seed-stowaway,2026-01-01,yes,BO export cost (ml); ProductID 20485266
Lightspeed,20485273,Bunnahabhain 12yr 700ML,Bunnahabhain 12yr,113.3800,,1,700,ml,,stowaway,bo-seed-stowaway,2026-01-01,yes,BO export cost (ml); ProductID 20485273
Lightspeed,20485738,Casamigos Reposado Tequila 700ML,Casamigos Reposado Tequila,75.0000,,1,700,ml,,stowaway,bo-seed-stowaway,2026-01-01,yes,BO export cost (ml); ProductID 20485738
Lightspeed,20485015,Cynar 700ML,Cynar,28.3800,,1,700,ml,,stowaway,bo-seed-stowaway,2026-01-01,yes,BO export cost (ml); ProductID 20485015
Lightspeed,20484956,Fever-Tree Mediterannean Tonic,Fever-Tree Mediterannean Tonic,4.1100,can,1,1,each,,stowaway,bo-seed-stowaway,2026-01-01,yes,BO export cost (each); ProductID 20484956
Lightspeed,20485056,Cri De Couer Pinot Noir 750ML,Cri De Couer Pinot Noir,62.1517,,1,750,ml,,stowaway,bo-seed-stowaway,2026-01-01,yes,BO export cost (ml); ProductID 20485056
Lightspeed,20487270,Angostura Bitters 200ML,Angostura Bitters,20.8900,,1,200,ml,,stowaway,bo-seed-stowaway,2026-01-01,yes,BO export cost (ml); ProductID 20487270
Lightspeed,20487243,Cazcabel Reposado Tequila 700ML,Cazcabel Reposado Tequila,64.4400,,1,700,ml,,stowaway,bo-seed-stowaway,2026-01-01,yes,BO export cost (ml); ProductID 20487243
Lightspeed,20487244,Clairin Vaval 700ML,Clairin Vaval,110.0000,,1,700,ml,,stowaway,bo-seed-stowaway,2026-01-01,yes,BO export cost (ml); ProductID 20487244
Lightspeed,20487234,Cocchi Americano 700ML,Cocchi Americano,52.3200,,1,700,ml,,stowaway,bo-seed-stowaway,2026-01-01,yes,BO export cost (ml); ProductID 20487234
Lightspeed,20487238,Dom Benedictine 700ML,Dom Benedictine,58.0500,,1,700,ml,,stowaway,bo-seed-stowaway,2026-01-01,yes,BO export cost (ml); ProductID 20487238
Lightspeed,20487274,Fernet Branca 700ML,Fernet Branca,65.5800,,1,700,ml,,stowaway,bo-seed-stowaway,2026-01-01,yes,BO export cost (ml); ProductID 20487274
Lightspeed,20487225,Grand Marnier 700ML,Grand Marnier,52.7900,,1,700,ml,,stowaway,bo-seed-stowaway,2026-01-01,yes,BO export cost (ml); ProductID 20487225
Lightspeed,20487237,Mancino Sakura Vermouth 700ML,Mancino Sakura Vermouth,47.4800,,1,700,ml,,stowaway,bo-seed-stowaway,2026-01-01,yes,BO export cost (ml); ProductID 20487237
Lightspeed,20487241,Select Aperitivo 700ML,Select Aperitivo,27.6100,,1,700,ml,,stowaway,bo-seed-stowaway,2026-01-01,yes,BO export cost (ml); ProductID 20487241
Lightspeed,20487298,Alehouse Draught Lager 50000ML,Alehouse Draught Lager,212.4400,,1,50000,ml,,stowaway,bo-seed-stowaway,2026-01-01,yes,BO export cost (ml); ProductID 20487298
Lightspeed,20487313,Alehouse Summer Mid 50000ML,Alehouse Summer Mid,184.9400,,1,50000,ml,,stowaway,bo-seed-stowaway,2026-01-01,yes,BO export cost (ml); ProductID 20487313
Lightspeed,20487276,Flor De Caña 12yr 700ML,Flor De Caña 12yr,71.5900,,1,700,ml,,stowaway,bo-seed-stowaway,2026-01-01,yes,BO export cost (ml); ProductID 20487276
Lightspeed,20487283,Fortaleza Reposado 700ML,Fortaleza Reposado,170.0000,,1,700,ml,,stowaway,bo-seed-stowaway,2026-01-01,yes,BO export cost (ml); ProductID 20487283
Lightspeed,20487286,Four Pillars Bloody Shiraz 750ML,Four Pillars Bloody Shiraz,65.6600,,1,750,ml,,stowaway,bo-seed-stowaway,2026-01-01,yes,BO export cost (ml); ProductID 20487286
Lightspeed,20487289,Four Pillars Olive Leaf 700ML,Four Pillars Olive Leaf,82.5800,,1,700,ml,,stowaway,bo-seed-stowaway,2026-01-01,yes,BO export cost (ml); ProductID 20487289
Lightspeed,20487294,Four Pillars Rare Dry 700ML,Four Pillars Rare Dry,68.8400,,1,700,ml,,stowaway,bo-seed-stowaway,2026-01-01,yes,BO export cost (ml); ProductID 20487294
Lightspeed,20487322,Glendronach 12yr 700ML,Glendronach 12yr,94.5100,,1,700,ml,,stowaway,bo-seed-stowaway,2026-01-01,yes,BO export cost (ml); ProductID 20487322
Lightspeed,20487319,Noilly Prat Dry Vermouth 700ML,Noilly Prat Dry Vermouth,35.6900,,1,700,ml,,stowaway,bo-seed-stowaway,2026-01-01,yes,BO export cost (ml); ProductID 20487319
Lightspeed,20487456,Brookie's Mac. Liqueur 700ML,Brookie's Mac. Liqueur,45.9900,,1,700,ml,,stowaway,bo-seed-stowaway,2026-01-01,yes,BO export cost (ml); ProductID 20487456
Lightspeed,20487328,De Bortoli Gold Seal Dry Red 15000ML,De Bortoli Gold Seal Dry Red,56.4500,,1,15000,ml,,stowaway,bo-seed-stowaway,2026-01-01,yes,BO export cost (ml); ProductID 20487328
Lightspeed,20487325,Glenmorangie Signet 700ML,Glenmorangie Signet,284.4500,,1,700,ml,,stowaway,bo-seed-stowaway,2026-01-01,yes,BO export cost (ml); ProductID 20487325
Lightspeed,20487331,Gospel Solera Rye 700ML,Gospel Solera Rye,71.3300,,1,700,ml,,stowaway,bo-seed-stowaway,2026-01-01,yes,BO export cost (ml); ProductID 20487331
Lightspeed,20487426,Grifter Pale 50000ML,Grifter Pale,292.0500,,1,50000,ml,,stowaway,bo-seed-stowaway,2026-01-01,yes,BO export cost (ml); ProductID 20487426
Lightspeed,20487441,Hakushu 12yr 700ML,Hakushu 12yr,294.7800,,1,700,ml,,stowaway,bo-seed-stowaway,2026-01-01,yes,BO export cost (ml); ProductID 20487441
Lightspeed,20487447,Hartshorn Sheep Whey Vodka 700ML,Hartshorn Sheep Whey Vodka,65.4500,,1,700,ml,,stowaway,bo-seed-stowaway,2026-01-01,yes,BO export cost (ml); ProductID 20487447
Lightspeed,20487459,Harveys Bristol Cream Sherry 700ML,Harveys Bristol Cream Sherry,14.5900,,1,700,ml,,stowaway,bo-seed-stowaway,2026-01-01,yes,BO export cost (ml); ProductID 20487459
Lightspeed,20487472,Hendrick's Gin 700ML,Hendrick's Gin,62.6100,,1,700,ml,,stowaway,bo-seed-stowaway,2026-01-01,yes,BO export cost (ml); ProductID 20487472
Lightspeed,20487484,Herradura Plata 700ML,Herradura Plata,79.2100,,1,700,ml,,stowaway,bo-seed-stowaway,2026-01-01,yes,BO export cost (ml); ProductID 20487484
Lightspeed,20487488,Illegal Reposado Mezcal 700ML,Illegal Reposado Mezcal,102.0500,,1,700,ml,,stowaway,bo-seed-stowaway,2026-01-01,yes,BO export cost (ml); ProductID 20487488
Lightspeed,20487490,Jack Daniels 700ML,Jack Daniels,45.2500,,1,700,ml,,stowaway,bo-seed-stowaway,2026-01-01,yes,BO export cost (ml); ProductID 20487490
Lightspeed,20487512,Jameson Irish Whiskey 700ML,Jameson Irish Whiskey,48.0200,,1,700,ml,,stowaway,bo-seed-stowaway,2026-01-01,yes,BO export cost (ml); ProductID 20487512
Lightspeed,20487523,Johnnie Walker Black 700ML,Johnnie Walker Black,57.2600,,1,700,ml,,stowaway,bo-seed-stowaway,2026-01-01,yes,BO export cost (ml); ProductID 20487523
Lightspeed,20487531,Kraken Rum 700ML,Kraken Rum,49.4300,,1,700,ml,,stowaway,bo-seed-stowaway,2026-01-01,yes,BO export cost (ml); ProductID 20487531
Lightspeed,20487534,Lagavulin 16yr 700ML,Lagavulin 16yr,146.8600,,1,700,ml,,stowaway,bo-seed-stowaway,2026-01-01,yes,BO export cost (ml); ProductID 20487534
Lightspeed,20487538,Laphroaig 10yr 700ML,Laphroaig 10yr,86.9700,,1,700,ml,,stowaway,bo-seed-stowaway,2026-01-01,yes,BO export cost (ml); ProductID 20487538
Lightspeed,20487546,Lost Explorer Espadín Mezcal 700ML,Lost Explorer Espadín Mezcal,64.6700,,1,700,ml,,stowaway,bo-seed-stowaway,2026-01-01,yes,BO export cost (ml); ProductID 20487546
Lightspeed,20487567,Macallan Sherry Oak 12yr 700ML,Macallan Sherry Oak 12yr,137.3400,,1,700,ml,,stowaway,bo-seed-stowaway,2026-01-01,yes,BO export cost (ml); ProductID 20487567
Lightspeed,20487547,Massenez Lychee 5000ML,Massenez Lychee,253.9100,,1,5000,ml,,stowaway,bo-seed-stowaway,2026-01-01,yes,BO export cost (ml); ProductID 20487547
Lightspeed,20487709,Manly Spirits Limoncello 700ML,Manly Spirits Limoncello,45.3300,,1,700,ml,,stowaway,bo-seed-stowaway,2026-01-01,yes,BO export cost (ml); ProductID 20487709
Lightspeed,20487805,Fee Bros Black Walnut Bitters 150ML,Fee Bros Black Walnut Bitters,20.8700,,1,150,ml,,stowaway,bo-seed-stowaway,2026-01-01,yes,BO export cost (ml); ProductID 20487805
Lightspeed,20487793,Massenez Black Cacao 5000ML,Massenez Black Cacao,299.2600,,1,5000,ml,,stowaway,bo-seed-stowaway,2026-01-01,yes,BO export cost (ml); ProductID 20487793
Lightspeed,20487788,Mr Black Coffee Liqueur 700ML,Mr Black Coffee Liqueur,38.2900,,1,700,ml,,stowaway,bo-seed-stowaway,2026-01-01,yes,BO export cost (ml); ProductID 20487788
Lightspeed,20487836,Monkey Shoulder Scotch 700ML,Monkey Shoulder Scotch,55.3200,,1,700,ml,,stowaway,bo-seed-stowaway,2026-01-01,yes,BO export cost (ml); ProductID 20487836
Lightspeed,20487812,Myer's Jamaican Rum 700ML,Myer's Jamaican Rum,61.0600,,1,700,ml,,stowaway,bo-seed-stowaway,2026-01-01,yes,BO export cost (ml); ProductID 20487812
Lightspeed,20487829,Never Never Oyster Shell Gin 700ML,Never Never Oyster Shell Gin,69.5000,,1,700,ml,,stowaway,bo-seed-stowaway,2026-01-01,yes,BO export cost (ml); ProductID 20487829
Lightspeed,20487889,Oscar.697 Bianco Vermouth 700ML,Oscar.697 Bianco Vermouth,42.6700,,1,700,ml,,stowaway,bo-seed-stowaway,2026-01-01,yes,BO export cost (ml); ProductID 20487889
Lightspeed,20487875,Philter Red 50000ML,Philter Red,290.4000,,1,50000,ml,,stowaway,bo-seed-stowaway,2026-01-01,yes,BO export cost (ml); ProductID 20487875
Lightspeed,20487949,Appleton Rum 700ML,Appleton Rum,51.2900,,1,700,ml,,stowaway,bo-seed-stowaway,2026-01-01,yes,BO export cost (ml); ProductID 20487949
Lightspeed,20487897,Oscar.697 Rosso Vermouth 700ML,Oscar.697 Rosso Vermouth,29.3000,,1,700,ml,,stowaway,bo-seed-stowaway,2026-01-01,yes,BO export cost (ml); ProductID 20487897
Lightspeed,20487923,Patron Reposado 700ML,Patron Reposado,80.2500,,1,700,ml,,stowaway,bo-seed-stowaway,2026-01-01,yes,BO export cost (ml); ProductID 20487923
Lightspeed,20487926,Patron Silver 700ML,Patron Silver,75.0300,,1,700,ml,,stowaway,bo-seed-stowaway,2026-01-01,yes,BO export cost (ml); ProductID 20487926
Lightspeed,20487938,Philter XPA 50000ML,Philter XPA,263.1200,,1,50000,ml,,stowaway,bo-seed-stowaway,2026-01-01,yes,BO export cost (ml); ProductID 20487938
Lightspeed,20487946,Plantation 3 Stars White Rum 700ML,Plantation 3 Stars White Rum,60.8300,,1,700,ml,,stowaway,bo-seed-stowaway,2026-01-01,yes,BO export cost (ml); ProductID 20487946
Lightspeed,20487958,Poor Tom's Strawberry Gin 700ML,Poor Tom's Strawberry Gin,66.6100,,1,700,ml,,stowaway,bo-seed-stowaway,2026-01-01,yes,BO export cost (ml); ProductID 20487958
Lightspeed,20487972,Quiquiriqui Mezcal 700ML,Quiquiriqui Mezcal,78.5900,,1,700,ml,,stowaway,bo-seed-stowaway,2026-01-01,yes,BO export cost (ml); ProductID 20487972
Lightspeed,20487977,Redbreast 12yr 700ML,Redbreast 12yr,119.1100,,1,700,ml,,stowaway,bo-seed-stowaway,2026-01-01,yes,BO export cost (ml); ProductID 20487977
Lightspeed,20488005,Zacapa Centenario 23yr 700ML,Zacapa Centenario 23yr,97.1500,,1,700,ml,,stowaway,bo-seed-stowaway,2026-01-01,yes,BO export cost (ml); ProductID 20488005
Lightspeed,20488033,Seadrift Coast 700ML,Seadrift Coast,37.5000,,1,700,ml,,stowaway,bo-seed-stowaway,2026-01-01,yes,BO export cost (ml); ProductID 20488033
Lightspeed,20492640,Chartreuse Yellow 700ML,Chartreuse Yellow,76.0900,,1,700,ml,,stowaway,bo-seed-stowaway,2026-01-01,yes,BO export cost (ml); ProductID 20492640
Lightspeed,20492688,Disaronno 700ML,Disaronno,43.3400,,1,700,ml,,stowaway,bo-seed-stowaway,2026-01-01,yes,BO export cost (ml); ProductID 20492688
Lightspeed,20492689,Domaine de Canton Ginger Liqueur 700ML,Domaine de Canton Ginger Liqueur,48.9400,,1,700,ml,,stowaway,bo-seed-stowaway,2026-01-01,yes,BO export cost (ml); ProductID 20492689
Lightspeed,20492690,Italicus Bergamot Liqueur 700ML,Italicus Bergamot Liqueur,66.4800,,1,700,ml,,stowaway,bo-seed-stowaway,2026-01-01,yes,BO export cost (ml); ProductID 20492690
Lightspeed,20492685,Lyre's Italian Spritz 700ML,Lyre's Italian Spritz,35.7500,,1,700,ml,,stowaway,bo-seed-stowaway,2026-01-01,yes,BO export cost (ml); ProductID 20492685
Lightspeed,20492642,Massenez Wild Strawberry 750ML,Massenez Wild Strawberry,38.0200,,1,750,ml,,stowaway,bo-seed-stowaway,2026-01-01,yes,BO export cost (ml); ProductID 20492642
Lightspeed,20492630,St. Germain Elderflower Liqueur 700ML,St. Germain Elderflower Liqueur,48.9400,,1,700,ml,,stowaway,bo-seed-stowaway,2026-01-01,yes,BO export cost (ml); ProductID 20492630
Lightspeed,20492634,Status Quo 50000ML,Status Quo,365.2000,,1,50000,ml,,stowaway,bo-seed-stowaway,2026-01-01,yes,BO export cost (ml); ProductID 20492634
Lightspeed,20492637,Stone & Wood 50000ML,Stone & Wood,385.1100,,1,50000,ml,,stowaway,bo-seed-stowaway,2026-01-01,yes,BO export cost (ml); ProductID 20492637
Lightspeed,20492687,Vinada Sparking Rosé 750ML,Vinada Sparking Rosé,12.5600,,1,750,ml,,stowaway,bo-seed-stowaway,2026-01-01,yes,BO export cost (ml); ProductID 20492687
Lightspeed,20492707,Chambord 700ML,Chambord,50.7300,,1,700,ml,,stowaway,bo-seed-stowaway,2026-01-01,yes,BO export cost (ml); ProductID 20492707
Lightspeed,20492716,John D. Taylor's Velvet Falernum 700ML,John D. Taylor's Velvet Falernum,34.9900,,1,700,ml,,stowaway,bo-seed-stowaway,2026-01-01,yes,BO export cost (ml); ProductID 20492716
Lightspeed,20492692,Massenez Cacao Blanc 750ML,Massenez Cacao Blanc,47.2700,,1,750,ml,,stowaway,bo-seed-stowaway,2026-01-01,yes,BO export cost (ml); ProductID 20492692
Lightspeed,20492694,Tanqueray 10 700ML,Tanqueray 10,71.9000,,1,700,ml,,stowaway,bo-seed-stowaway,2026-01-01,yes,BO export cost (ml); ProductID 20492694
Lightspeed,20492697,Tequila Ocho Anejo 700ML,Tequila Ocho Anejo,99.0000,,1,700,ml,,stowaway,bo-seed-stowaway,2026-01-01,yes,BO export cost (ml); ProductID 20492697
Lightspeed,20492699,Tilde Raw Vodka 700ML,Tilde Raw Vodka,59.0000,,1,700,ml,,stowaway,bo-seed-stowaway,2026-01-01,yes,BO export cost (ml); ProductID 20492699
Lightspeed,20492701,Tito's Vodka 700ML,Tito's Vodka,61.9300,,1,700,ml,,stowaway,bo-seed-stowaway,2026-01-01,yes,BO export cost (ml); ProductID 20492701
Lightspeed,20492747,Wolf Lane Navy Gin 700ML,Wolf Lane Navy Gin,77.4000,,1,700,ml,,stowaway,bo-seed-stowaway,2026-01-01,yes,BO export cost (ml); ProductID 20492747
Lightspeed,20492750,Wray & Nephew's OR Rumbar OP Rum 700ML,Wray & Nephew's OR Rumbar OP Rum,95.4500,,1,700,ml,,stowaway,bo-seed-stowaway,2026-01-01,yes,BO export cost (ml); ProductID 20492750
Lightspeed,20492757,Cointreau 700ML,Cointreau,49.9500,,1,700,ml,,stowaway,bo-seed-stowaway,2026-01-01,yes,BO export cost (ml); ProductID 20492757
Lightspeed,20496148,Old Panther 50000ML,Old Panther,306.0000,,1,50000,ml,,stowaway,bo-seed-stowaway,2026-01-01,yes,BO export cost (ml); ProductID 20496148
Lightspeed,20492751,Yamazaki 12yr 700ML,Yamazaki 12yr,284.8400,,1,700,ml,,stowaway,bo-seed-stowaway,2026-01-01,yes,BO export cost (ml); ProductID 20492751
Lightspeed,20512419,Brookie's Slow Gin 700ML,Brookie's Slow Gin,57.9400,,1,700,ml,,stowaway,bo-seed-stowaway,2026-01-01,yes,BO export cost (ml); ProductID 20512419
Lightspeed,20512408,Germano Caetano Cachaça 700ML,Germano Caetano Cachaça,44.7800,,1,700,ml,,stowaway,bo-seed-stowaway,2026-01-01,yes,BO export cost (ml); ProductID 20512408
Lightspeed,20512418,Joseph Cartron Apricot Brandy 700ML,Joseph Cartron Apricot Brandy,39.5100,,1,700,ml,,stowaway,bo-seed-stowaway,2026-01-01,yes,BO export cost (ml); ProductID 20512418
Lightspeed,20512429,Lillet Blanc Aperitif 750ML,Lillet Blanc Aperitif,27.8000,,1,750,ml,,stowaway,bo-seed-stowaway,2026-01-01,yes,BO export cost (ml); ProductID 20512429
Lightspeed,20512320,Luxardo Maraschino 700ML,Luxardo Maraschino,51.4200,,1,700,ml,,stowaway,bo-seed-stowaway,2026-01-01,yes,BO export cost (ml); ProductID 20512320
Lightspeed,20512316,Tempus Fugit Violette 700ML,Tempus Fugit Violette,64.0000,,1,700,ml,,stowaway,bo-seed-stowaway,2026-01-01,yes,BO export cost (ml); ProductID 20512316
Lightspeed,20512452,Bols Genever 700ML,Bols Genever,45.3100,,1,700,ml,,stowaway,bo-seed-stowaway,2026-01-01,yes,BO export cost (ml); ProductID 20512452
Lightspeed,20512724,Pimm's Aperitif 700ML,Pimm's Aperitif,35.1700,,1,700,ml,,stowaway,bo-seed-stowaway,2026-01-01,yes,BO export cost (ml); ProductID 20512724
Lightspeed,20512800,St. Remy Brandy 700ML,St. Remy Brandy,38.3200,,1,700,ml,,stowaway,bo-seed-stowaway,2026-01-01,yes,BO export cost (ml); ProductID 20512800
Lightspeed,20645869,Crankshaft IPA 50000ML,Crankshaft IPA,377.3000,,1,50000,ml,,stowaway,bo-seed-stowaway,2026-01-01,yes,BO export cost (ml); ProductID 20645869
Lightspeed,20645881,Veuve Clicquot Yellow Label 750ML,Veuve Clicquot Yellow Label,78.6800,,1,750,ml,,stowaway,bo-seed-stowaway,2026-01-01,yes,BO export cost (ml); ProductID 20645881
Lightspeed,20645909,Dragonfly Grenache 750ML,Dragonfly Grenache,17.3000,,1,750,ml,,stowaway,bo-seed-stowaway,2026-01-01,yes,BO export cost (ml); ProductID 20645909
Lightspeed,20645912,Travelling While Standing Still Gin 700ML,Travelling While Standing Still Gin,90.0000,,1,700,ml,,stowaway,bo-seed-stowaway,2026-01-01,yes,BO export cost (ml); ProductID 20645912
Lightspeed,20645902,Unico Zelo Terra Cotta 750ML,Unico Zelo Terra Cotta,17.9100,,1,750,ml,,stowaway,bo-seed-stowaway,2026-01-01,yes,BO export cost (ml); ProductID 20645902
Lightspeed,20645919,Gosling's Black Rum 700ML,Gosling's Black Rum,63.4800,,1,700,ml,,stowaway,bo-seed-stowaway,2026-01-01,yes,BO export cost (ml); ProductID 20645919
Lightspeed,20655236,Geppetto Pinot Noir 750ML,Geppetto Pinot Noir,17.5608,,1,750,ml,,stowaway,bo-seed-stowaway,2026-01-01,yes,BO export cost (ml); ProductID 20655236
Lightspeed,20655376,De La Grosse Beaujolais 750ML,De La Grosse Beaujolais,34.5800,,1,750,ml,,stowaway,bo-seed-stowaway,2026-01-01,yes,BO export cost (ml); ProductID 20655376
Lightspeed,20710102,Canadian Club 700ML,Canadian Club,40.6300,,1,700,ml,,stowaway,bo-seed-stowaway,2026-01-01,yes,BO export cost (ml); ProductID 20710102
Lightspeed,20710041,Cherry Heering 700ML,Cherry Heering,43.7100,,1,700,ml,,stowaway,bo-seed-stowaway,2026-01-01,yes,BO export cost (ml); ProductID 20710041
Lightspeed,20710023,Frangelico 700ML,Frangelico,33.6700,,1,700,ml,,stowaway,bo-seed-stowaway,2026-01-01,yes,BO export cost (ml); ProductID 20710023
Lightspeed,20709997,Grey Goose 700ML,Grey Goose,60.0600,,1,700,ml,,stowaway,bo-seed-stowaway,2026-01-01,yes,BO export cost (ml); ProductID 20709997
Lightspeed,20727770,Bickfords Raspberry Cordial 700ML,Bickfords Raspberry Cordial,4.6800,,1,700,ml,,stowaway,bo-seed-stowaway,2026-01-01,yes,BO export cost (ml); ProductID 20727770
Lightspeed,20710120,Fireball 700ML,Fireball,44.7600,,1,700,ml,,stowaway,bo-seed-stowaway,2026-01-01,yes,BO export cost (ml); ProductID 20710120
Lightspeed,20727759,Pierre Ferrand Dry Curacao 700ML,Pierre Ferrand Dry Curacao,57.6500,,1,700,ml,,stowaway,bo-seed-stowaway,2026-01-01,yes,BO export cost (ml); ProductID 20727759
Lightspeed,20710158,Tempus Fugit Creme de Banane 700ML,Tempus Fugit Creme de Banane,59.3400,,1,700,ml,,stowaway,bo-seed-stowaway,2026-01-01,yes,BO export cost (ml); ProductID 20710158
Lightspeed,20727779,Bittermen's Tiki Bitters 700ML,Bittermen's Tiki Bitters,26.0300,,1,700,ml,,stowaway,bo-seed-stowaway,2026-01-01,yes,BO export cost (ml); ProductID 20727779
Lightspeed,20727954,De Kuyper Butterscotch Schnapps 700ML,De Kuyper Butterscotch Schnapps,38.0800,,1,700,ml,,stowaway,bo-seed-stowaway,2026-01-01,yes,BO export cost (ml); ProductID 20727954
Lightspeed,20727968,De Kuyper Peach Schnapps 700ML,De Kuyper Peach Schnapps,38.1100,,1,700,ml,,stowaway,bo-seed-stowaway,2026-01-01,yes,BO export cost (ml); ProductID 20727968
Lightspeed,20727873,St. Felix Bitter Aperitivo 700ML,St. Felix Bitter Aperitivo,37.2800,,1,700,ml,,stowaway,bo-seed-stowaway,2026-01-01,yes,BO export cost (ml); ProductID 20727873
Lightspeed,20728902,Casa Gheller Prosecco 750ML,Casa Gheller Prosecco,16.7300,,1,750,ml,,stowaway,bo-seed-stowaway,2026-01-01,yes,BO export cost (ml); ProductID 20728902
Lightspeed,20728346,Sibiliana Nero D'Avola 750ML,Sibiliana Nero D'Avola,16.3400,,1,750,ml,,stowaway,bo-seed-stowaway,2026-01-01,yes,BO export cost (ml); ProductID 20728346
Lightspeed,20729561,Joseph Cartron Creme de Peche 700ML,Joseph Cartron Creme de Peche,41.6200,,1,700,ml,,stowaway,bo-seed-stowaway,2026-01-01,yes,BO export cost (ml); ProductID 20729561
Lightspeed,20786711,Kirin 50000ML,Kirin,444.6700,,1,50000,ml,,stowaway,bo-seed-stowaway,2026-01-01,yes,BO export cost (ml); ProductID 20786711
Lightspeed,20729559,Massenez Framboise Raspberry 750ML,Massenez Framboise Raspberry,41.8200,,1,750,ml,,stowaway,bo-seed-stowaway,2026-01-01,yes,BO export cost (ml); ProductID 20729559
Lightspeed,20729545,Michter's Bourbon 700ML,Michter's Bourbon,104.2600,,1,700,ml,,stowaway,bo-seed-stowaway,2026-01-01,yes,BO export cost (ml); ProductID 20729545
Lightspeed,20961451,Cocchi Chinato 700ML,Cocchi Chinato,59.7300,,1,700,ml,,stowaway,bo-seed-stowaway,2026-01-01,yes,BO export cost (ml); ProductID 20961451
Lightspeed,21019878,Jalapeños,Jalapeños,9.5700,can,1,1,each,,stowaway,bo-seed-stowaway,2026-01-01,yes,BO export cost (each); ProductID 21019878
Lightspeed,21150706,Massenez Creme de Mure 750ML,Massenez Creme de Mure,41.8200,,1,750,ml,,stowaway,bo-seed-stowaway,2026-01-01,yes,BO export cost (ml); ProductID 21150706
Lightspeed,21020214,Organic Vanilla Extract 500ML,Organic Vanilla Extract,29.7000,,1,500,ml,,stowaway,bo-seed-stowaway,2026-01-01,yes,BO export cost (ml); ProductID 21020214
Lightspeed,21299452,Little Dragon Ginger Beer 50000ML,Little Dragon Ginger Beer,476.2010,,1,50000,ml,,stowaway,bo-seed-stowaway,2026-01-01,yes,BO export cost (ml); ProductID 21299452
Lightspeed,21749602,Whispering Angel Rosé 750ML,Whispering Angel Rosé,32.7500,,1,750,ml,,stowaway,bo-seed-stowaway,2026-01-01,yes,BO export cost (ml); ProductID 21749602
Lightspeed,21939293,Little Dragon Can,Little Dragon Can,3.4861,can,1,1,each,,stowaway,bo-seed-stowaway,2026-01-01,yes,BO export cost (each); ProductID 21939293
Lightspeed,21999769,Peroni 0%,Peroni 0%,1.8463,can,1,1,each,,stowaway,bo-seed-stowaway,2026-01-01,yes,BO export cost (each); ProductID 21999769
Lightspeed,22001021,Year Wines Fiano 750ML,Year Wines Fiano,16.5642,,1,750,ml,,stowaway,bo-seed-stowaway,2026-01-01,yes,BO export cost (ml); ProductID 22001021
Lightspeed,22169779,Hine Rare VSOP Cognac 700ML,Hine Rare VSOP Cognac,118.9400,,1,700,ml,,stowaway,bo-seed-stowaway,2026-01-01,yes,BO export cost (ml); ProductID 22169779
Lightspeed,22442023,Dolin Rouge Vermouth 750ML,Dolin Rouge Vermouth,26.1250,,1,750,ml,,stowaway,bo-seed-stowaway,2026-01-01,yes,BO export cost (ml); ProductID 22442023
Lightspeed,22442482,Plantation Original Dark 700ML,Plantation Original Dark,59.1910,,1,700,ml,,stowaway,bo-seed-stowaway,2026-01-01,yes,BO export cost (ml); ProductID 22442482
Lightspeed,22508452,Liquid Nitrogen 10000ML,Liquid Nitrogen,66.4500,,1,10000,ml,,stowaway,bo-seed-stowaway,2026-01-01,yes,BO export cost (ml); ProductID 22508452
Lightspeed,22514091,Truffole Oil 250ML,Truffole Oil,18.5000,,1,250,ml,,stowaway,bo-seed-stowaway,2026-01-01,yes,BO export cost (ml); ProductID 22514091
Lightspeed,22533121,Lime Juice 2000ML,Lime Juice,16.5000,,1,2000,ml,,stowaway,bo-seed-stowaway,2026-01-01,yes,BO export cost (ml); ProductID 22533121
Lightspeed,22575956,818 Tequila Blanco 700ML,818 Tequila Blanco,78.3300,,1,700,ml,,stowaway,bo-seed-stowaway,2026-01-01,yes,BO export cost (ml); ProductID 22575956
Lightspeed,22575957,Don Julio Blanco 700ML,Don Julio Blanco,74.4800,,1,700,ml,,stowaway,bo-seed-stowaway,2026-01-01,yes,BO export cost (ml); ProductID 22575957
Lightspeed,22614115,Fortaleza Añejo 700ML,Fortaleza Añejo,182.6700,,1,700,ml,,stowaway,bo-seed-stowaway,2026-01-01,yes,BO export cost (ml); ProductID 22614115
Lightspeed,22614595,Hard Rated Can,Hard Rated Can,3.9600,can,1,1,each,,stowaway,bo-seed-stowaway,2026-01-01,yes,BO export cost (each); ProductID 22614595
Lightspeed,22684315,Massenez Elderflower 5000ML,Massenez Elderflower,253.0000,,1,5000,ml,,stowaway,bo-seed-stowaway,2026-01-01,yes,BO export cost (ml); ProductID 22684315
Lightspeed,22843720,East Coast Grapefruit 2000ML,East Coast Grapefruit,5.9400,,1,2000,ml,,stowaway,bo-seed-stowaway,2026-01-01,yes,BO export cost (ml); ProductID 22843720
Lightspeed,22843990,Coco Lopez,Coco Lopez,12.0000,can,1,1,each,,stowaway,bo-seed-stowaway,2026-01-01,yes,BO export cost (each); ProductID 22843990
Lightspeed,22844065,East Coast Apple Juice 2000ML,East Coast Apple Juice,6.6000,,1,2000,ml,,stowaway,bo-seed-stowaway,2026-01-01,yes,BO export cost (ml); ProductID 22844065
Lightspeed,22844068,East Coast Cranberry Juice 2000ML,East Coast Cranberry Juice,8.1400,,1,2000,ml,,stowaway,bo-seed-stowaway,2026-01-01,yes,BO export cost (ml); ProductID 22844068
Lightspeed,22844123,East Coast Orange Juice 2000ML,East Coast Orange Juice,5.6000,,1,2000,ml,,stowaway,bo-seed-stowaway,2026-01-01,yes,BO export cost (ml); ProductID 22844123
Lightspeed,22865362,Ancho Reyes Chilli Liqueur 700ML,Ancho Reyes Chilli Liqueur,68.6700,,1,700,ml,,stowaway,bo-seed-stowaway,2026-01-01,yes,BO export cost (ml); ProductID 22865362
Lightspeed,22865351,Luxardo Bianco 700ML,Luxardo Bianco,99.9900,,1,700,ml,,stowaway,bo-seed-stowaway,2026-01-01,yes,BO export cost (ml); ProductID 22865351
Lightspeed,22931792,Hahn Super Dry GF,Hahn Super Dry GF,2.6250,can,1,1,each,,stowaway,bo-seed-stowaway,2026-01-01,yes,BO export cost (each); ProductID 22931792
Lightspeed,22975185,Corn Kernels,Corn Kernels,2.0000,can,1,1,each,,stowaway,bo-seed-stowaway,2026-01-01,yes,BO export cost (each); ProductID 22975185
Lightspeed,22992688,Sour Cream 2000ML,Sour Cream,19.0000,,1,2000,ml,,stowaway,bo-seed-stowaway,2026-01-01,yes,BO export cost (ml); ProductID 22992688
Lightspeed,22995333,Cottonseed Oil Simply 20000ML,Cottonseed Oil Simply,59.0000,,1,20000,ml,,stowaway,bo-seed-stowaway,2026-01-01,yes,BO export cost (ml); ProductID 22995333
Lightspeed,22995360,Sesame Oil Blended Haday 5000ML,Sesame Oil Blended Haday,25.5000,,1,5000,ml,,stowaway,bo-seed-stowaway,2026-01-01,yes,BO export cost (ml); ProductID 22995360
Lightspeed,22995361,Sour Cream Dairy Farmers 2000ML,Sour Cream Dairy Farmers,20.0000,,1,2000,ml,,stowaway,bo-seed-stowaway,2026-01-01,yes,BO export cost (ml); ProductID 22995361
Lightspeed,22995367,White Truffle Oil Sandhurst 250ML,White Truffle Oil Sandhurst,11.4000,,1,250,ml,,stowaway,bo-seed-stowaway,2026-01-01,yes,BO export cost (ml); ProductID 22995367
Lightspeed,23007804,Burger Sauce Birch & Waite 1000ML,Burger Sauce Birch & Waite,15.0000,,1,1000,ml,,stowaway,bo-seed-stowaway,2026-01-01,yes,BO export cost (ml); ProductID 23007804
Lightspeed,23038908,Patron XO Cafe 700ML,Patron XO Cafe,79.5400,,1,700,ml,,stowaway,bo-seed-stowaway,2026-01-01,yes,BO export cost (ml); ProductID 23038908
Lightspeed,23038907,Wonderfoam 700ML,Wonderfoam,47.5000,,1,700,ml,,stowaway,bo-seed-stowaway,2026-01-01,yes,BO export cost (ml); ProductID 23038907
Lightspeed,23114865,Aether Vodka 700ML,Aether Vodka,58.7900,,1,700,ml,,stowaway,bo-seed-stowaway,2026-01-01,yes,BO export cost (ml); ProductID 23114865
Lightspeed,23040879,Ice Cream Gold Label Vanilla 4000ML,Ice Cream Gold Label Vanilla,12.5000,,1,4000,ml,,stowaway,bo-seed-stowaway,2026-01-01,yes,BO export cost (ml); ProductID 23040879
Lightspeed,23102996,Omen Stout Nitro 50000ML,Omen Stout Nitro,341.5500,,1,50000,ml,,stowaway,bo-seed-stowaway,2026-01-01,yes,BO export cost (ml); ProductID 23102996
Lightspeed,23120129,La Petite Mort Albarino 2025 750ML,La Petite Mort Albarino 2025,22.8900,,1,750,ml,,stowaway,bo-seed-stowaway,2026-01-01,yes,BO export cost (ml); ProductID 23120129
Lightspeed,23120216,La Petite Mort Rosso 2025 750ML,La Petite Mort Rosso 2025,22.8900,,1,750,ml,,stowaway,bo-seed-stowaway,2026-01-01,yes,BO export cost (ml); ProductID 23120216
Lightspeed,23216243,Guinness 50000ML,Guinness,416.5800,,1,50000,ml,,stowaway,bo-seed-stowaway,2026-01-01,yes,BO export cost (ml); ProductID 23216243
Lightspeed,23244215,400 Conejos Mezcal 700ML,400 Conejos Mezcal,78.0300,,1,700,ml,,stowaway,bo-seed-stowaway,2026-01-01,yes,BO export cost (ml); ProductID 23244215
Lightspeed,23217497,Seppeltsfield Para Grand 10yo Tawny 700ML,Seppeltsfield Para Grand 10yo Tawny,31.3700,,1,700,ml,,stowaway,bo-seed-stowaway,2026-01-01,yes,BO export cost (ml); ProductID 23217497
Lightspeed,23358617,Boronia Marsala,Boronia Marsala,9.4600,can,1,1,each,,stowaway,bo-seed-stowaway,2026-01-01,yes,BO export cost (each); ProductID 23358617
Lightspeed,23358932,San Giorgio Ciampoleto Rosso di Montalcino 2023 750ML,San Giorgio Ciampoleto Rosso di Montalcino 2023,40.7000,,1,750,ml,,stowaway,bo-seed-stowaway,2026-01-01,yes,BO export cost (ml); ProductID 23358932
Lightspeed,23358952,Tiziano Grasso Barolo Briccolina 2019 750ML,Tiziano Grasso Barolo Briccolina 2019,154.0000,,1,750,ml,,stowaway,bo-seed-stowaway,2026-01-01,yes,BO export cost (ml); ProductID 23358952
Lightspeed,20744688,Calle 23 Blanco Tequila 700ML,Calle 23 Blanco Tequila,72.0000,,1,700,ml,,harry_gatos,bo-seed-harry_gatos,2026-01-01,yes,BO export cost (ml); ProductID 20744688
Lightspeed,20750156,Hartshorn Sheep Whey Vodka 700ML,Hartshorn Sheep Whey Vodka,65.4500,,1,700,ml,,harry_gatos,bo-seed-harry_gatos,2026-01-01,yes,BO export cost (ml); ProductID 20750156
Lightspeed,20750171,Michter's Bourbon 700ML,Michter's Bourbon,104.2600,,1,700,ml,,harry_gatos,bo-seed-harry_gatos,2026-01-01,yes,BO export cost (ml); ProductID 20750171
Lightspeed,20691646,Corona,Corona,2.5400,can,1,1,each,,harry_gatos,bo-seed-harry_gatos,2026-01-01,yes,BO export cost (each); ProductID 20691646
Lightspeed,20700620,Palloncino Prosecco 750ML,Palloncino Prosecco,11.5000,,1,750,ml,,harry_gatos,bo-seed-harry_gatos,2026-01-01,yes,BO export cost (ml); ProductID 20700620
Lightspeed,20750115,Barrel One Coffee Concentrate,Barrel One Coffee Concentrate,13.8800,can,1,1,each,,harry_gatos,bo-seed-harry_gatos,2026-01-01,yes,BO export cost (each); ProductID 20750115
Lightspeed,20750164,Joseph Cartron Mango 700ML,Joseph Cartron Mango,45.2000,,1,700,ml,,harry_gatos,bo-seed-harry_gatos,2026-01-01,yes,BO export cost (ml); ProductID 20750164
Lightspeed,20750169,Mac. Liqueur by Brookie's 700ML,Mac. Liqueur by Brookie's,45.9900,,1,700,ml,,harry_gatos,bo-seed-harry_gatos,2026-01-01,yes,BO export cost (ml); ProductID 20750169
Lightspeed,20744439,Bacardi Blanca 700ML,Bacardi Blanca,41.9900,,1,700,ml,,harry_gatos,bo-seed-harry_gatos,2026-01-01,yes,BO export cost (ml); ProductID 20744439
Lightspeed,20744446,Campari 700ML,Campari,35.8500,,1,700,ml,,harry_gatos,bo-seed-harry_gatos,2026-01-01,yes,BO export cost (ml); ProductID 20744446
Lightspeed,20744470,Ron Zacapa 23yr 700ML,Ron Zacapa 23yr,97.1500,,1,700,ml,,harry_gatos,bo-seed-harry_gatos,2026-01-01,yes,BO export cost (ml); ProductID 20744470
Lightspeed,20750165,Lagavulin 16yr,Lagavulin 16yr,146.8600,can,1,1,each,,harry_gatos,bo-seed-harry_gatos,2026-01-01,yes,BO export cost (each); ProductID 20750165
Lightspeed,21750311,Jinro Chamisul - 360ml 360ML,Jinro Chamisul - 360ml,12.1200,,1,360,ml,,harry_gatos,bo-seed-harry_gatos,2026-01-01,yes,BO export cost (ml); ProductID 21750311
Lightspeed,20840007,St. Felix Yuzu Green Tea Spirit 700ML,St. Felix Yuzu Green Tea Spirit,63.2400,,1,700,ml,,harry_gatos,bo-seed-harry_gatos,2026-01-01,yes,BO export cost (ml); ProductID 20840007
Lightspeed,20750154,Gospel Solera Rye,Gospel Solera Rye,71.3300,can,1,1,each,,harry_gatos,bo-seed-harry_gatos,2026-01-01,yes,BO export cost (each); ProductID 20750154
Lightspeed,20700639,Azurescens Pinot Noir 750ML,Azurescens Pinot Noir,14.0000,,1,750,ml,,harry_gatos,bo-seed-harry_gatos,2026-01-01,yes,BO export cost (ml); ProductID 20700639
Lightspeed,20744666,Dolin Rouge Vermouth 750ML,Dolin Rouge Vermouth,23.6700,,1,750,ml,,harry_gatos,bo-seed-harry_gatos,2026-01-01,yes,BO export cost (ml); ProductID 20744666
Lightspeed,20750142,Don Julio 1942 Añejo,Don Julio 1942 Añejo,234.9300,can,1,1,each,,harry_gatos,bo-seed-harry_gatos,2026-01-01,yes,BO export cost (each); ProductID 20750142
Lightspeed,20750267,Bundaberg Ginger beer 750ML,Bundaberg Ginger beer,3.3000,,1,750,ml,,harry_gatos,bo-seed-harry_gatos,2026-01-01,yes,BO export cost (ml); ProductID 20750267
Lightspeed,20750129,Cherry Heering,Cherry Heering,43.7100,can,1,1,each,,harry_gatos,bo-seed-harry_gatos,2026-01-01,yes,BO export cost (each); ProductID 20750129
Lightspeed,20750161,John D. Taylor's Velvet Falernum 700ML,John D. Taylor's Velvet Falernum,34.9900,,1,700,ml,,harry_gatos,bo-seed-harry_gatos,2026-01-01,yes,BO export cost (ml); ProductID 20750161
Lightspeed,20750183,Quiquiriqui Mezcal 700ML,Quiquiriqui Mezcal,78.5900,,1,700,ml,,harry_gatos,bo-seed-harry_gatos,2026-01-01,yes,BO export cost (ml); ProductID 20750183
Lightspeed,20750185,Seadrift Coast,Seadrift Coast,37.5000,can,1,1,each,,harry_gatos,bo-seed-harry_gatos,2026-01-01,yes,BO export cost (each); ProductID 20750185
Lightspeed,20691638,Heaps Normal Quiet XPA,Heaps Normal Quiet XPA,2.4600,can,1,1,each,,harry_gatos,bo-seed-harry_gatos,2026-01-01,yes,BO export cost (each); ProductID 20691638
Lightspeed,21050706,San Pellegrino 500ml,San Pellegrino 500ml,2.3200,can,1,1,each,,harry_gatos,bo-seed-harry_gatos,2026-01-01,yes,BO export cost (each); ProductID 21050706
Lightspeed,22898507,Sesame Oil Heaven Dragon 2000ML,Sesame Oil Heaven Dragon,19.0000,,1,2000,ml,,harry_gatos,bo-seed-harry_gatos,2026-01-01,yes,BO export cost (ml); ProductID 22898507
Lightspeed,20750150,Frangelico 700ML,Frangelico,33.6700,,1,700,ml,,harry_gatos,bo-seed-harry_gatos,2026-01-01,yes,BO export cost (ml); ProductID 20750150
Lightspeed,20744473,Sailor Jerry 700ML,Sailor Jerry,43.7800,,1,700,ml,,harry_gatos,bo-seed-harry_gatos,2026-01-01,yes,BO export cost (ml); ProductID 20744473
Lightspeed,20750114,Balvenie 14yr Caribbean Cask,Balvenie 14yr Caribbean Cask,117.8100,can,1,1,each,,harry_gatos,bo-seed-harry_gatos,2026-01-01,yes,BO export cost (each); ProductID 20750114
Lightspeed,20744442,Belvedere Vodka 700ML,Belvedere Vodka,55.8000,,1,700,ml,,harry_gatos,bo-seed-harry_gatos,2026-01-01,yes,BO export cost (ml); ProductID 20744442
Lightspeed,20750174,Myer's Jamaican Rum 700ML,Myer's Jamaican Rum,61.0600,,1,700,ml,,harry_gatos,bo-seed-harry_gatos,2026-01-01,yes,BO export cost (ml); ProductID 20750174
Lightspeed,20744653,Roku Gin 700ML,Roku Gin,51.6700,,1,700,ml,,harry_gatos,bo-seed-harry_gatos,2026-01-01,yes,BO export cost (ml); ProductID 20744653
Lightspeed,20744471,Rooster Blanco Tequila 700ML,Rooster Blanco Tequila,45.8300,,1,700,ml,,harry_gatos,bo-seed-harry_gatos,2026-01-01,yes,BO export cost (ml); ProductID 20744471
Lightspeed,22995426,Sesame Oil Blended Haday 5000ML,Sesame Oil Blended Haday,25.5000,,1,5000,ml,,harry_gatos,bo-seed-harry_gatos,2026-01-01,yes,BO export cost (ml); ProductID 22995426
Lightspeed,20700634,L'esprit Rosé 750ML,L'esprit Rosé,18.0000,,1,750,ml,,harry_gatos,bo-seed-harry_gatos,2026-01-01,yes,BO export cost (ml); ProductID 20700634
Lightspeed,20750155,Grand Marnier 700ML,Grand Marnier,52.7900,,1,700,ml,,harry_gatos,bo-seed-harry_gatos,2026-01-01,yes,BO export cost (ml); ProductID 20750155
Lightspeed,20744467,Patron Silver 700ML,Patron Silver,80.2500,,1,700,ml,,harry_gatos,bo-seed-harry_gatos,2026-01-01,yes,BO export cost (ml); ProductID 20744467
Lightspeed,20750125,Cazcabel Reposado Tequila 700ML,Cazcabel Reposado Tequila,64.4400,,1,700,ml,,harry_gatos,bo-seed-harry_gatos,2026-01-01,yes,BO export cost (ml); ProductID 20750125
Lightspeed,20747507,Disaronno 700ML,Disaronno,43.3400,,1,700,ml,,harry_gatos,bo-seed-harry_gatos,2026-01-01,yes,BO export cost (ml); ProductID 20747507
Lightspeed,20750119,Brix White Rum 700ML,Brix White Rum,58.0200,,1,700,ml,,harry_gatos,bo-seed-harry_gatos,2026-01-01,yes,BO export cost (ml); ProductID 20750119
Lightspeed,20750193,Tequila Ocho Anejo 700ML,Tequila Ocho Anejo,99.0000,,1,700,ml,,harry_gatos,bo-seed-harry_gatos,2026-01-01,yes,BO export cost (ml); ProductID 20750193
Lightspeed,21750877,Kuromatsu Honjozo 900ML,Kuromatsu Honjozo,61.6000,,1,900,ml,,harry_gatos,bo-seed-harry_gatos,2026-01-01,yes,BO export cost (ml); ProductID 21750877
Lightspeed,20944710,Sapporo 50000ML,Sapporo,370.9860,,1,50000,ml,,harry_gatos,bo-seed-harry_gatos,2026-01-01,yes,BO export cost (ml); ProductID 20944710
Lightspeed,21750316,Jinro Strawberry - 360ml 360ML,Jinro Strawberry - 360ml,11.4300,,1,360,ml,,harry_gatos,bo-seed-harry_gatos,2026-01-01,yes,BO export cost (ml); ProductID 21750316
Lightspeed,21364082,Fuji Blended Whisky 700ML,Fuji Blended Whisky,93.7860,,1,700,ml,,harry_gatos,bo-seed-harry_gatos,2026-01-01,yes,BO export cost (ml); ProductID 21364082
Lightspeed,20744554,Grifter XPA 50000ML,Grifter XPA,261.0000,,1,50000,ml,,harry_gatos,bo-seed-harry_gatos,2026-01-01,yes,BO export cost (ml); ProductID 20744554
Lightspeed,20750132,Cocchi Americano 700ML,Cocchi Americano,52.3200,,1,700,ml,,harry_gatos,bo-seed-harry_gatos,2026-01-01,yes,BO export cost (ml); ProductID 20750132
Lightspeed,20744452,Hakushu 12yr 700ML,Hakushu 12yr,294.7800,,1,700,ml,,harry_gatos,bo-seed-harry_gatos,2026-01-01,yes,BO export cost (ml); ProductID 20744452
Lightspeed,20744462,Monkey Shoulder Scotch 700ML,Monkey Shoulder Scotch,56.1800,,1,700,ml,,harry_gatos,bo-seed-harry_gatos,2026-01-01,yes,BO export cost (ml); ProductID 20744462
Lightspeed,20691651,Asahi 3.5%,Asahi 3.5%,2.1800,can,1,1,each,,harry_gatos,bo-seed-harry_gatos,2026-01-01,yes,BO export cost (each); ProductID 20691651
Lightspeed,20768355,Brookie's Shirl the Pearl 700ML,Brookie's Shirl the Pearl,57.5200,,1,700,ml,,harry_gatos,bo-seed-harry_gatos,2026-01-01,yes,BO export cost (ml); ProductID 20768355
Lightspeed,20750120,Brookie's Byron Dry,Brookie's Byron Dry,66.2200,can,1,1,each,,harry_gatos,bo-seed-harry_gatos,2026-01-01,yes,BO export cost (each); ProductID 20750120
Lightspeed,20750159,Illegal Reposado Mezcal 700ML,Illegal Reposado Mezcal,102.0500,,1,700,ml,,harry_gatos,bo-seed-harry_gatos,2026-01-01,yes,BO export cost (ml); ProductID 20750159
Lightspeed,20744475,St. Germain Elderflower Liqueur 700ML,St. Germain Elderflower Liqueur,48.9400,,1,700,ml,,harry_gatos,bo-seed-harry_gatos,2026-01-01,yes,BO export cost (ml); ProductID 20744475
Lightspeed,20747679,Tempus Fugit Violette,Tempus Fugit Violette,64.0000,can,1,1,each,,harry_gatos,bo-seed-harry_gatos,2026-01-01,yes,BO export cost (each); ProductID 20747679
Lightspeed,20750139,De Kuyper Peach Schnapps 700ML,De Kuyper Peach Schnapps,38.1100,,1,700,ml,,harry_gatos,bo-seed-harry_gatos,2026-01-01,yes,BO export cost (ml); ProductID 20750139
Lightspeed,20700643,Kuku Sauv Blanc 750ML,Kuku Sauv Blanc,13.0000,,1,750,ml,,harry_gatos,bo-seed-harry_gatos,2026-01-01,yes,BO export cost (ml); ProductID 20700643
Lightspeed,20744468,Plantation 3 Stars White Rum 4500ML,Plantation 3 Stars White Rum,60.8300,,1,4500,ml,,harry_gatos,bo-seed-harry_gatos,2026-01-01,yes,BO export cost (ml); ProductID 20744468
Lightspeed,20750124,Carpano Classico,Carpano Classico,23.1700,can,1,1,each,,harry_gatos,bo-seed-harry_gatos,2026-01-01,yes,BO export cost (each); ProductID 20750124
Lightspeed,20744456,Johnnie Walker Black,Johnnie Walker Black,57.2600,can,1,1,each,,harry_gatos,bo-seed-harry_gatos,2026-01-01,yes,BO export cost (each); ProductID 20744456
Lightspeed,20750200,Yamazaki 12yr,Yamazaki 12yr,284.8400,can,1,1,each,,harry_gatos,bo-seed-harry_gatos,2026-01-01,yes,BO export cost (each); ProductID 20750200
Lightspeed,20750180,Pierre Ferrand Dry Curacao 700ML,Pierre Ferrand Dry Curacao,57.6500,,1,700,ml,,harry_gatos,bo-seed-harry_gatos,2026-01-01,yes,BO export cost (ml); ProductID 20750180
Lightspeed,20750189,Stow Vermouth Blend 700ML,Stow Vermouth Blend,41.3400,,1,700,ml,,harry_gatos,bo-seed-harry_gatos,2026-01-01,yes,BO export cost (ml); ProductID 20750189
Lightspeed,20744435,1800 Coconut,1800 Coconut,67.3200,can,1,1,each,,harry_gatos,bo-seed-harry_gatos,2026-01-01,yes,BO export cost (each); ProductID 20744435
Lightspeed,20750187,Select Aperitivo 700ML,Select Aperitivo,27.6100,,1,700,ml,,harry_gatos,bo-seed-harry_gatos,2026-01-01,yes,BO export cost (ml); ProductID 20750187
Lightspeed,20750188,St. Remy Brandy 700ML,St. Remy Brandy,38.3200,,1,700,ml,,harry_gatos,bo-seed-harry_gatos,2026-01-01,yes,BO export cost (ml); ProductID 20750188
Lightspeed,20744437,Aperol 700ML,Aperol,24.1200,,1,700,ml,,harry_gatos,bo-seed-harry_gatos,2026-01-01,yes,BO export cost (ml); ProductID 20744437
Lightspeed,20744444,Bombay Sapphire 700ML,Bombay Sapphire,48.1900,,1,700,ml,,harry_gatos,bo-seed-harry_gatos,2026-01-01,yes,BO export cost (ml); ProductID 20744444
Lightspeed,20744447,Fernet Branca 700ML,Fernet Branca,65.5800,,1,700,ml,,harry_gatos,bo-seed-harry_gatos,2026-01-01,yes,BO export cost (ml); ProductID 20744447
Lightspeed,20750162,Joseph Cartron Apricot Brandy 700ML,Joseph Cartron Apricot Brandy,45.2000,,1,700,ml,,harry_gatos,bo-seed-harry_gatos,2026-01-01,yes,BO export cost (ml); ProductID 20750162
Lightspeed,22918982,Oil Vegetable 20000ML,Oil Vegetable,51.9000,,1,20000,ml,,harry_gatos,bo-seed-harry_gatos,2026-01-01,yes,BO export cost (ml); ProductID 22918982
Lightspeed,20750158,Herradura Plata,Herradura Plata,79.2100,can,1,1,each,,harry_gatos,bo-seed-harry_gatos,2026-01-01,yes,BO export cost (each); ProductID 20750158
Lightspeed,20767725,Trutta Streamside Shiraz [HG] 750ML,Trutta Streamside Shiraz [HG],18.0500,,1,750,ml,,harry_gatos,bo-seed-harry_gatos,2026-01-01,yes,BO export cost (ml); ProductID 20767725
Lightspeed,20750123,Canadian Club 700ML,Canadian Club,40.6300,,1,700,ml,,harry_gatos,bo-seed-harry_gatos,2026-01-01,yes,BO export cost (ml); ProductID 20750123
Lightspeed,20750147,Flor De Caña 12yr,Flor De Caña 12yr,71.5900,can,1,1,each,,harry_gatos,bo-seed-harry_gatos,2026-01-01,yes,BO export cost (each); ProductID 20750147
Lightspeed,20700630,Geppetto Chardonnay 750ML,Geppetto Chardonnay,15.5675,,1,750,ml,,harry_gatos,bo-seed-harry_gatos,2026-01-01,yes,BO export cost (ml); ProductID 20700630
Lightspeed,20750168,Lyre's Italian Spritz,Lyre's Italian Spritz,35.7500,can,1,1,each,,harry_gatos,bo-seed-harry_gatos,2026-01-01,yes,BO export cost (each); ProductID 20750168
Lightspeed,22384136,Little Dragon Ginger Beer Can,Little Dragon Ginger Beer Can,3.3783,can,1,1,each,,harry_gatos,bo-seed-harry_gatos,2026-01-01,yes,BO export cost (each); ProductID 22384136
Lightspeed,20744469,Appleton Rum 700ML,Appleton Rum,51.2900,,1,700,ml,,harry_gatos,bo-seed-harry_gatos,2026-01-01,yes,BO export cost (ml); ProductID 20744469
Lightspeed,20770316,Stone & Wood 50000ML,Stone & Wood,345.4600,,1,50000,ml,,harry_gatos,bo-seed-harry_gatos,2026-01-01,yes,BO export cost (ml); ProductID 20770316
Lightspeed,21925753,Ottelia Cab Sav 750ML,Ottelia Cab Sav,24.2000,,1,750,ml,,harry_gatos,bo-seed-harry_gatos,2026-01-01,yes,BO export cost (ml); ProductID 21925753
Lightspeed,22903033,Tonkatsu Sauce Bulldog 1800ML,Tonkatsu Sauce Bulldog,11.0500,,1,1800,ml,,harry_gatos,bo-seed-harry_gatos,2026-01-01,yes,BO export cost (ml); ProductID 22903033
Lightspeed,20691644,Tsingtao Longneck,Tsingtao Longneck,4.6900,can,1,1,each,,harry_gatos,bo-seed-harry_gatos,2026-01-01,yes,BO export cost (each); ProductID 20691644
Lightspeed,20700625,Esoterico Orange 750ML,Esoterico Orange,13.4300,,1,750,ml,,harry_gatos,bo-seed-harry_gatos,2026-01-01,yes,BO export cost (ml); ProductID 20700625
Lightspeed,22963725,Bickfords Raspberry Cordial 750ML,Bickfords Raspberry Cordial,4.6800,,1,750,ml,,harry_gatos,bo-seed-harry_gatos,2026-01-01,yes,BO export cost (ml); ProductID 22963725
Lightspeed,20744436,Amaro Montenegro 700ML,Amaro Montenegro,44.4800,,1,700,ml,,harry_gatos,bo-seed-harry_gatos,2026-01-01,yes,BO export cost (ml); ProductID 20744436
Lightspeed,20744443,Bombay Dry 700ML,Bombay Dry,41.3000,,1,700,ml,,harry_gatos,bo-seed-harry_gatos,2026-01-01,yes,BO export cost (ml); ProductID 20744443
Lightspeed,20744454,Jack Daniels 700ML,Jack Daniels,45.2500,,1,700,ml,,harry_gatos,bo-seed-harry_gatos,2026-01-01,yes,BO export cost (ml); ProductID 20744454
Lightspeed,20744450,Four Pillars Rare Dry 700ML,Four Pillars Rare Dry,57.2700,,1,700,ml,,harry_gatos,bo-seed-harry_gatos,2026-01-01,yes,BO export cost (ml); ProductID 20744450
Lightspeed,20744458,Kraken Rum 700ML,Kraken Rum,45.9300,,1,700,ml,,harry_gatos,bo-seed-harry_gatos,2026-01-01,yes,BO export cost (ml); ProductID 20744458
Lightspeed,22253061,Nikka Black Whisky 700ML,Nikka Black Whisky,60.4450,,1,700,ml,,harry_gatos,bo-seed-harry_gatos,2026-01-01,yes,BO export cost (ml); ProductID 22253061
Lightspeed,20691649,Philter Old Ale [HG],Philter Old Ale [HG],3.0000,can,1,1,each,,harry_gatos,bo-seed-harry_gatos,2026-01-01,yes,BO export cost (each); ProductID 20691649
Lightspeed,20750146,Fever-Tree Mediterannean Tonic,Fever-Tree Mediterannean Tonic,2.6100,can,1,1,each,,harry_gatos,bo-seed-harry_gatos,2026-01-01,yes,BO export cost (each); ProductID 20750146
Lightspeed,20744466,Patron Reposado 700ML,Patron Reposado,80.2500,,1,700,ml,,harry_gatos,bo-seed-harry_gatos,2026-01-01,yes,BO export cost (ml); ProductID 20744466
Lightspeed,20750198,Wolf Lane Navy Gin 700ML,Wolf Lane Navy Gin,77.4000,,1,700,ml,,harry_gatos,bo-seed-harry_gatos,2026-01-01,yes,BO export cost (ml); ProductID 20750198
Lightspeed,20750192,Tempus Fugit Creme de Banane,Tempus Fugit Creme de Banane,59.3400,can,1,1,each,,harry_gatos,bo-seed-harry_gatos,2026-01-01,yes,BO export cost (each); ProductID 20750192
Lightspeed,20744477,White Light Pure Vodka 20000ML,White Light Pure Vodka,1002.7500,,1,20000,ml,,harry_gatos,bo-seed-harry_gatos,2026-01-01,yes,BO export cost (ml); ProductID 20744477
Lightspeed,22995433,White Truffle Oil Sandhurst 250ML,White Truffle Oil Sandhurst,11.4000,,1,250,ml,,harry_gatos,bo-seed-harry_gatos,2026-01-01,yes,BO export cost (ml); ProductID 22995433
Lightspeed,20747514,Angostura Bitters 200ml 200ML,Angostura Bitters 200ml,1.3400,,1,200,ml,,harry_gatos,bo-seed-harry_gatos,2026-01-01,yes,BO export cost (ml); ProductID 20747514
Lightspeed,20744449,Four Pillars Olive Leaf,Four Pillars Olive Leaf,82.5800,can,1,1,each,,harry_gatos,bo-seed-harry_gatos,2026-01-01,yes,BO export cost (each); ProductID 20744449
Lightspeed,20744453,Hendrick's Gin 700ML,Hendrick's Gin,66.6800,,1,700,ml,,harry_gatos,bo-seed-harry_gatos,2026-01-01,yes,BO export cost (ml); ProductID 20744453
Lightspeed,20750117,Bols Genever 700ML,Bols Genever,45.3100,,1,700,ml,,harry_gatos,bo-seed-harry_gatos,2026-01-01,yes,BO export cost (ml); ProductID 20750117
Lightspeed,20744451,Grey Goose 700ML,Grey Goose,60.0600,,1,700,ml,,harry_gatos,bo-seed-harry_gatos,2026-01-01,yes,BO export cost (ml); ProductID 20744451
Lightspeed,20744663,Hibiki Harmony 700ML,Hibiki Harmony,158.7300,,1,700,ml,,harry_gatos,bo-seed-harry_gatos,2026-01-01,yes,BO export cost (ml); ProductID 20744663
Lightspeed,20750160,Italicus Bergamot Liqueur 700ML,Italicus Bergamot Liqueur,66.4800,,1,700,ml,,harry_gatos,bo-seed-harry_gatos,2026-01-01,yes,BO export cost (ml); ProductID 20750160
Lightspeed,20747682,Luxardo Maraschino 700ML,Luxardo Maraschino,51.4200,,1,700,ml,,harry_gatos,bo-seed-harry_gatos,2026-01-01,yes,BO export cost (ml); ProductID 20747682
Lightspeed,20768432,Saika Junmai Daiginjo 720ML,Saika Junmai Daiginjo,43.9900,,1,720,ml,,harry_gatos,bo-seed-harry_gatos,2026-01-01,yes,BO export cost (ml); ProductID 20768432
Lightspeed,21319585,Hyoketsu Lemon [HG],Hyoketsu Lemon [HG],4.3100,can,1,1,each,,harry_gatos,bo-seed-harry_gatos,2026-01-01,yes,BO export cost (each); ProductID 21319585
Lightspeed,20700650,River Retreat Pinot Grigio 750ML,River Retreat Pinot Grigio,10.0500,,1,750,ml,,harry_gatos,bo-seed-harry_gatos,2026-01-01,yes,BO export cost (ml); ProductID 20700650
Lightspeed,20750145,Fever-Tree Naturally Light Tonic,Fever-Tree Naturally Light Tonic,2.6100,can,1,1,each,,harry_gatos,bo-seed-harry_gatos,2026-01-01,yes,BO export cost (each); ProductID 20750145
Lightspeed,20750175,Never Never Oyster Shell Gin 700ML,Never Never Oyster Shell Gin,69.5000,,1,700,ml,,harry_gatos,bo-seed-harry_gatos,2026-01-01,yes,BO export cost (ml); ProductID 20750175
Lightspeed,22641629,Philter Pale 50000ML,Philter Pale,264.0100,,1,50000,ml,,harry_gatos,bo-seed-harry_gatos,2026-01-01,yes,BO export cost (ml); ProductID 22641629
Lightspeed,22918980,Chilli Sauce Sambal Asli ABC 335ML,Chilli Sauce Sambal Asli ABC,4.5000,,1,335,ml,,harry_gatos,bo-seed-harry_gatos,2026-01-01,yes,BO export cost (ml); ProductID 22918980
Lightspeed,20750167,Lillet Blanc Aperitif 750ML,Lillet Blanc Aperitif,27.8000,,1,750,ml,,harry_gatos,bo-seed-harry_gatos,2026-01-01,yes,BO export cost (ml); ProductID 20750167
Lightspeed,20744644,Joseph Cartron Creme de Peche 700ML,Joseph Cartron Creme de Peche,42.2100,,1,700,ml,,harry_gatos,bo-seed-harry_gatos,2026-01-01,yes,BO export cost (ml); ProductID 20744644
Lightspeed,21925781,Padrillos Malbec 750ML,Padrillos Malbec,17.8200,,1,750,ml,,harry_gatos,bo-seed-harry_gatos,2026-01-01,yes,BO export cost (ml); ProductID 21925781
Lightspeed,20768342,St. Felix Bitter Aperitivo 700ML,St. Felix Bitter Aperitivo,37.2800,,1,700,ml,,harry_gatos,bo-seed-harry_gatos,2026-01-01,yes,BO export cost (ml); ProductID 20768342
Lightspeed,20750149,Fortaleza Añejo,Fortaleza Añejo,182.6700,can,1,1,each,,harry_gatos,bo-seed-harry_gatos,2026-01-01,yes,BO export cost (each); ProductID 20750149
Lightspeed,20750127,Chartreuse Yellow 700ML,Chartreuse Yellow,76.0900,,1,700,ml,,harry_gatos,bo-seed-harry_gatos,2026-01-01,yes,BO export cost (ml); ProductID 20750127
Lightspeed,20768492,Handago Junmai Ginjo 1800ML,Handago Junmai Ginjo,63.3800,,1,1800,ml,,harry_gatos,bo-seed-harry_gatos,2026-01-01,yes,BO export cost (ml); ProductID 20768492
Lightspeed,20750184,Redbreast 12yr,Redbreast 12yr,119.1100,can,1,1,each,,harry_gatos,bo-seed-harry_gatos,2026-01-01,yes,BO export cost (each); ProductID 20750184
Lightspeed,21050703,Sprite Can,Sprite Can,1.4700,can,1,1,each,,harry_gatos,bo-seed-harry_gatos,2026-01-01,yes,BO export cost (each); ProductID 21050703
Lightspeed,20750112,Angel's Envy Bourbon 700ML,Angel's Envy Bourbon,89.1400,,1,700,ml,,harry_gatos,bo-seed-harry_gatos,2026-01-01,yes,BO export cost (ml); ProductID 20750112
Lightspeed,20750140,Dom Benedictine 700ML,Dom Benedictine,58.0500,,1,700,ml,,harry_gatos,bo-seed-harry_gatos,2026-01-01,yes,BO export cost (ml); ProductID 20750140
Lightspeed,20750136,Cynar 700ML,Cynar,28.3800,,1,700,ml,,harry_gatos,bo-seed-harry_gatos,2026-01-01,yes,BO export cost (ml); ProductID 20750136
Lightspeed,20750178,Oscar.697 Bianco Vermouth 700ML,Oscar.697 Bianco Vermouth,42.6700,,1,700,ml,,harry_gatos,bo-seed-harry_gatos,2026-01-01,yes,BO export cost (ml); ProductID 20750178
Lightspeed,20744476,Tanqueray 10 Gin 700ML,Tanqueray 10 Gin,71.9000,,1,700,ml,,harry_gatos,bo-seed-harry_gatos,2026-01-01,yes,BO export cost (ml); ProductID 20744476
Lightspeed,20750195,Tito's Vodka 700ML,Tito's Vodka,61.9300,,1,700,ml,,harry_gatos,bo-seed-harry_gatos,2026-01-01,yes,BO export cost (ml); ProductID 20750195
Lightspeed,20744445,Buffalo Trace Bourbon 700ML,Buffalo Trace Bourbon,48.6500,,1,700,ml,,harry_gatos,bo-seed-harry_gatos,2026-01-01,yes,BO export cost (ml); ProductID 20744445
Lightspeed,20744658,Haku Vodka 700ML,Haku Vodka,46.1800,,1,700,ml,,harry_gatos,bo-seed-harry_gatos,2026-01-01,yes,BO export cost (ml); ProductID 20744658
Lightspeed,20750151,Glendronach 12yr,Glendronach 12yr,94.5100,can,1,1,each,,harry_gatos,bo-seed-harry_gatos,2026-01-01,yes,BO export cost (each); ProductID 20750151
Lightspeed,20750170,Macallan Sherry Oak 12yr 700ML,Macallan Sherry Oak 12yr,137.3400,,1,700,ml,,harry_gatos,bo-seed-harry_gatos,2026-01-01,yes,BO export cost (ml); ProductID 20750170
Lightspeed,22893549,Oil Cottonseed 20000ML,Oil Cottonseed,69.0000,,1,20000,ml,,harry_gatos,bo-seed-harry_gatos,2026-01-01,yes,BO export cost (ml); ProductID 22893549
Lightspeed,20768495,Tengumai Umajan Junmai 1800ML,Tengumai Umajan Junmai,70.9500,,1,1800,ml,,harry_gatos,bo-seed-harry_gatos,2026-01-01,yes,BO export cost (ml); ProductID 20768495
Lightspeed,20904019,Wa no Kokoro Yuzushu 700ML,Wa no Kokoro Yuzushu,33.9200,,1,700,ml,,harry_gatos,bo-seed-harry_gatos,2026-01-01,yes,BO export cost (ml); ProductID 20904019
Lightspeed,20700616,Angas & Bremer Rosé 750ML,Angas & Bremer Rosé,8.7700,,1,750,ml,,harry_gatos,bo-seed-harry_gatos,2026-01-01,yes,BO export cost (ml); ProductID 20700616
Lightspeed,20744460,Mancino Sakura Vermouth 700ML,Mancino Sakura Vermouth,47.2800,,1,700,ml,,harry_gatos,bo-seed-harry_gatos,2026-01-01,yes,BO export cost (ml); ProductID 20744460
Lightspeed,21463469,Massenez Cacao Blanc 750ML,Massenez Cacao Blanc,45.0000,,1,750,ml,,harry_gatos,bo-seed-harry_gatos,2026-01-01,yes,BO export cost (ml); ProductID 21463469
Lightspeed,20750182,Poor Tom's Strawberry Gin 700ML,Poor Tom's Strawberry Gin,71.3600,,1,700,ml,,harry_gatos,bo-seed-harry_gatos,2026-01-01,yes,BO export cost (ml); ProductID 20750182
Lightspeed,20750197,Vinada Sparking Chardonnay 750ML,Vinada Sparking Chardonnay,12.5600,,1,750,ml,,harry_gatos,bo-seed-harry_gatos,2026-01-01,yes,BO export cost (ml); ProductID 20750197
Lightspeed,20700646,From Sundays Shiraz 750ML,From Sundays Shiraz,14.0000,,1,750,ml,,harry_gatos,bo-seed-harry_gatos,2026-01-01,yes,BO export cost (ml); ProductID 20700646
Lightspeed,20750176,Noilly Prat Dry Vermouth 700ML,Noilly Prat Dry Vermouth,35.6900,,1,700,ml,,harry_gatos,bo-seed-harry_gatos,2026-01-01,yes,BO export cost (ml); ProductID 20750176
Lightspeed,21003110,Opihr Spiced Gin 700ML,Opihr Spiced Gin,72.5700,,1,700,ml,,harry_gatos,bo-seed-harry_gatos,2026-01-01,yes,BO export cost (ml); ProductID 21003110
Lightspeed,20744701,Fireball 700ML,Fireball,39.4000,,1,700,ml,,harry_gatos,bo-seed-harry_gatos,2026-01-01,yes,BO export cost (ml); ProductID 20744701
Lightspeed,20750133,Cointreau 700ML,Cointreau,49.9500,,1,700,ml,,harry_gatos,bo-seed-harry_gatos,2026-01-01,yes,BO export cost (ml); ProductID 20750133
Lightspeed,20750118,Braulio 700ML,Braulio,30.1500,,1,700,ml,,harry_gatos,bo-seed-harry_gatos,2026-01-01,yes,BO export cost (ml); ProductID 20750118
Lightspeed,20768523,Massenez Lychee 5000ML,Massenez Lychee,253.9100,,1,5000,ml,,harry_gatos,bo-seed-harry_gatos,2026-01-01,yes,BO export cost (ml); ProductID 20768523
Lightspeed,20744670,Punt e Mes Vermouth 700ML,Punt e Mes Vermouth,38.2700,,1,700,ml,,harry_gatos,bo-seed-harry_gatos,2026-01-01,yes,BO export cost (ml); ProductID 20744670
Lightspeed,22919000,Gado Gado Sauce Ayam 250ML,Gado Gado Sauce Ayam,3.5000,,1,250,ml,,harry_gatos,bo-seed-harry_gatos,2026-01-01,yes,BO export cost (ml); ProductID 22919000
Lightspeed,20750121,Brookie's Slow Gin 700ML,Brookie's Slow Gin,57.9400,,1,700,ml,,harry_gatos,bo-seed-harry_gatos,2026-01-01,yes,BO export cost (ml); ProductID 20750121
Lightspeed,20744464,Mr Black Coffee Liqueur 700ML,Mr Black Coffee Liqueur,40.7000,,1,700,ml,,harry_gatos,bo-seed-harry_gatos,2026-01-01,yes,BO export cost (ml); ProductID 20744464
Lightspeed,20700602,Angas & Bremer Grenache 750ML,Angas & Bremer Grenache,8.7700,,1,750,ml,,harry_gatos,bo-seed-harry_gatos,2026-01-01,yes,BO export cost (ml); ProductID 20700602
Lightspeed,20744457,Kahlúa Coffee Liqueur 700ML,Kahlúa Coffee Liqueur,44.0900,,1,700,ml,,harry_gatos,bo-seed-harry_gatos,2026-01-01,yes,BO export cost (ml); ProductID 20744457
Lightspeed,20744549,Alehouse Premium Lager 50000ML,Alehouse Premium Lager,185.0000,,1,50000,ml,,harry_gatos,bo-seed-harry_gatos,2026-01-01,yes,BO export cost (ml); ProductID 20744549
Lightspeed,20691643,Bintang,Bintang,2.3400,can,1,1,each,,harry_gatos,bo-seed-harry_gatos,2026-01-01,yes,BO export cost (each); ProductID 20691643
Lightspeed,20747701,Chambord 700ML,Chambord,50.7300,,1,700,ml,,harry_gatos,bo-seed-harry_gatos,2026-01-01,yes,BO export cost (ml); ProductID 20747701
Lightspeed,22995400,Cottonseed Oil Simply 20000ML,Cottonseed Oil Simply,59.0000,,1,20000,ml,,harry_gatos,bo-seed-harry_gatos,2026-01-01,yes,BO export cost (ml); ProductID 22995400
Lightspeed,20744455,Jameson Irish Whiskey 700ML,Jameson Irish Whiskey,48.0200,,1,700,ml,,harry_gatos,bo-seed-harry_gatos,2026-01-01,yes,BO export cost (ml); ProductID 20744455
Lightspeed,22995427,Sour Cream Dairy Farmers 2000ML,Sour Cream Dairy Farmers,20.0000,,1,2000,ml,,harry_gatos,bo-seed-harry_gatos,2026-01-01,yes,BO export cost (ml); ProductID 22995427
Lightspeed,20750181,Pimm's Aperitif 700ML,Pimm's Aperitif,35.1700,,1,700,ml,,harry_gatos,bo-seed-harry_gatos,2026-01-01,yes,BO export cost (ml); ProductID 20750181
Lightspeed,20750131,Clairin Vaval,Clairin Vaval,110.0000,can,1,1,each,,harry_gatos,bo-seed-harry_gatos,2026-01-01,yes,BO export cost (each); ProductID 20750131
Lightspeed,20810699,Kunizakari Umeshu 700ML,Kunizakari Umeshu,44.0000,,1,700,ml,,harry_gatos,bo-seed-harry_gatos,2026-01-01,yes,BO export cost (ml); ProductID 20810699
Lightspeed,20744459,Lost Explorer Espadín Mezcal 700ML,Lost Explorer Espadín Mezcal,64.6700,,1,700,ml,,harry_gatos,bo-seed-harry_gatos,2026-01-01,yes,BO export cost (ml); ProductID 20744459
Lightspeed,20744438,Archie Rose Signature Gin 750ML,Archie Rose Signature Gin,63.9200,,1,750,ml,,harry_gatos,bo-seed-harry_gatos,2026-01-01,yes,BO export cost (ml); ProductID 20744438
Lightspeed,20744465,Oscar.697 Rosso Vermouth 700ML,Oscar.697 Rosso Vermouth,29.3000,,1,700,ml,,harry_gatos,bo-seed-harry_gatos,2026-01-01,yes,BO export cost (ml); ProductID 20744465
Lightspeed,20750194,Tilde Raw Vodka 700ML,Tilde Raw Vodka,59.0000,,1,700,ml,,harry_gatos,bo-seed-harry_gatos,2026-01-01,yes,BO export cost (ml); ProductID 20750194
Lightspeed,20750157,Harveys Bristol Cream Sherry 700ML,Harveys Bristol Cream Sherry,14.5900,,1,700,ml,,harry_gatos,bo-seed-harry_gatos,2026-01-01,yes,BO export cost (ml); ProductID 20750157
Lightspeed,22795730,Two Bays GF Rice Lager Can [HG],Two Bays GF Rice Lager Can [HG],4.9900,can,1,1,each,,harry_gatos,bo-seed-harry_gatos,2026-01-01,yes,BO export cost (each); ProductID 22795730
Lightspeed,20750166,Laphroaig 10yr,Laphroaig 10yr,86.9700,can,1,1,each,,harry_gatos,bo-seed-harry_gatos,2026-01-01,yes,BO export cost (each); ProductID 20750166
Lightspeed,20750199,Wray & Nephew's OR Rumbar OP Rum 700ML,Wray & Nephew's OR Rumbar OP Rum,95.4500,,1,700,ml,,harry_gatos,bo-seed-harry_gatos,2026-01-01,yes,BO export cost (ml); ProductID 20750199
Lightspeed,20691647,Kaiju Hazy Pale [HG],Kaiju Hazy Pale [HG],2.2900,can,1,1,each,,harry_gatos,bo-seed-harry_gatos,2026-01-01,yes,BO export cost (each); ProductID 20691647
Lightspeed,20750138,De Kuyper Butterscotch Schnapps 700ML,De Kuyper Butterscotch Schnapps,38.0800,,1,700,ml,,harry_gatos,bo-seed-harry_gatos,2026-01-01,yes,BO export cost (ml); ProductID 20750138
Lightspeed,20750152,Glenmorangie Signet,Glenmorangie Signet,284.4500,can,1,1,each,,harry_gatos,bo-seed-harry_gatos,2026-01-01,yes,BO export cost (each); ProductID 20750152
Lightspeed,21050700,Coke Can,Coke Can,1.8900,can,1,1,each,,harry_gatos,bo-seed-harry_gatos,2026-01-01,yes,BO export cost (each); ProductID 21050700
Lightspeed,20750122,Bunnahabhain 12yr,Bunnahabhain 12yr,113.3800,can,1,1,each,,harry_gatos,bo-seed-harry_gatos,2026-01-01,yes,BO export cost (each); ProductID 20750122
Lightspeed,20750141,Domaine de Canton Ginger Liqueur 700ML,Domaine de Canton Ginger Liqueur,48.9400,,1,700,ml,,harry_gatos,bo-seed-harry_gatos,2026-01-01,yes,BO export cost (ml); ProductID 20750141
Lightspeed,21003109,Jinzu Gin 700ML,Jinzu Gin,76.9100,,1,700,ml,,harry_gatos,bo-seed-harry_gatos,2026-01-01,yes,BO export cost (ml); ProductID 21003109
Lightspeed,20750233,Massenez Triple Sec 5000ML,Massenez Triple Sec,270.0800,,1,5000,ml,,harry_gatos,bo-seed-harry_gatos,2026-01-01,yes,BO export cost (ml); ProductID 20750233
