purchasable_id,ingredient_id,confirmed_by,note
fresh-fruit-team:OSKG,lightspeed:22995945,zak (batched identity review 2026-08-16),fresh-fruit-team:OSKG -> Onion Spanish [10kg]
ilg:115-1844,lightspeed:20445705,zak (batched identity review 2026-08-16),ilg:115-1844 -> Asahi 3.5%
ilg:115-3762,lightspeed:20445701,zak (batched identity review 2026-08-16),ilg:115-3762 -> Corona
ilg:117-4213,lightspeed:20445707,zak (batched identity review 2026-08-16),ilg:117-4213 -> Heaps Normal Tin
ilg:285-0132P,lightspeed:20487294,zak (batched identity review 2026-08-16),ilg:285-0132P -> Four Pillars Rare Dry [Bottle]
ilg:285-1480,lightspeed:20487289,zak (batched identity review 2026-08-16),ilg:285-1480 -> Four Pillars Olive Leaf [Bottle]
ilg:295-3922,lightspeed:20492751,zak (batched identity review 2026-08-16),ilg:295-3922 -> Yamazaki 12yr [Bottle]
ilg:300-0219,lightspeed:20487836,zak (batched identity review 2026-08-16),ilg:300-0219 -> Monkey Shoulder Scotch [Bottle]
ilg:300-0219P,lightspeed:20487836,zak (batched identity review 2026-08-16),ilg:300-0219P -> Monkey Shoulder Scotch [Bottle]
ilg:300-1726,lightspeed:20487567,zak (batched identity review 2026-08-16),ilg:300-1726 -> Macallan Sherry Oak 12yr [Bottle]
ilg:300-6507P,lightspeed:20487534,zak (batched identity review 2026-08-16),ilg:300-6507P -> Lagavulin 16yr [Bottle]
ilg:345-0401,lightspeed:20487949,zak (batched identity review 2026-08-16),ilg:345-0401 -> Appleton Rum [Bottle]
ilg:360-1524P,lightspeed:20484243,zak (batched identity review 2026-08-16),ilg:360-1524P -> 1800 Coconut [Bottle]
ilg:360-2514,lightspeed:20487484,zak (batched identity review 2026-08-16),ilg:360-2514 -> Herradura Plata [Bottle]
ilg:360-3194P,lightspeed:20487923,zak (batched identity review 2026-08-16),ilg:360-3194P -> Patron Reposado [Bottle]
ilg:395-6785P,lightspeed:20484286,zak (batched identity review 2026-08-16),ilg:395-6785P -> Aperol [Bottle]
ilg:405-0957,lightspeed:20487788,zak (batched identity review 2026-08-16),ilg:405-0957 -> Mr Black Coffee Liqueur [Bottle]
ilg:410-3552,lightspeed:20492689,zak (batched identity review 2026-08-16),ilg:410-3552 -> Domaine de Canton Ginger Liqueur [Bottle]
ilg:410-4472,lightspeed:20487225,zak (batched identity review 2026-08-16),ilg:410-4472 -> Grand Marnier [Bottle]
ilg:460-4128,lightspeed:20485266,zak (batched identity review 2026-08-16),ilg:460-4128 -> Bundaberg Ginger Beer [750ml]
lightspeed:20445597,lightspeed:22995945,zak (batched identity review 2026-08-16),Spanish Onion -> Onion Spanish [10kg]
lightspeed:20445807,lightspeed:20487829,zak (batched identity review 2026-08-16),Never Never Oyster Shell Gin -> Never Never Oyster Shell Gin [Bottle]
lightspeed:20445812,lightspeed:20492747,zak (batched identity review 2026-08-16),Wolf Lane Navy Gin -> Wolf Lane Navy Gin [Bottle]
lightspeed:20445814,lightspeed:20487289,zak (batched identity review 2026-08-16),Four Pillars Olive Leaf -> Four Pillars Olive Leaf [Bottle]
lightspeed:20445815,lightspeed:20487294,zak (batched identity review 2026-08-16),Four Pillars Rare Dry -> Four Pillars Rare Dry [Bottle]
lightspeed:20445824,lightspeed:20484243,zak (batched identity review 2026-08-16),1800 Coconut -> 1800 Coconut [Bottle]
lightspeed:20445826,lightspeed:20487484,zak (batched identity review 2026-08-16),Herradura Plata -> Herradura Plata [Bottle]
lightspeed:20445833,lightspeed:20483410,zak (batched identity review 2026-08-16),Rooster Rojo Blanco Tequila [House] -> Rooster Rojo Blanco Tequila [Bottle]
lightspeed:20445839,lightspeed:20492751,zak (batched identity review 2026-08-16),Yamazaki 12yr -> Yamazaki 12yr [Bottle]
lightspeed:20445841,lightspeed:20487567,zak (batched identity review 2026-08-16),Macallan Sherry Oak 12yr -> Macallan Sherry Oak 12yr [Bottle]
lightspeed:20445846,lightspeed:20487534,zak (batched identity review 2026-08-16),Lagavulin 16yr -> Lagavulin 16yr [Bottle]
lightspeed:20445852,lightspeed:20484751,zak (batched identity review 2026-08-16),Buffalo Trace Bourbon [House] -> Buffalo Trace Bourbon [Bottle]
lightspeed:20445855,lightspeed:20487836,zak (batched identity review 2026-08-16),Monkey Shoulder Scotch [House] -> Monkey Shoulder Scotch [Bottle]
lightspeed:20445860,lightspeed:20487949,zak (batched identity review 2026-08-16),Appleton Rum [House] -> Appleton Rum [Bottle]
lightspeed:20445864,lightspeed:20484932,zak (batched identity review 2026-08-16),Sailor Jerry [House] -> Sailor Jerry [700ml]
lightspeed:20445870,lightspeed:20487788,zak (batched identity review 2026-08-16),Mr Black Coffee Liqueur -> Mr Black Coffee Liqueur [Bottle]
lightspeed:20445871,lightspeed:20487225,zak (batched identity review 2026-08-16),Grand Marnier -> Grand Marnier [Bottle]
lightspeed:20445890,lightspeed:20484285,zak (batched identity review 2026-08-16),Antica Formula Rosso Vermouth -> Antica Formula Rosso Vermouth [Bottle]
lightspeed:20445895,lightspeed:20484286,zak (batched identity review 2026-08-16),Aperol -> Aperol [Bottle]
lightspeed:20445917,lightspeed:20485266,zak (batched identity review 2026-08-16),Bundaberg Ginger Beer -> Bundaberg Ginger Beer [750ml]
lightspeed:20691638,lightspeed:20445707,zak (batched identity review 2026-08-16),Heaps Normal Quiet XPA -> Heaps Normal Tin
lightspeed:20691646,lightspeed:20445701,zak (batched identity review 2026-08-16),Corona -> Corona
lightspeed:20691651,lightspeed:20445705,zak (batched identity review 2026-08-16),Asahi 3.5% -> Asahi 3.5%
lightspeed:20744462,lightspeed:20487836,zak (batched identity review 2026-08-16),Monkey Shoulder Scotch [Bottle] -> Monkey Shoulder Scotch [Bottle]
lightspeed:20744464,lightspeed:20487788,zak (batched identity review 2026-08-16),Mr Black Coffee Liqueur [Bottle] -> Mr Black Coffee Liqueur [Bottle]
lightspeed:20744466,lightspeed:20487923,zak (batched identity review 2026-08-16),Patron Reposado [Bottle] -> Patron Reposado [Bottle]
lightspeed:20747514,lightspeed:20487270,zak (batched identity review 2026-08-16),Angostura Bitters - Bottle 200ml -> Angostura Bitters [200ml]
lightspeed:20750141,lightspeed:20492689,zak (batched identity review 2026-08-16),Domaine de Canton Ginger Liqueur [Bottle] -> Domaine de Canton Ginger Liqueur [Bottle]
lightspeed:20750175,lightspeed:20487829,zak (batched identity review 2026-08-16),Never Never Oyster Shell Gin [Bottle] -> Never Never Oyster Shell Gin [Bottle]
lightspeed:20750267,lightspeed:20485266,zak (batched identity review 2026-08-16),Bundaberg Ginger beer [750ml] -> Bundaberg Ginger Beer [750ml]
paramount:10018402,lightspeed:20487829,zak (batched identity review 2026-08-16),paramount:10018402 -> Never Never Oyster Shell Gin [Bottle]
paramount:66366,lightspeed:20487270,zak (batched identity review 2026-08-16),paramount:66366 -> Angostura Bitters [200ml]
paramount:68140,lightspeed:20487949,zak (batched identity review 2026-08-16),paramount:68140 -> Appleton Rum [Bottle]
paramount:78607,lightspeed:20492747,zak (batched identity review 2026-08-16),paramount:78607 -> Wolf Lane Navy Gin [Bottle]
andrews-meat:1890K,lightspeed:22491319,"product_map (verified 2026-08-20 full comb (Zak: comb everything live): BEEF TOPSIDE WAGYU MB8+ @ 0.025000/g vs seed 0.01904; latest INV3436351 2026-08-08. TOPSIDE WAGYU MB8+, the only topside bought (9 invoices))",J.J. Beef [Top Side Kg]
andrews-meat:3000K,lightspeed:22931833,product_map (verified 2026-08-20 full comb (Zak: comb everything live): PORK BONES FROZEN (15-20KG CTN) @ 0.002500/g vs seed 0.0025; latest INV3364687 2026-05-07. exact),Pork Bones [kg]
andrews-meat:3090K,lightspeed:22918962,product_map (name-prefix; seed $0.004000 -> invoice $0.004000/g (+0.0%)),Pork Skin Frozen [kg] 1000g
andrews-meat:3095K,lightspeed:22893540,"product_map (SOLVED by seed-match 2026-08-20: Andrews 3095K PORK BELLY BONELESS $24/kg vs seed $23/kg (4 percent), the ONLY boneless belly bought. Andrews prints S/ON where the record says S/Less — the skin comes off in prep or the record name is the fossil; the price is the same belly)",Pork Belly Boneless S/Less [kg]
australia-wine-spirits:MSN071NV001,lightspeed:20492692,"product_map (comb wave4 2026-08-20: AWS 1719 19 Aug: $47.73/700ml — the record's [750ml] is a fossil, the bottle is 700ml)",Massenez Cacao Blanc [750ml]
australia-wine-spirits:MSN131NV001,lightspeed:20487793,product_map (comb wave4 2026-08-20: AWS 11 Aug: Crm de Cacao (Dark) $293.32/5L bib),Massenez Black Cacao [5L]
australia-wine-spirits:MSN140NV001,lightspeed:22684315,product_map (comb wave4 2026-08-20: AWS 1719 19 Aug: $233.37/5L bib),Massenez Elderflower [5L]
australia-wine-spirits:MSN144NV001,lightspeed:22873696,product_map (comb wave4 2026-08-20: AWS 1719 19 Aug: $296.08/5L bib),Massenez Mango Liqueur [5L Cask]
australian-wine-company:DASJPINK2,lightspeed:20464486,"product_map (declared 2026-08-20 off AWC INV-0698; '$12.95 LUC' printed, WET arithmetic exact; real supplier code)",Das Juice Pink Pet Nat - Bottle
b-e:10677,lightspeed:22992669,product_map (recipe-bridge),Chicken Whole Bird [No.8]
b-e:10737,lightspeed:22995328,product_map (name-prefix; seed $0.006000 -> invoice $0.006000/g (+0.0%)),Chicken Wing Nibble [15kg]
b-e:10796,lightspeed:22480046,product_map (verified: B&E invoice 7051734 2026-08-01 $28.00/kg),Prosciutto Sliced [500g]
b-e:10876,lightspeed:23007639,product_map (name-prefix; seed $0.013500 -> invoice $0.014000/g (+3.7%)),Beef Brisket YG Point End [1kg]
b-e:11605,lightspeed:22514113,product_map (verified 2026-08-20 full comb (Zak: comb everything live): ANTIPASTO - CHARGRILLED EGGPLANT 2KG TUB (4) MEZZAT @ 0.010950/g vs seed 0.012553; latest 6969915 2026-07-16. chargrilled antipasto eggplant),Pizza Eggplant
b-e:12185,lightspeed:22888875,"product_map (verified 2026-08-20 full comb (Zak: comb everything live): VINEGAR - WHITE 20LTR @ 0.000965/ml vs seed 0.001; latest 6534146 2026-04-14. exact; foodlink:103068 also sells it, one supplier per anchor)",Vinegar White 20L Edlyn
b-e:12429,lightspeed:22962975,"product_map (COST $0 ON A REAL QUANTITY. Chicken Marination and Beef Marination each take 50 g of bicarb — it is the velveting agent, not a trace — and both were charged nothing. B&E 12429 'BI - CARB SODA 2KG (6)' is $8.10 the 2 kg bag = $0.004050/g, the most recent of the two real sources; Foodlink 100205 'BICARB SODA 1KG' independently says $0.006900/g. Same order, both per gram, and the recipe lines are per gram. Bridged to the newer.)",bicarb
b-e:12776,lightspeed:20445603,product_map (name-prefix; seed $0.012184 -> invoice $0.012200/g (+0.1%)),Chicken
b-e:12874,lightspeed:22902977,product_map (verified 2026-08-20 bulk bridge (Zak: all live items must have invoices): MSG 1KG (20) @ 0.006900/g vs seed 0.008900 = 0.78x; latest invoice 7007301 2026-07-24. MSG 1KG (20) — both MSG suppliers bridged),MSG Sasa [1kg]
b-e:13466,lightspeed:22491689,"product_map (verified 2026-08-20: 'BACON - CAFE BACON HALF', 14 invoices, weekly through 2026-08-20, $9.50/kg vs seed $6.44/kg. This settles the bulk run's REJECTED gulli Zammit bridge the right way round: Gulli's cafe bacon was bought twice in April and B&E's weekly since — the weekly buy is the identity, per Zak. Bacon on every pizza was under-costed 47%.)",Bacon pizza [5Kg]
b-e:14048,lightspeed:20445610,product_map (verified 2026-08-20 bulk bridge (Zak: all live items must have invoices): SALAMI - HALAL PEPPERONI @ 0.013800/g vs seed 0.016333 = 0.84x; latest invoice 6488996 2026-04-02. SALAMI - HALAL PEPPERONI — both pepperoni suppliers bridged),Pepperoni
b-e:14127,lightspeed:22995367,product_map (zak-confirmed method 2026-08-18; line-by-line identity review),White Truffle Oil Sandhurst [250ml]
b-e:14580,lightspeed:22514322,product_map (recipe-bridge),Pizza Tomato Sauce
b-e:14591,lightspeed:22996511,product_map (verified 2026-08-20 full comb: FZ PIZZA - GLUTEN FREE @ 4.437500/ea vs seed 4.437500; latest 7146655 2026-08-20. FZ GF pizza base; the 20-ea pack override (lightspeed:22996461 sibling) was pre-declared 2026-08-02),Pizza Base Gluten Free 11in [10x2 CTN] Letizza
b-e:15555,lightspeed:22888630,"product_map (verified 2026-08-20 bulk bridge (Zak: all live items must have invoices): FZ CHIPS - CRISPY COATED @ 0.004000/g vs seed 0.005316 = 0.75x; latest invoice 7145852 2026-08-20. auto tier: unique candidate, same unit, rate within 0.6-1.67x)",Farm Frites Crispy Coated 10mm [2.5kg]
b-e:16058,lightspeed:22975185,product_map (7118358),Corn Kernels [Tin]
b-e:16223,lightspeed:22562653,product_map (verified 2026-08-20 full comb (Zak: comb everything live): RICE - JASMINE RICE 10KG @ 0.002100/g vs seed 0.0021; latest 7127713 2026-08-18. exact 10kg),Jasmine Rice
b-e:16357,lightspeed:22995361,"product_map (verified 2026-08-20 bulk bridge (Zak: all live items must have invoices): FRESH - SOUR CREAM 2L @ 0.010000/ml vs seed 0.010000 = 1.00x; latest invoice 7146655 2026-08-20. auto tier: unique candidate, same unit, rate within 0.6-1.67x)",Sour Cream Dairy Farmers [2L]
b-e:16632,lightspeed:22888608,product_map (verified 2026-08-20 full comb: CHICKEN BREAST SCHNITZEL @ 0.014500/g vs seed 0.020400; latest 6591416 2026-04-29. same schnitzel; price fell to $14.50/kg),Chicken Schnitzel Breast Crumbed 150g (6kg/Ctn)
b-e:16787,lightspeed:22888695,"product_map (verified 2026-08-20 bulk bridge (Zak: all live items must have invoices): LAMB - LEG ROLLED & @ 0.019500/g vs seed 0.019500 = 1.00x; latest invoice 7058021 2026-08-04. auto tier: unique candidate, same unit, rate within 0.6-1.67x)",Lamb Leg Boned & Rolled Netted [1kg]
b-e:17530,lightspeed:22888647,product_map (recipe-bridge),Mayonnaise Mild Japanese 1kg Kewpie
b-e:17670,lightspeed:22992677,product_map (verified 2026-08-20 full comb (Zak: comb everything live): FRESH PORK - LEG ROAST @ 0.007891/g vs seed 0.01; latest 7118449 2026-08-14. exact),Pork Leg Roast [1KG]
b-e:18120,lightspeed:22931827,product_map (7088605),Noodles Instant Ayam [700g]
b-e:18124,lightspeed:22888819,"product_map (verified 2026-08-20 rock-solid pass: SPICE - SMOKE PAPRIKA 1KG @ 0.016700/g, latest 7118449 2026-08-14. SMOKE PAPRIKA 1KG; per-g, record pack is name drift)",Paprika Smoked Bulk 25kg Galaxy
b-e:18310,lightspeed:22491679,"product_map (verified 2026-08-20: 'CANNED - PINEAPPLE PIZZA', 16 invoices, weekly through 2026-08-20, $2.80/kg vs the seed's $5.95/kg — pizza pineapple was over-seeded 2.1x. The record's name IS the supplier's ('pineapple pizza' = pizza-cut canned pineapple), which the token matcher missed because 'pizza' matched every pizza in the book.)",Pineapple pizza [9Kg]
b-e:18409,lightspeed:22902953,product_map (verified 2026-08-20 bulk bridge (Zak: all live items must have invoices): HONEY 3KG (4) FOODOLOGY @ 0.007300/g vs seed 0.007000 = 1.04x; latest invoice 7100343 2026-08-12. HONEY 3KG (4) FOODOLOGY — both honey suppliers bridged),Honey [kg]
b-e:18484,lightspeed:20445599,"product_map (verified 2026-08-20 rock-solid pass: CANNED - ANCHOVY FILLETS IN OIL 690G(12) SELESTA @ 0.026087/g, latest 6969915 2026-07-16. ANCHOVY FILLETS IN OIL 690G Selesta)",Anchovies
b-e:19626,lightspeed:22480095,product_map (verified 2026-08-20 full comb (Zak: comb everything live): SAUSAGE - MILD SPANISH @ 0.013700/g vs seed 0.01367; latest 7146655 2026-08-20. Pendle mild spanish chorizo 1kg; auto-matcher offered ACHIOTE PASTE — rejected),Chorizo [1Kg]
b-e:19632,lightspeed:22898077,"product_map (verified 2026-08-20 bulk bridge (Zak: all live items must have invoices): BAMBOO SHOOT SLICE A10 @ 0.002233/g vs seed 0.002870 = 0.78x; latest invoice 7135809 2026-08-19. auto tier: unique candidate, same unit, rate within 0.6-1.67x)",Bamboo Shoot Sliced A10 [2.84kg]
b-e:19941,lightspeed:20445586,product_map (verified 2026-08-20 full comb (Zak: comb everything live): FZ VEGETABLES - IQF CORN @ 0.005400/g vs seed 0.005333; latest 7075845 2026-08-06. IQF corn),Corn
b-e:19957,lightspeed:22993651,"product_map (verified 2026-08-20 bulk bridge (Zak: all live items must have invoices): FZ CHIPS - ULTRA SWEET @ 0.008111/g vs seed 0.007229 = 1.12x; latest invoice 7145852 2026-08-20. auto tier: unique candidate, same unit, rate within 0.6-1.67x)",Sweet Potato Chips [1.5KG]
b-e:26598,lightspeed:20445572,"product_map (SOLVED 2026-08-20: HG's generic BBQ record is the Heinz 4L tub B&E bills (26598, 16 May); the $9.84/L seed was 2.1x stale. g/ml 1:1 sauce convention declared on the code)",BBQ Sauce
b-e:27544,lightspeed:22995341,product_map (name-prefix; seed $0.012764 -> invoice $0.012700/g (-0.5%)),Ham Soccerball Sliced Pendle [1kg]
b-e:28057,lightspeed:22898076,"product_map (verified 2026-08-20 bulk bridge (Zak: all live items must have invoices): FZ WHOLE EGG PULP 10KG @ 0.009000/g vs seed 0.009500 = 0.95x; latest invoice 7100343 2026-08-12. auto tier: unique candidate, same unit, rate within 0.6-1.67x)",Egg Whole Pulp Frozen [10kg]
b-e:28087,lightspeed:22523805,product_map (comb 2026-08-20: CHILLI - FLAKE / CRUSHED per-g within band of the $20/kg seed (checked: 0.0137/g on 2026-08-13)),Chilli Flakes
b-e:31030,lightspeed:22888837,"product_map (verified 2026-08-20 full comb (Zak: comb everything live): COOKING SALT 2.5KG (6) @ 0.002320/g vs seed 0.005578; latest 6591416 2026-04-29. same salt, bought as 2.5kg now; per-g)",Salt Cooking 1kg Olssons
bacchus:AB1GREN23,lightspeed:20700602,"product_map (verified 2026-08-20 rock-solid pass: Angas & Bremer Grenache 23 @ 9.6492/bottle, latest INV493375 2026-06-22. invoiced 2026-06-22; +10% real)",Angas & Bremer Grenache - Bottle
bacchus:AB1ROSE25,lightspeed:20700616,"product_map (verified 2026-08-20 rock-solid pass: Angas & Bremer Rose 2025 @ 9.6492/bottle, latest INV492625 2026-06-09. invoiced 2026-06-09)",Angas & Bremer Rosé - Bottle
bacchus:FD2MOTHER 23,lightspeed:20464685,product_map (exact),Mother's Milk Shiraz - Bottle
bacchus:PETDETMEDROSE24,lightspeed:20466106,"product_map (verified 2026-08-20 rock-solid pass: Petit Detour Reserve en Jandem Mediterranee 2024 @ 16.4958/bottle, latest INV494399 2026-07-06. Reserve en Jandem MEDITERRANEE - not the plain PETDETROSE)",Petits Detours Rosé Mediterranee - Bottle
bacchus:TRE1RRPG25,lightspeed:20700650,"product_map (verified 2026-08-20 rock-solid pass: Trentham River Retreat Pinot Grigio 2025 @ 10.0517/bottle, latest INV494398 2026-07-06. 10.0517 vs BO 10.05)",River Retreat Pinot Grigio - Bottle
bacchus:TRE3SROSE25,lightspeed:20466112,"product_map (verified 2026-08-20 rock-solid pass: Trentham The Family Sangiovese Rose 2025 @ 10.5542/bottle, latest INV496615 2026-08-11. Trentham Family Sangiovese Rose; 10.5542 vs BO 10.55)",Trentham Estate Rosé - Bottle
bentspoke-brewing:BCRANKS-K50KV,lightspeed:20645869,product_map (declared 2026-08-20 off BentSpoke 88690 (Dext); monthly standing order),Crankshaft IPA [Keg]
bibendum-wine-co:25451-750,lightspeed:20466083,product_map (declared:25451-750),Ravensworth Skins Gris - Bottle
bibendum-wine-co:25465-750,lightspeed:20464644,product_map (declared:25465-750),Dormilona Chenin Blanc - Bottle
canton-group:DPBBQBUN20,lightspeed:22898083,"product_map (declared 2026-08-20 off Canton INV-5110; (20 PCS) printed on the line, $2.00 incl a bun; codeless supplier, declared code)",BBQ Pork Buns Canton [ea]
canton-group:DPPDSR50,lightspeed:22898084,"product_map (declared 2026-08-20 off Canton INV-5110; (50PCS) printed on the line, $2.00 incl a roll; codeless supplier, declared code)",Peking Duck Spring Rolls Canton [ea]
cellarhand-consulting-pty-ltd:GZASHZC22,lightspeed:20464656,"product_map (verified 2026-08-20 supplier dig (Zak named the suppliers): 22 GLAETZER ANAPERENNA SHIRAZ CABERNET @ 34.8250/bottle, latest 2056851 2026-07-27. 22 GLAETZER ANAPERENNA, $34.825/bottle vs BO $37.50)",Glaetzer Anaperenna Shiraz Cab - Bottle
combined-wines:CCCPN750ML,lightspeed:20485056,product_map (name+price),Cri De Couer Pinot Noir - Bottle
combined-wines:CGCH750ML,lightspeed:20700630,product_map (declared 2026-08-20 off Combined Wines SINV203859 (Dext; PO HARRY GATOS); WET-in net per bottle),Geppetto Chardonnay - Bottle
combined-wines:CGPN750ML,lightspeed:20655236,product_map (name+price),Geppetto Pinot Noir - Bottle
cork-and-co:25TTTRS,lightspeed:20464707,product_map (declared:25TTTRS),Two Tonne Riesling - Bottle
deja-vu-wine-company:KENSAKNV-KK90,lightspeed:21750877,"product_map (declared 2026-08-20 off Deja Vu Dext invoices (the sake supplier, confirmed): LUC 56.00/900ml = seed exact)",Kuromatsu Honjozo [900ml]
deja-vu-wine-company:KUNLQRNV-YUZ,lightspeed:20904019,"product_map (declared 2026-08-20 off Deja Vu Dext invoices (the sake supplier, confirmed): 500ml printed on invoice; BO seed divided the same dollars by 700ml — a real 36% correction)",Wa no Kokoro Yuzushu [Bottle]
deja-vu-wine-company:KUNSAKNV-NU-7,lightspeed:21004391,"product_map (declared 2026-08-20 off Deja Vu Dext invoices (the sake supplier, confirmed): LUC 40.00/720ml = seed exact)",Kunizakari Umeshu [60ml]
deja-vu-wine-company:KUNSAKNV-SJD,lightspeed:20768432,"product_map (declared 2026-08-20 off Deja Vu Dext invoices (the sake supplier, confirmed): LUC 39.99/720ml = seed exact)",Saika Junmai Daiginjo [720ml]
deja-vu-wine-company:TNGSAKNV-UJ18,lightspeed:20768495,"product_map (declared 2026-08-20 off Deja Vu Dext invoices (the sake supplier, confirmed): LUC 64.50/1800ml = seed exact)",Tengumai Umajan Junmai [1.8L]
foodlink:100026,lightspeed:22888616,product_map (name-prefix; seed $0.014600 -> invoice $0.014600/g (+0.0%)),Almond Meal 1kg Natures Secret
foodlink:100034,lightspeed:22888703,product_map (name-prefix; seed $0.022000 -> invoice $0.022000/g (+0.0%)),Almond Slivered 1kg Natures Secret
foodlink:100061,lightspeed:22888705,product_map (verified 2026-08-20 full comb (Zak: comb everything live): APRICOT DRIED 1KG Natures @ 0.024500/g vs seed 0.016; latest SI4493832 2026-07-30. exact; auto-matcher offered WALNUTS — rejected),Apricot Dried 1kg Natures Secret
foodlink:100164,lightspeed:22989447,product_map (recipe-bridge),Heinz BBQ Sauce [4L]
foodlink:100175,lightspeed:22796313,"product_map (verified: Foodlink 'BEANS BLACK WHOLE TIN A10' $8.70/tin is the only black bean actually invoiced. 3 tins x $8.70 = $26.10, exactly the Black Beans Prep line, so the recipe agrees. Was costing off a January BO seed ($3.87/kg) with no invoice behind it.)",Black Beans [7.8kg]
foodlink:100180,lightspeed:22898623,"product_map (OUR BOOK WAS THE WRONG ONE here - the opposite direction to the rest of this batch. The bo-ingredient-seed held $0.025714/g = $9.00 for a 350 g bag, while Foodlink have invoiced the same 'BEANS EDAMAME SOY 350GM' five times at $7.14-$10.86/kg, i.e. $2.50-$3.80 a bag - our seed was 2.4-3.6x ABOVE every invoice we hold. Over-costing is the safe direction, which is why no guard caught it; Fried Rice was carrying $0.77 a serve where the invoice says $0.27. Bridged so the invoice wins the as-of lookup. bo_cost/invoice_cost left blank on purpose: they are a PACK-cost contract and these are per-unit rates, so filling them would trip the Back Office cost guard.)",Beans Edamame Soy Frozen [350g]
foodlink:100272,lightspeed:20445569,product_map (name-prefix; seed $0.018596 -> invoice $0.018000/g (-3.2%)),Bocconcini
foodlink:100346,lightspeed:22888623,product_map (pantry sweep 2026-08-20: Foodlink portal 2026-08-20: BUTTER GIRGAR 1.5KG is code 100346 (a 250GM exists as 100347). Identity bridged; the next invoice prices it),Butter Girgar 1.5kg Mainland
foodlink:100381,lightspeed:22888720,"product_map (pantry sweep 2026-08-20: portal code 100381, price seed-corroborated (see declared_purchases))",Cajun Spice 500Gm Windsor Farm
foodlink:100442,lightspeed:22480144,"product_map (verified 2026-08-20 rock-solid pass: PEPPERS ROASTED RED (CAPSICUM) 2.35KG Marco Polo @ 0.010213/g, latest SI4529423 2026-08-18. ROASTED RED CAPSICUM 2.35KG Marco Polo; per-g)",Char-grilled Caps [4.1Kg]
foodlink:100463,lightspeed:22843745,"product_map (verified 2026-08-20, Zak: 'sugar is from foodlink. bundaberg caster sugar.' SUGAR CASTER 15KG @ $32/15kg = $0.002133/g, 8 invoices, latest SI4520549 2026-08-13, vs BO seed $2.548/kg on a record still named for the old 25kg white. Per-gram bridge; the stale name/pack is cosmetic, the rate is real.)",Bundaberg White Sugar [25kg]
foodlink:100499,lightspeed:22995162,product_map (name-prefix; seed $0.031500 -> invoice $0.031500/g (+0.0%)),Cheese Blue Danish 10X100GM
foodlink:100544,lightspeed:23013739,"product_map (verified 2026-08-20 bulk bridge (Zak: all live items must have invoices): CHEESE PARMESAN SHAVED 1KG Dairy Farmers @ 0.020000/g vs seed 0.020000 = 1.00x; latest invoice SI4485333 2026-07-25. auto tier: unique candidate, same unit, rate within 0.6-1.67x)",Dairy Farmers Shaved Parmesan [1kg]
foodlink:100653,lightspeed:22888732,"product_map (verified 2026-08-20 bulk bridge (Zak: all live items must have invoices): CHIPOTLE CHILLIS A10 IN ADOBE SCE 3KG Faro @ 0.006000/g vs seed 0.006000 = 1.00x; latest invoice SI4442012 2026-07-02. auto tier: unique candidate, same unit, rate within 0.6-1.67x)",Chipotle Chillis A10 In Adobe Sce 3kg Faro
foodlink:100705,lightspeed:22888802,product_map (name-prefix; seed $0.031050 -> invoice $0.031053/g (+0.0%)),Mousse Chocolate 1.9kg Nestle
foodlink:100710,lightspeed:22888733,product_map (name-prefix; seed $0.014500 -> invoice $0.014500/g (+0.0%)),Chocolate Dark 1kg Natures Secret
foodlink:100831,lightspeed:20445539,product_map (invoice-stated pack (6X500GM on SI4457228)),Corn Chips
foodlink:100848,lightspeed:22996486,product_map (name-prefix; seed $0.004600 -> invoice $0.004600/g (+0.0%)),Corn Flour Maize Gluten Free 5kg Edlyn
foodlink:100868,lightspeed:22888746,product_map (verified 2026-08-20 full comb (Zak: comb everything live): CRANBERRIES DRIED 1KG @ 0.012500/g vs seed 0.012; latest SI4472410 2026-07-18. exact),Cranberries Dried 1kg Natures Secret
foodlink:100909,lightspeed:22888748,"product_map (verified 2026-08-20 bulk bridge (Zak: all live items must have invoices): CUMIN GROUND 450GM @ 0.020000/g vs seed 0.014417 = 1.39x; latest invoice SI4511803 2026-08-08. auto tier: unique candidate, same unit, rate within 0.6-1.67x)",Cumin Ground 450Gm Chefs Choice
foodlink:100953,lightspeed:22888856,product_map (name-prefix; seed $0.022933 -> invoice $0.011467/g (-50.0%)),Sugar Demerera 375Gm CSR
foodlink:101113,lightspeed:22995336,product_map (SI4493841),"Flour Tortillas 12"" Plain Mission [72's]"
foodlink:101115,lightspeed:22995337,product_map (SI4423598),"Flour Tortillas 6"" Plain Mission [24x12]"
foodlink:101148,lightspeed:22888747,product_map (verified 2026-08-20 full comb (Zak: comb everything live): CREAM PURE FRESH 2LT Norco @ 0.007450/ml vs seed 0.00745; latest SI4274125 2026-04-01. exact),Cream Pure Fresh 2L Norco
foodlink:101175,lightspeed:22888762,product_map (name-prefix; seed $0.008889 -> invoice $0.008800/g (-1.0%)),Garlic Powder 5kg Galaxy
foodlink:101239,lightspeed:22888768,product_map (name-prefix; seed $0.007861 -> invoice $0.008230/g (+4.7%)),Gravy Mix Rich Brown G/Free 7kg Executive Chef
foodlink:101299,lightspeed:22918968,"product_map (verified 2026-08-20 bulk bridge (Zak: all live items must have invoices): HOI SIN SAUCE 5LB 2.27KG LKK @ 0.004648/g vs seed 0.004648 = 1.00x; latest invoice SI4274123 2026-04-01. auto tier: unique candidate, same unit, rate within 0.6-1.67x)",Hoi Sin Sauce LKK [2.27kg]
foodlink:101525,lightspeed:22888788,product_map (verified 2026-08-20 full comb (Zak: comb everything live): LINSEED ( FLAXSEED ) 1KG @ 0.006500/g vs seed 0.0065; latest SI4472410 2026-07-18. exact),Linseed ( Flaxseed ) 1kg Natures Secret
foodlink:101636,lightspeed:22888650,product_map (recipe-bridge),Milk Fresh Full Cream 2L Norco
foodlink:101670,lightspeed:22918966,"product_map (verified 2026-08-20 rock-solid pass: MIZKAN SEASONING PONZU 1.8L @ 0.016667/ml, latest SI4327021 2026-05-01. MIZKAN PONZU 1.8L - what the kitchen buys; brand drift noted)",Ponzu Dashi Vinegar Uchibori [360mL]
foodlink:101732,lightspeed:22888803,product_map (name-prefix; seed $0.008000 -> invoice $0.010400/g (+30.0%)),Mustard Dijon 2.5kg Masterfoods
foodlink:101831,lightspeed:22893549,product_map (verified 2026-08-20 full comb (Zak: comb everything live): OIL COTTONSEED 20LT Trading @ 0.003450/ml vs seed 0.00345; latest SI4359018 2026-05-18. exact),Oil Cottonseed [20L]
foodlink:101839,lightspeed:22524105,product_map (verified 2026-08-20 full comb (Zak: comb everything live): OIL OLIVE POMACE 4L @ 0.008125/ml vs seed 0.009477; latest SI4500784 2026-08-03. the 4L pomace actually bought; auto-matcher offered SESAME at r=1.002 — rejected),Olive Oil [4L]
foodlink:101841,lightspeed:22898507,"product_map (verified 2026-08-20 bulk bridge (Zak: all live items must have invoices): OIL SESAME 2LT Heaven @ 0.009500/ml vs seed 0.009500 = 1.00x; latest invoice SI4491744 2026-07-29. auto tier: unique candidate, same unit, rate within 0.6-1.67x)",Sesame Oil Heaven Dragon [2L]
foodlink:101846,lightspeed:22514091,"product_map (verified 2026-08-20 bulk bridge (Zak: all live items must have invoices): OIL TRUFFLE BLACK 250ML La @ 0.074000/ml vs seed 0.070000 = 1.06x; latest invoice SI4306093 2026-04-20. auto tier: unique candidate, same unit, rate within 0.6-1.67x)",Truffole Oil [250ml]
foodlink:101929,lightspeed:22888818,"product_map (pantry sweep 2026-08-20: portal code 101929, price seed-corroborated (see declared_purchases))",Paprika Hungarian 500Gm Galaxy
foodlink:102291,lightspeed:22888833,"product_map (verified 2026-08-20 bulk bridge (Zak: all live items must have invoices): QUINOA SEEDS MIX 1KG Galaxy @ 0.009500/g vs seed 0.007600 = 1.25x; latest invoice SI4529423 2026-08-18. auto tier: unique candidate, same unit, rate within 0.6-1.67x)",Quinoa Seeds Mix 1kg Galaxy
foodlink:102473,lightspeed:22888760,product_map (name-prefix; seed $0.009266 -> invoice $0.008553/ml (-7.7%)),Frank's Hot Sauce 1Galln 3.8L Franks
foodlink:102601,lightspeed:22989451,product_map (recipe-bridge),Sunshine Smokey BBQ Sauce [3L]
foodlink:102689,lightspeed:22488943,"product_map (verified 2026-08-20 bulk bridge (Zak: all live items must have invoices): SQUID PINEAPPLE CUT IMP U5 5KG @ 0.011400/g vs seed 0.014000 = 0.81x; latest invoice SI4467596 2026-07-16. auto tier: unique candidate, same unit, rate within 0.6-1.67x)",Pineapple Cut Squid [5kg]
foodlink:102707,lightspeed:22920840,product_map (name-prefix; seed $0.050000 -> invoice $0.050000/g (+0.0%)),Star Anise [200g]
foodlink:102872,lightspeed:22888670,"product_map (verified 2026-08-20 bulk bridge (Zak: all live items must have invoices): TEMPEH 250GM Nutrisoy @ 0.016000/g vs seed 0.016000 = 1.00x; latest invoice SI4343507 2026-05-09. auto tier: unique candidate, same unit, rate within 0.6-1.67x)",Tempeh 250g Nutrisoy
foodlink:102908,lightspeed:22888778,"product_map (verified 2026-08-20 bulk bridge (Zak: all live items must have invoices): ICHIMI TOGARASHI CHILLI PEPPER 300GM Best @ 0.037200/g vs seed 0.037200 = 1.00x; latest invoice SI4418881 2026-06-19. auto tier: unique candidate, same unit, rate within 0.6-1.67x)",Ichimi Togarashi Chilli Pepper 300Gm Best
foodlink:102980,lightspeed:22888868,"product_map (pantry sweep 2026-08-20: portal code 102980, price seed-corroborated (see declared_purchases))",Turmeric Ground 500Gm Chefs Choice
foodlink:103037,lightspeed:22888666,"product_map (PRE-DECLARED 2026-08-20 from the Foodlink portal itself (foodlinkaustralia.com.au, product page 'STOCK POWDER VEGETABLE TIN 2.5KG', Massel, code 103037, GF/vegan). Zak: 'we still use massel vegetable powder stock from foodlink' — and all 370 distinct line descriptions on 173 parsed Foodlink invoices (21 Mar-20 Aug) carry no vegetable stock, so the last tin predates the corpus. No price without a portal login, so NO cost row is created here; the record stays on its $15.33/kg seed. This row is the answer waiting for the question: the day 103037 appears on a Foodlink invoice, its observations land on this id automatically. The corn-chips pre-declaration pattern, applied to a bridge.)",Stock Powder Vegetable Tin 2.5kg Massel
foodlink:103047,lightspeed:22524104,product_map (verified 2026-08-20 full comb (Zak: comb everything live): VINEGAR BALSAMIC 5LT Sandhurst @ 0.004400/ml vs seed 0.00399; latest SI4442012 2026-07-02. exact product+pack),Balsamic Vinegar [5L]
foodlink:103090,lightspeed:22514090,product_map (name-prefix; seed $0.016546 -> invoice $0.016500/g (-0.3%)),Walnuts [1kg]
foodlink:103134,lightspeed:22480112,"product_map (verified 2026-08-20 bulk bridge (Zak: all live items must have invoices): JALAPENO PEPPERS WHOLE 3KG @ 0.004967/g vs seed 0.003137 = 1.58x; latest invoice SI4341122 2026-05-08. auto tier: unique candidate, same unit, rate within 0.6-1.67x)",Jalapenos [3Kg]
foodlink:103153,lightspeed:22514239,"product_map (verified 2026-08-20 bulk bridge (Zak: all live items must have invoices): YEAST FRESH 1KG @ 0.005500/g vs seed 0.005520 = 1.00x; latest invoice SI4533756 2026-08-20. auto tier: unique candidate, same unit, rate within 0.6-1.67x)",Pizza Yeast
foodlink:103169,lightspeed:22874517,"product_map (COST $0 ON A REAL QUANTITY. Shiba Highball pours 10 ml of yuzu and was charged nothing. Foodlink 103169 'JUICE LIME YUZU 1LT Tonami' states its pack in its own name — 1 L at $71.29, so $0.071290/ml — and the recipe line is in ml, so the bases agree without any conversion being assumed. 10 ml is $0.71, which is most of the drink's ingredient cost.)",Yuzu Juice
foodlink:103272,lightspeed:22888618,"product_map (comb 2026-08-20: six-token name identity, ratio 1.000 exact, bought 28 Jul — the recipe-bridge seed existed but no product_map row ever did)",Barramundi Fillets Imp 200/300 S/Off 5kg Trading
foodlink:103383,lightspeed:22888728,"product_map (comb 2026-08-20: the 'next nugget invoice' the class was waiting on ALREADY LANDED — 1 Aug, ratio 1.003; the 6x1kg carton override was declared 19 Aug)",Chicken Nuggets Dinosnacks 6X1Kg Steggles
foodlink:103899,lightspeed:22996505,"product_map (verified 2026-08-20 bulk bridge (Zak: all live items must have invoices): CHEESE BURGER SLICED HI MELT THICK 2.25 KG 96'S Pure Dairy @ 0.017111/g vs seed 0.013636 = 1.25x; latest invoice SI4485333 2026-07-25. auto tier: unique candidate, same unit, rate within 0.6-1.67x)",Cheese Burger Sliced Hi Melt Thick [2.25kg] Pure Dairy
foodlink:103965,lightspeed:22888828,"product_map (comb wave4 2026-08-20: portal 2026-08-20: the Westmont 20kg pail, $115.00)",Pickles Whole Dill 20kg Westmont
foodlink:104378,lightspeed:22898071,product_map (comb wave4 2026-08-20: portal price = seed exactly; declared 2026-08-20),Oyster Sauce Megachef [5.4kg]
foodlink:104407,lightspeed:22888614,product_map (name-prefix; seed $0.013900 -> invoice $0.013900/g (+0.0%)),Achiote Paste 1kg El Yucateco
foodlink:104520,lightspeed:22893550,product_map (name-prefix; seed $0.002100 -> invoice $0.002100/g (+0.0%)),Rice Jasmine Fragrant [20kg]
foodlink:104595,lightspeed:22902961,"product_map (verified 2026-08-20 bulk bridge (Zak: all live items must have invoices): SOY SAUCE TAMARI GENUINE 10LT Spiral @ 0.014500/ml vs seed 0.014000 = 1.04x; latest invoice SI4450767 2026-07-07. auto tier: unique candidate, same unit, rate within 0.6-1.67x)",Soy Sauce Tamari Spiral [10L]
foodlink:105188,lightspeed:23036632,product_map (pantry sweep 2026-08-20: Foodlink portal 2026-08-20: CHIA SEEDS 1KG is code 105188. Identity bridged; the next invoice prices it),Chia Seeds Chefs Choice [1kg]
foodlink:105227,lightspeed:21020214,"product_map (pantry sweep 2026-08-20: portal code 105227, price seed-corroborated (see declared_purchases))",Organic Vanilla Extract [500ml]
foodlink:105644,lightspeed:23040879,product_map (comb 2026-08-20: the 4L tub (override declared 19 Aug) vs the NEWER ice-cream record id; ratio 1.11 (checked: 0.003438/ml on 2026-05-05)),Ice Cream Gold Label Vanilla [4L]
foodlink:105844,lightspeed:22888719,"product_map (verified 2026-08-20 bulk bridge (Zak: all live items must have invoices): BUTTER UNSALTED 1KG @ 0.017900/g vs seed 0.021000 = 0.85x; latest invoice SI4493837 2026-07-30. auto tier: unique candidate, same unit, rate within 0.6-1.67x)",Butter Unsalted 500Gm Devondale
foodlink:106022,lightspeed:23007804,"product_map (verified 2026-08-20 bulk bridge (Zak: all live items must have invoices): BURGER SAUCE PREMIUM 1LT Birch & Waite @ 0.015000/ml vs seed 0.015000 = 1.00x; latest invoice SI4457216 2026-07-10. auto tier: unique candidate, same unit, rate within 0.6-1.67x)",Burger Sauce Birch & Waite [1L]
foodlink:106428,lightspeed:22902977,product_map (verified 2026-08-20 bulk bridge (Zak: all live items must have invoices): MONOTARIUM GLUTAMAT 1KG MSG @ 0.008900/g vs seed 0.008900 = 1.00x; latest invoice SI4312726 2026-04-23. MONOTARIUM GLUTAMAT 1KG MSG — both suppliers bridged),MSG Sasa [1kg]
foodlink:106504,lightspeed:22902937,product_map (name-prefix; seed $0.011918 -> invoice $0.010971/ml (-7.9%)),Sriracha [730mL]
foodlink:107039,lightspeed:22962728,product_map (zak-confirmed method 2026-08-18; line-by-line identity review),White Miso
foodlink:107146,lightspeed:22888615,product_map (SI4529423),Aioli Garlic Mayonnaise 10kg Birch & Waite
foodlink:107287,lightspeed:22888805,"product_map (pantry sweep 2026-08-20: portal code 107287, price seed-corroborated (see declared_purchases))",Nectar Agave Organic 4L Chefs Choice
foodlink:107435,lightspeed:22888660,product_map (pantry sweep 2026-08-20: Foodlink portal 2026-08-20: PRESERVED LEMON 350GM is code 107435 (a 4KG exists as 109739). Identity bridged; the next invoice prices it),Preserved Lemon 350g Chefs Choice
foodlink:107707,lightspeed:22902964,"product_map (verified 2026-08-20 bulk bridge (Zak: all live items must have invoices): KOREAN CHILLI POWDER COARSE 1KG Bong Chef @ 0.016000/g vs seed 0.016000 = 1.00x; latest invoice SI4418908 2026-06-19. auto tier: unique candidate, same unit, rate within 0.6-1.67x)",Chilli Powder Korean Coarse [kg]
foodlink:108823,lightspeed:23036892,product_map (pantry sweep 2026-08-20: Foodlink portal 2026-08-20: NACHO CHEESE A10 is code 108823. Identity bridged; the next invoice prices it),Nacho Cheese A10 [3kg]
foodlink:108970,lightspeed:22988218,product_map (name-prefix; seed $0.015091 -> invoice $0.015000/g (-0.6%)),Cheese Mexican Blend Shredded [2kg]
foodlink:109306,lightspeed:22898073,product_map (comb wave4 2026-08-20: portal price = seed exactly; declared 2026-08-20),Soy Sauce Sweet Megachef [4.5L]
foodlink:109778,lightspeed:22523874,"product_map (verified 2026-08-20 rock-solid pass: ZAATAR 500GM @ 0.015000/g, latest SI4493832 2026-07-30. ZAATAR 500GM)",Zaat'ar
foodlink:110315,lightspeed:22533097,product_map (recipe-bridge),Yoghurt Greek Style [1Kg]
franc-about-wine:UNICOESOT23,lightspeed:20700625,product_map (declared 2026-08-20 off Franc About 16 Dec 2025 (Dext); LUC 16.50 vs seed-implied 12.21 — real 35% correction),Esoterico Orange - Bottle
franc-about-wine:UNICOTERRA24,lightspeed:20645902,product_map (declared 2026-08-20 off Franc About 228206 (Dext); LUC 19.90 = seed exact),Unico Zelo Terra Cotta - Bottle
fresh-fruit-team:AH20T,lightspeed:22488995,product_map (name-prefix; seed $25.000000 -> invoice $30.800000/tray (+23.2%)),Avocado [Tray]
fresh-fruit-team:CAULI-EA,lightspeed:22931826,product_map (zak-confirmed 2026-08-18; line-by-line identity review),Cauliflower [ea]
fresh-fruit-team:CBSPACK,lightspeed:22995331,product_map (zak-confirmed 2026-08-18; line-by-line identity review),Corn Baby Sweet [Pack]
fresh-fruit-team:CLKG,lightspeed:22995324,product_map (name-prefix; seed $0.001556 -> invoice $0.001320/g (-15.2%)),Carrot Large [kg]
fresh-fruit-team:CSCB,lightspeed:22995331,product_map (recipe-bridge),Corn Baby Sweet [Pack]
fresh-fruit-team:EFR700DOZ,lightspeed:22995335,product_map (recipe-bridge),Eggs 700 Grams [12x]
fresh-fruit-team:EGL7BX,lightspeed:22995335,product_map (INB00113731),Eggs 700 Grams [12x]
fresh-fruit-team:GINKG,lightspeed:22931835,product_map (name-prefix; seed $0.013200 -> invoice $0.013200/g (+0.0%)),Ginger [kg] 1000g
fresh-fruit-team:GPKG,lightspeed:22995939,"product_map (verified 2026-08-20 bulk bridge: FFT 'Garlic Peeled' @ $3.30/kg, latest INB00115813 2026-08-19, vs BO seed $4.18/kg (0.79x). DELIBERATELY the SECOND peeled-garlic record: select-fresh:PGAR holds 'Peeled Garlic [1Kg]' (22524134). Bridging both suppliers onto ONE anchor created the book's first cross-venue same-day tie (HG bought FFT at $3.30 the same day Stow bought Select Fresh at $5.00) and the venue-preference rule (CostSeries) and the venue-blind cheapest rule (load_our_costs) picked DIFFERENT winners — the live and staged books disagreed about Garlic Oil by 34%. One supplier per anchor until CostObservation.qty is populated and _latest becomes volume-weighted, per its own docstring. The two-identities WARN already tracks the duplicate.)",Garlic Peeled [kg]
fresh-fruit-team:HTBCH,lightspeed:22995345,"product_map (verified 2026-08-20 bulk bridge (Zak: all live items must have invoices): Herb Thyme @ 2.200000/bunch vs seed 1.650000 = 1.33x; latest invoice INB00115735 2026-08-18. auto tier: unique candidate, same unit, rate within 0.6-1.67x)",Herb Thyme [Bunch]
fresh-fruit-team:KITCARSHKG,lightspeed:22995325,product_map (name-prefix; seed $0.003900 -> invoice $0.003900/g (+0.0%)),Carrot Shredded [kg] 1000g
fresh-fruit-team:KITCD5MM,lightspeed:22918959,product_map (name-prefix; seed $0.002900 -> invoice $0.003900/g (+34.5%)),Carrot Diced 5mm [kg] 1000g
fresh-fruit-team:KITCELD5MM,lightspeed:23035273,product_map (name-prefix; seed $0.005900 -> invoice $0.005900/g (+0.0%)),Celery Diced [1kg]
fresh-fruit-team:KITCFKG,lightspeed:22995936,product_map (name-prefix; seed $0.007917 -> invoice $0.007900/g (-0.2%)),Cauliflower Florets [kg]
fresh-fruit-team:KITCGWASKG,lightspeed:20445584,product_map (name-prefix; seed $0.008658 -> invoice $0.009800/g (+13.2%)),Capsicum
fresh-fruit-team:KITLMWASKG,lightspeed:22995349,product_map (name-prefix; seed $0.011714 -> invoice $0.018000/g (+53.7%)),Lettuce Mesculin [1.5kg]
fresh-fruit-team:KITPPKG,lightspeed:22995357,product_map (verified 2026-08-20 full comb (Zak: comb everything live): Potato Peeled @ 0.003600/g vs seed 0.0036; latest INB00115813 2026-08-19. exact r=1.0),Potato Peeled [kg]
fresh-fruit-team:KITPUD5MM,lightspeed:20445593,product_map (name-prefix; seed $0.004283 -> invoice $0.004900/g (+14.4%)),Pumpkin
fresh-fruit-team:LCBTPEA,lightspeed:22995348,product_map (recipe-bridge),Lettuce Cos Baby Twin Pack [Each]
fresh-fruit-team:OBL20BG,lightspeed:22491666,"product_map (verified 2026-08-20, Zak: brown onions come in 20kg. FFT OBL20BG 'Onion Brown' is the 20kg bag @ $22/20kg = $0.0011/g (INB00113590 2026-08-01), vs seed $1.742/kg. Single supplier on this anchor (the per-kg FFT line ONBRKG already lives on 22995352), so no cross-venue same-day tie.)",Brown Onions [20kg]
fresh-fruit-team:ONBRKG,lightspeed:22995352,"product_map (adjudicated AND bridged: OURS IS RIGHT and now tracks the invoice. Every loose brown onion we have ever been billed is $1.32-$2.40/kg — FFT ONBRKG at $1.54 then $1.32, Select Fresh ONIBK at $2.40. Lightspeed's recipe costing implies $3.25/kg, above all of them. This conflict was INVISIBLE until 2026-08-14 because the record's pack_unit read 'can', so the detector had no comparable rate; fixing the label surfaced it. Bridged to ONBRKG so the invoice wins the as-of lookup instead of a pinned figure.)",Onion Brown [kg]
fresh-fruit-team:PDKG,lightspeed:22995356,product_map (name-prefix; seed $0.003600 -> invoice $0.003960/g (+10.0%)),Potato Desiree [10kg]
fresh-fruit-team:RRBCH,lightspeed:22995358,product_map (name-prefix; seed $2.880000 -> invoice $2.880000/bunch (+0.0%)),Radish Red [Bunch]
fresh-fruit-team:SBCH,lightspeed:22996509,product_map (zak-confirmed method 2026-08-18; line-by-line identity review),Shallot [bunch]
grifter:GRIFTER-BIGSUR-24PK,lightspeed:20445709,product_map (zak-confirmed 2026-08-18; line-by-line identity review),Grifter Big Sur IPA Tin
grifter:GRIFTER-PALE-50L,lightspeed:20487426,product_map (name+price),Grifter Pale [Keg]
gulli:AGBGARBRE-B,lightspeed:20467596,product_map (recipe-bridge),Garlic Bread
gulli:CALABRESE/CASTLE-UC4,lightspeed:20445612,"product_map (verified 2026-08-20 bulk bridge (Zak: all live items must have invoices): KRC- Sliced Calabrese Mild Salami 1kg @ 0.026060/g vs seed 0.025000 = 1.04x; latest invoice CI-444612 2026-08-19. auto tier: unique candidate, same unit, rate within 0.6-1.67x)",Calabrese
gulli:GUZBAS2-UC4,lightspeed:22480103,"product_map (verified 2026-08-20 bulk bridge (Zak: all live items must have invoices): Guzzardi- Basil Pesto Caterers 2kg @ 0.009600/g vs seed 0.015250 = 0.63x; latest invoice CI-440251 2026-08-11. auto tier: unique candidate, same unit, rate within 0.6-1.67x)",Basil Pesto [1.9Kg]
gulli:HASFET2-UC4,lightspeed:20445571,product_map (verified 2026-08-20 full comb (Zak: comb everything live): Hastings Valley- Fetta In Brine 2kg @ 0.013710/g vs seed 0.01325; latest CI-444612 2026-08-19. Hastings fetta in brine),Fetta
gulli:INSERTSMALL-U,lightspeed:22873876,product_map (recipe-bridge),Pizza Box Inserts
gulli:MANFLOPIZ-U,lightspeed:22995943,"product_map (verified: Gulli 'Manildra- Gem West Pizza Flour 12.5kg' at $13.80/12.5kg bag on 25 invoices Apr-Aug (latest CI-444612 2026-08-19); $13.80/12500g = $0.001104/g, identical to the BO seed to the 6th decimal — the bridge moves nothing today, it lets the next price change land. First bridge from check_invoice_coverage (Zak's all-live-items-have-invoices rule): $46,870 of 4-week revenue stood on the seed)",Pizza Flour Gem West Manildra [12.5kg]
gulli:MOZZARELLA2KG-UC4,lightspeed:22479979,product_map (name-prefix; seed $0.011761 -> invoice $0.010500/g (-10.7%)),Big Cheese - Shredded Mozzarella [2kg]
gulli:PBLTB11-U,lightspeed:22873831,"product_map (verified: Gulli 'B Flute Lock Top 11"" Pizza Boxes x 50' is the regular-pizza box; $24.10/50 = $0.482 ea. Regular pizzas were costing 0.716 of a 13"" box instead.)","Regular Pizza Box 11"""
gulli:PBLTB13-U,lightspeed:22873851,product_map (verified: Gulli 'Pizza Boxes x 50' -> per box),"Large Pizza Box 13"""
gulli:PIZZABASE-GF-11-B,lightspeed:21712396,product_map (zak-confirmed 2026-08-18; line-by-line identity review),Gluten-free Base
gulli:SAPPEPSTRIPA12-UC3,lightspeed:22874436,"product_map (comb 2026-08-20: Sapore A12 strips, ratio 1.000 exact, bought 14 Aug; seed bridge existed, map row missing)",Roasted Red Peppers [A12]
gulli:TANDOORI-UC4,lightspeed:22533151,"product_map (verified 2026-08-20 bulk bridge (Zak: all live items must have invoices): Sharwood- Tandoori Paste 1.25kg @ 0.020960/g vs seed 0.023875 = 0.88x; latest invoice CI-441655 2026-08-14. auto tier: unique candidate, same unit, rate within 0.6-1.67x)",Tandoori Paste [1.25Kg]
gulli:VEGD004-UC10,lightspeed:22514089,"product_map (verified 2026-08-20 bulk bridge (Zak: all live items must have invoices): Dairy-Free (Vegan) Shredded Mozzarella 500g @ 0.018000/g vs seed 0.020690 = 0.87x; latest invoice CI-441655 2026-08-14. auto tier: unique candidate, same unit, rate within 0.6-1.67x)",Vegan Shredded Cheese [500g]
gulli:WINORE-UC10,lightspeed:22514326,"product_map (verified 2026-08-20 bulk bridge (Zak: all live items must have invoices): Oregano Leaves Rubbed 500g @ 0.020000/g vs seed 0.030000 = 0.67x; latest invoice CI-444612 2026-08-19. auto tier: unique candidate, same unit, rate within 0.6-1.67x)",Oregano Leaves Rubbed - Torino
gulli:ZAMSALPEPSLI-UC5,lightspeed:20445610,product_map (verified 2026-08-20 bulk bridge (Zak: all live items must have invoices): Zammit- Sliced Pepperoni Salami 3kg @ 0.016333/g vs seed 0.016333 = 1.00x; latest invoice CI-444612 2026-08-19. Zammit- Sliced Pepperoni Salami 3kg — both bridged),Pepperoni
iga:COFFEE1KG,lightspeed:21020232,"product_map (declared 2026-08-20: IGA retail per Zak ('no invoice will ever exist'); $45/kg mid-band of IGA Shop Online, GST-free)",Coffee Beans [1kg]
ilg:110-155-0,lightspeed:20445706,product_map (pre-declared 2026-08-20 on ILG book 'James Boags Light Prem Stub 6pk 375ml'),James Boags Light
ilg:110-4682P,lightspeed:20445704,product_map (zak-confirmed method 2026-08-18; line-by-line identity review),VB Tinnie
ilg:110-672-4,lightspeed:22931792,product_map (pre-declared 2026-08-20 on ILG book 'Hahn Super Dry Gluten Free Bot 330ml'),Hahn Super Dry GF
ilg:115-3129,lightspeed:21999769,"product_map (Sold-as-bought can/bottle that was being priced from Back Office because ILG's line never reached the book. ILG state the pack in their own UOM and cogs_list carries it; resolve_pack scavenges the DESCRIPTION, which for a beer carries no size, so the line was dropped as 'pack unreadable' and add_passthrough_products fell back to the Back Office cost. 77 of 104 ILG codes are missing from the book for this reason. Bridging lets seed_matched_liquor_cost do the judging. The 0.0% stubs are a different product from the Peroni above and map to Lightspeed's own 'Peroni 0%'. BO $1.8463 vs invoice $1.9300 (1.05x), 8 invoices.)",Peroni 0%
ilg:115-3511,lightspeed:20445701,product_map (zak-confirmed 2026-08-18; line-by-line identity review),Corona
ilg:115-3860,lightspeed:20691644,product_map (comb 2026-08-20: TSINGTAO 640ML invoiced (21 Apr); $4.58 a longneck vs seed $4.69 — 2.3% (checked: 0.00719/ml on 2026-08-11)),Tsingtao Longneck
ilg:115-4173,lightspeed:20445700,"product_map (Sold-as-bought can/bottle that was being priced from Back Office because ILG's line never reached the book. ILG state the pack in their own UOM and cogs_list carries it; resolve_pack scavenges the DESCRIPTION, which for a beer carries no size, so the line was dropped as 'pack unreadable' and add_passthrough_products fell back to the Back Office cost. 77 of 104 ILG codes are missing from the book for this reason. Bridging lets seed_matched_liquor_cost do the judging. DECISIVE: the Back Office cost is $2.5217 and ILG 115-4173 'PERONI NASTRO 6PK BTLS R' invoices at $2.5217 — identical to four decimals across 4 invoices, so the BO figure was set FROM this line.)",Peroni
ilg:115-5617,lightspeed:20691643,product_map (zak-confirmed 2026-08-18; line-by-line identity review),Bintang
ilg:117-4687,lightspeed:20445703,"product_map (Sold-as-bought can/bottle that was being priced from Back Office because ILG's line never reached the book. ILG state the pack in their own UOM and cogs_list carries it; resolve_pack scavenges the DESCRIPTION, which for a beer carries no size, so the line was dropped as 'pack unreadable' and add_passthrough_products fell back to the Back Office cost. 77 of 104 ILG codes are missing from the book for this reason. Bridging lets seed_matched_liquor_cost do the judging. ILG name it 'TWO BAYS GLUTEN FREE PALE ALE'; Two Bays' entire range is gluten free, so it is the same beer. NOT mapped to 22795730 'Two Bays GF Rice Lager [HG]', which is a different beer. BO $4.71 vs invoice $5.4138 (1.15x).)",Two Bays Pale Ale Can
ilg:117-5472,lightspeed:20445702,"product_map (Sold-as-bought can/bottle that was being priced from Back Office because ILG's line never reached the book. ILG state the pack in their own UOM and cogs_list carries it; resolve_pack scavenges the DESCRIPTION, which for a beer carries no size, so the line was dropped as 'pack unreadable' and add_passthrough_products fell back to the Back Office cost. 77 of 104 ILG codes are missing from the book for this reason. Bridging lets seed_matched_liquor_cost do the judging. BO $2.38 vs invoice $2.5012 (1.05x).)",Better Beer Tin
ilg:117-604-2,lightspeed:22795730,product_map (pre-declared 2026-08-20 on ILG book 'Two Bays Japanese Rice Lager 375ml'; costs itself on first invoice),Two Bays GF Rice Lager Can [HG]
ilg:122-2867,lightspeed:20487313,product_map (exact),Alehouse Summer Mid [Keg]
ilg:122-4561,lightspeed:20944710,"product_map (verified 2026-08-20 full comb (Zak: comb everything live): SAPPORO KEG 50LT @ 0.008072/ml vs seed 0.00742; latest 03746566 2026-08-13. SAPPORO KEG 50LT, 9 invoices; auto-matcher offered a Pacific Ale — rejected)",Sapporo [Keg]
ilg:170-5319,lightspeed:23358617,product_map (name+price),Boronia Marsala [Bottle]
ilg:175-044-8,lightspeed:20445882,product_map (ilg-pricebook),Fernet Branca
ilg:176-0026,lightspeed:20445887,product_map (name+seed-agreed; seed $0.0333 -> invoice $0.0388/ml),Dolin Blanc Vermouth
ilg:177-027-5,lightspeed:20445891,product_map (ilg-pricebook),Oscar 697 Rosso Vermouth
ilg:177-028-4,lightspeed:20445883,product_map (ilg-pricebook),Oscar 697 Bianco Vermouth
ilg:177-0328,lightspeed:20487319,product_map (name+seed-agreed; seed $0.0480 -> invoice $0.0386/ml),Noilly Prat Dry Vermouth [Bottle]
ilg:215-3314,lightspeed:21749602,product_map (name+seed-agreed; seed $0.0461 -> invoice $0.0480/ml),Whispering Angel Rosé - Bottle
ilg:215-3314P,lightspeed:21749602,product_map (name+seed-agreed; seed $0.0461 -> invoice $0.0457/ml),Whispering Angel Rosé - Bottle
ilg:220-1593,lightspeed:20487328,product_map (name+price),De Bortoli Gold Seal Dry Red [15L]
ilg:235-1323,lightspeed:20645881,product_map (name+seed-agreed; seed $0.1077 -> invoice $0.1077/ml),Veuve Clicquot Yellow Label - Bottle
ilg:235-1369,lightspeed:20445737,product_map (name+seed-agreed; seed $0.4434 -> invoice $0.5171/ml),Dom Pérignon Champagne 750ML
ilg:285-0409P,lightspeed:20487286,product_map (name+price),Four Pillars Bloody Shiraz [Bottle]
ilg:285-229-2,lightspeed:20487958,"product_map (pre-declared 2026-08-20 spirits-tail sweep (ILG book): Poor Toms Strawberry Gin 700ml, book $63.47; costs itself on first ILG invoice carrying it)",Poor Tom's Strawberry Gin [Bottle]
ilg:285-3683,lightspeed:20484781,product_map (name+seed-agreed; seed $0.0946 -> invoice $0.0946/ml),Brookie's Byron Dry 700ML
ilg:285-3763,lightspeed:20484292,product_map (name+seed-agreed; seed $0.0852 -> invoice $0.0913/ml),Archie Rose Signature Gin 750ML
ilg:285-3870,lightspeed:20445811,product_map (name+seed-agreed; seed $0.0706 -> invoice $0.0702/ml),Bombay Dry [House]
ilg:285-3870P,lightspeed:20445811,product_map (name+seed-agreed; seed $0.0706 -> invoice $0.0706/ml),Bombay Dry [House]
ilg:285-3889P,lightspeed:20445810,product_map (name+seed-agreed; seed $0.0774 -> invoice $0.0774/ml),Bombay Sapphire
ilg:285-5217P,lightspeed:20445808,"product_map ($380 of spirit bought since June never reached the cost book. The line is not unreadable — ILG state the pack in their own UOM (6x700ML -> 0.700 L) and cogs_list already carries it — but resolve_pack scavenges the DESCRIPTION, and 'HENDRICKS GIN' carries no size. seed_matched_liquor_cost exists precisely to rescue that: it forms the case reading and the bottle reading and keeps whichever agrees with the product's seed, refusing both if neither does, because under-costing spirits is the flattering direction. It fires ONLY for a bridged product. These had no bridge, so it never fired. Bridging is the fix; the rescue then does the judging. Bottle reading $62.74/700ml = $0.0896/ml against a $0.1069 seed (0.84x, accepted); the case reading would be $0.014935 (0.14x, refused). 2 recipes.)",Hendrick's Gin [Bottle]
ilg:295-0603,lightspeed:20484688,product_map (name+seed-agreed; seed $0.1975 -> invoice $0.1975/ml),Balvenie 14yr Caribbean Cask [Bottle]
ilg:295-120-1,lightspeed:20445844,"product_map (pre-declared 2026-08-20 spirits-tail sweep (ILG book): J.Walker Black 700ml, book $52.85; costs itself on first ILG invoice carrying it)",Johnnie Walker Black
ilg:300-537-6,lightspeed:20445847,"product_map (pre-declared 2026-08-20 spirits-tail sweep (ILG book): Laphroaig Single Malt 10yo 700ml, book $88.58; costs itself on first ILG invoice carrying it)",Laphroaig 10yr
ilg:300-6222P,lightspeed:20710120,"product_map (verified 2026-08-20 bulk bridge (Zak: all live items must have invoices): FIREBALL CINNAMON WHISKY 700ML @ 0.063900/ml vs seed 0.063943 = 1.00x; latest invoice 03733161 2026-07-21. auto tier: unique candidate, same unit, rate within 0.6-1.67x)",Fireball [Bottle] (20710120)
ilg:305-3377,lightspeed:20445854,product_map (recipe-bridge),Jack Daniels
ilg:305-373-2,lightspeed:20729541,product_map (ilg-pricebook),Michter's Us 1 Bourbon Whisky
ilg:310-0101P,lightspeed:20710102,product_map (name+seed-agreed; seed $0.0580 -> invoice $0.0628/ml),Canadian Club 700ML
ilg:315-006-6,lightspeed:20445850,product_map (ilg-pricebook),Jameson Irish Whiskey
ilg:315-0066P,lightspeed:20445850,product_map (name+seed-agreed; seed $0.0674 -> invoice $0.0752/ml),Jameson Irish Whiskey [700ml]
ilg:330-015-4,lightspeed:20445821,"product_map (pre-declared 2026-08-20 spirits-tail sweep (ILG book): Grey Goose Vodka 700ml, book $58.75; costs itself on first ILG invoice carrying it)",Grey Goose
ilg:330-167-0,lightspeed:20492701,"product_map (pre-declared 2026-08-20 spirits-tail sweep (ILG book): Tito's Handmade 700ml, book $60.03; costs itself on first ILG invoice carrying it)",Tito's Vodka [Bottle]
ilg:330-260-6,lightspeed:23114865,"product_map (pre-declared 2026-08-20 spirits-tail sweep (ILG book): Aether Vodka 700ml, book $53.53; costs itself on first ILG invoice carrying it)",Aether Vodka [Bottle]
ilg:345-036-7,lightspeed:20445865,product_map (ilg-pricebook),Kraken Black Spiced Rum
ilg:345-0367P,lightspeed:20445865,product_map (recipe-bridge),Kraken Rum
ilg:345-095-5,lightspeed:20873421,"product_map (pre-declared 2026-08-20 spirits-tail sweep (ILG book): Diplomatico Mantuano 700ml, book $61.03; costs itself on first ILG invoice carrying it)",Diplomatico Mantuana [Bottle]
ilg:345-0955,lightspeed:21150832,product_map (recipe-bridge),Diplomatico Mantuano [Bottle]
ilg:345-103-5,lightspeed:22442475,product_map (ilg-pricebook),Plantation Original Dark Rum
ilg:345-623-6,lightspeed:20645918,"product_map (pre-declared 2026-08-20 spirits-tail sweep (ILG book): Goslings BLACK SEAL 700ml, book $62.36 — deliberately NOT the Kraken (the named rate-coincidence trap); costs itself on first ILG invoice carrying it)",Gosling's Black Rum
ilg:355-0552,lightspeed:21999746,"product_map (pricebook-adjudicated; seed $0.0416 -> invoice $0.0829/ml. ILG book price MAR 2026 for 355-055-2 Havana Club 700ml 3yo. is $49.20 a bottle, so the $58.01 line is ONE bottle. The seed said $29.09 — below ILG's own book price, impossible.)",Havana 3yr [700ml]
ilg:355-0847,lightspeed:20445866,"product_map ($150 of spirit bought since June never reached the cost book. The line is not unreadable — ILG state the pack in their own UOM (6x700ML -> 0.700 L) and cogs_list already carries it — but resolve_pack scavenges the DESCRIPTION, and 'HENDRICKS GIN' carries no size. seed_matched_liquor_cost exists precisely to rescue that: it forms the case reading and the bottle reading and keeps whichever agrees with the product's seed, refusing both if neither does, because under-costing spirits is the flattering direction. It fires ONLY for a bridged product. These had no bridge, so it never fired. Bridging is the fix; the rescue then does the judging. Bottle reading $50.05/700ml = $0.0715/ml against a $0.071603 seed — 0.999x, agreement to a tenth of a percent. 11 recipes.)",Bacardi Blanca [700ml]
ilg:360-1230,lightspeed:20445832,product_map (name+seed-agreed; seed $0.3498 -> invoice $0.3264/ml),Don Julio 1942 Añejo
ilg:360-160-4,lightspeed:20445829,product_map (ilg-pricebook),Casamigos Reposado Tequila
ilg:360-228-4,lightspeed:22575946,product_map (ilg-pricebook),818 Tequila Blanco
ilg:360-269-4,lightspeed:20445825,product_map (ilg-pricebook),Patron Silver Tequila R
ilg:360-2694,lightspeed:20445825,product_map (recipe-bridge),Patron Silver
ilg:360-271-0,lightspeed:22442211,product_map (portal-hunt),Patron XO Cafe
ilg:360-275-6,lightspeed:20445827,product_map (ilg-pricebook),Patron Reposado Tequila R
ilg:360-3283,lightspeed:22442211,product_map (name+seed-agreed; seed $0.0903 -> invoice $0.1061/ml),Patron XO Cafe [750ml]
ilg:365-0276,lightspeed:20492685,product_map (name+price),Lyre's Italian Spritz [Bottle]
ilg:390-0023,lightspeed:20487805,product_map (name+seed-agreed; seed $0.1500 -> invoice $0.1501/ml),Fee Bros Black Walnut Bitters [150ml]
ilg:395-0166,lightspeed:20492690,"product_map ($133 of spirit bought since June never reached the cost book. The line is not unreadable — ILG state the pack in their own UOM (6x700ML -> 0.700 L) and cogs_list already carries it — but resolve_pack scavenges the DESCRIPTION, and 'HENDRICKS GIN' carries no size. seed_matched_liquor_cost exists precisely to rescue that: it forms the case reading and the bottle reading and keeps whichever agrees with the product's seed, refusing both if neither does, because under-costing spirits is the flattering direction. It fires ONLY for a bridged product. These had no bridge, so it never fired. Bridging is the fix; the rescue then does the judging. Bottle reading $66.56/700ml = $0.0951/ml against a $0.0930 seed (1.02x). 2 recipes.)",Italicus Bergamot Liqueur [Bottle]
ilg:395-102-1,lightspeed:20445894,product_map (ilg-pricebook),Campari Aperitif 25%
ilg:395-1021,lightspeed:20445894,"product_map ($336 of spirit bought since June never reached the cost book. The line is not unreadable — ILG state the pack in their own UOM (6x700ML -> 0.700 L) and cogs_list already carries it — but resolve_pack scavenges the DESCRIPTION, and 'HENDRICKS GIN' carries no size. seed_matched_liquor_cost exists precisely to rescue that: it forms the case reading and the bottle reading and keeps whichever agrees with the product's seed, refusing both if neither does, because under-costing spirits is the flattering direction. It fires ONLY for a bridged product. These had no bridge, so it never fired. Bridging is the fix; the rescue then does the judging. ALSO A SPELLING BUG: product_map already carried Campari as ILG '395-102-1', the PRICEBOOK spelling, while every invoice writes '395-1021'. _ilg_key() documents that ILG writes one code two ways and load_bridge keys on the literal string, so the existing row never matched an invoice. This is the only one of 77 ILG map codes affected — checked — so it is fixed by adding the invoice spelling rather than by normalising every key. Bottle reading $43.33/700ml = $0.0619/ml against a $0.0515 seed (1.20x, accepted); case would be 0.20x. 10 recipes.)",Campari [Bottle]
ilg:405-095-7,lightspeed:20487788,product_map (ilg-pricebook),Mr Black Coffee Liqueur 700ml
ilg:410-040-0,lightspeed:20445875,"product_map (PRE-DECLARED 2026-08-20 rock-solid pass: identity from ILG price book MAR 2026 (St Germain 750ml, book 46.92). No cost row until an invoice lands; the day one does it supersedes the seed. The Massel pattern.)",St. Germain Elderflower Liqueur
ilg:410-040-3,lightspeed:20445875,"product_map (pre-declared 2026-08-20 spirits-tail sweep (ILG book): St Germain Elderflower 750ml, book $46.92; costs itself on first ILG invoice carrying it)",St. Germain Elderflower Liqueur
ilg:410-055-5,lightspeed:20484685,"product_map (pre-declared 2026-08-20 spirits-tail sweep (ILG book): Baileys Irish Cream 1000ml — the [1L] the record names, book $46.09; costs itself on first ILG invoice carrying it)",Bailey's Irish Cream 1L [Bottle]
ilg:410-249-2,lightspeed:20512442,product_map (ilg-pricebook),Chartreuse Green
ilg:410-266-0,lightspeed:20710023,"product_map (pre-declared 2026-08-20 spirits-tail sweep (ILG book): Frangelico 700ml, book $37.78; costs itself on first ILG invoice carrying it)",Frangelico [Bottle]
ilg:410-277-7,lightspeed:20445869,"product_map (pre-declared 2026-08-20 spirits-tail sweep (ILG book): Mac by Brookie's 700ml, book $50.78; costs itself on first ILG invoice carrying it)",Brookie's Mac. Liqueur
ilg:410-309-9,lightspeed:20445878,"product_map (pre-declared 2026-08-20 spirits-tail sweep (ILG book): Amaro Montenegro 700ml, book $42.28; costs itself on first ILG invoice carrying it)",Amaro Montenegro
ilg:410-3945,lightspeed:20484934,product_map (name-prefix; seed $0.048000 -> invoice $0.048110/ml (+0.2%)),Kahlua [1L]
ilg:410-428-5,lightspeed:20492716,product_map (SOLVED by seed-match 2026-08-20: ILG book MARIE BRIZARD Falernum $35.73/700ml vs the record's seed $34.99/700ml — the book was priced off Marie Brizard; 'JD Taylor's' is the fossil. PRE-DECLARED; costs itself on the next ILG invoice carrying it),John D. Taylor's Velvet Falernum [Bottle]
ilg:410-602-3,lightspeed:20492688,"product_map (pre-declared 2026-08-20 spirits-tail sweep (ILG book): Disaronno 700ml, book $42.84; costs itself on first ILG invoice carrying it)",Disaronno [Bottle]
ilg:410-775-4,lightspeed:20445868,product_map (ilg-pricebook),Cointreau
ilg:410-940-4,lightspeed:20492707,"product_map (pre-declared 2026-08-20 spirits-tail sweep (ILG book): Chambord 700ml, book $49.90; costs itself on first ILG invoice carrying it)",Chambord [Bottle]
ilg:425-710-0,lightspeed:20445711,product_map (pre-declared 2026-08-20 on ILG book 'Fellr Seltzer Watermelon 4pk 330ml'),Fellr Watermelon Seltzer Tin
ilg:425-7100P,lightspeed:20445711,"product_map (Sold-as-bought can/bottle that was being priced from Back Office because ILG's line never reached the book. ILG state the pack in their own UOM and cogs_list carries it; resolve_pack scavenges the DESCRIPTION, which for a beer carries no size, so the line was dropped as 'pack unreadable' and add_passthrough_products fell back to the Back Office cost. 77 of 104 ILG codes are missing from the book for this reason. Bridging lets seed_matched_liquor_cost do the judging. BO carries $3.4187 from an invoice-derived seed and ILG invoices $3.4188 — a tenth of a cent apart, so this simply makes the existing figure live.)",Fellr Watermelon Seltzer Tin
ilg:426-340-6,lightspeed:21750316,"product_map (PRE-DECLARED 2026-08-20 supplier dig: Jinro Strawberry Soju 360ml, ILG book $10.39. No cost row until an invoice lands; auto-supersedes then. The Massel pattern.)",Jinro Strawberry - 360ml
ilg:426-341-5,lightspeed:21750311,"product_map (PRE-DECLARED 2026-08-20 supplier dig: Jinro Chamisui Soju 360ml, ILG book $11.02 — soju is ILG (Zak). No cost row until an invoice lands; auto-supersedes then. The Massel pattern.)",Jinro Chamisul - 360ml
ilg:440-2140P,lightspeed:20445713,"product_map (Sold-as-bought can/bottle that was being priced from Back Office because ILG's line never reached the book. ILG state the pack in their own UOM and cogs_list carries it; resolve_pack scavenges the DESCRIPTION, which for a beer carries no size, so the line was dropped as 'pack unreadable' and add_passthrough_products fell back to the Back Office cost. 77 of 104 ILG codes are missing from the book for this reason. Bridging lets seed_matched_liquor_cost do the judging. BO $2.58 vs invoice $2.8217 (1.09x), 4 invoices.)",Young Henrys Cloudy Cider Can
ilg:440-7225,lightspeed:20445714,"product_map (Sold-as-bought can/bottle that was being priced from Back Office because ILG's line never reached the book. ILG state the pack in their own UOM and cogs_list carries it; resolve_pack scavenges the DESCRIPTION, which for a beer carries no size, so the line was dropped as 'pack unreadable' and add_passthrough_products fell back to the Back Office cost. 77 of 104 ILG codes are missing from the book for this reason. Bridging lets seed_matched_liquor_cost do the judging. BO $3.11 vs invoice $3.0333 (0.98x), 5 invoices — the closest of the set.)",Monteith's Apple Cider Bottle
ilg:450-1293,lightspeed:20445897,product_map (stale_drift),San Pellegrino 500ml
ilg:455-1078,lightspeed:20727770,product_map (name+seed-agreed; seed $0.0068 -> invoice $0.0073/ml),Bickfords Raspberry Cordial [Bottle]
ilg:460-1504,lightspeed:20459552,product_map (exact),Coke 1.25L
ilg:460-163-9,lightspeed:20459553,"product_map (pre-declared 2026-08-20 spirits-tail sweep (ILG book): Coke No Sugar 1.25L, book $3.07; costs itself on first ILG invoice carrying it)",Coke Zero 1.25L
ilg:460-178-2,lightspeed:20484956,product_map (),Fever-Tree Mediterannean Tonic [Bottle]
ilg:460-2255P,lightspeed:20484784,product_map (name+seed-agreed; seed $0.0082 -> invoice $0.0082/ml),Fever-Tree Naturally Light Tonic [Bottle]
ilg:460-2558,lightspeed:20459561,product_map (zak-confirmed 2026-08-18; line-by-line identity review),Coke Zero Can
ilg:460-2567,lightspeed:20459560,product_map (exact),Coke Can
ilg:460-324-5,lightspeed:20459555,"product_map (pre-declared 2026-08-20 spirits-tail sweep (ILG book): Sprite 1.25L x12 PET, book $3.07; costs itself on first ILG invoice carrying it)",Sprite 1.25L
ilg:460-3254,lightspeed:20459564,product_map (stale_drift),Sprite Can
ilg:460-412-8,lightspeed:20485266,product_map (ilg-pricebook),Bundaberg Ginger Beer 750ml
imbibo:25810-750,lightspeed:20464639,"product_map (declared 2026-08-20 off Imbibo INI073826 (Dext line-item search); net $41.20 ex, seed within 1.3%)",Domaine Gueguen Chablis - Bottle
italian-wine-importers:GHEMILL-24,lightspeed:20728902,"product_map (declared 2026-08-20 off IWI IV26032089 (Dext); LUC 15.21 printed = seed exact; Zak: 'italian wine imports, ordered very frequently')",Casa Gheller Prosecco - Bottle
italian-wine-importers:SENNER-25,lightspeed:20728346,product_map (declared 2026-08-20 off IWI 5 Aug (Dext); LUC 15.39 printed on the line),Sibiliana Nero D'Avola - Bottle
jfc:56296,lightspeed:22898787,product_map (SOLVED 2026-08-20: cake weight PRINTED on JFC's line (125gx5); $6.72/kg vs seed $7.22; bought 14 Aug),Ramen Noodles Fresh [kg]
jun-pacific:DE81595,lightspeed:22898082,product_map (arithmetic 2026-08-20: $9.46/kg = seed exactly; bought 6 Aug),Sesame Seed White Roasted Jun [kg]
jun-pacific:DE81596,lightspeed:22898081,product_map (arithmetic 2026-08-20: $12.70/kg vs seed $11.55 — real 10% rise; bought 23 Apr),Sesame Seed Black Jun [kg]
jun-pacific:EB8202792,lightspeed:22903033,product_map (arithmetic 2026-08-20: $11.05/1800ml = the seed to six decimals; bought 23 Jul),Tonkatsu Sauce Bulldog [1.8L]
jun-pacific:EE8101034,lightspeed:22893566,product_map (arithmetic 2026-08-20: $34.55/18L = 0.00192/ml vs seed 0.001847 (3.9%); bought 20 Aug (today)),Cooking Sake Jun [18L]
jun-pacific:EG8516631,lightspeed:22893567,"product_map (arithmetic 2026-08-20: $37.75 / seed = 19,995ml — the 20L exactly; bought 9 Jul)",Rice Vinegar Uchibori [20L]
jun-pacific:EZ9523255,lightspeed:22902950,product_map (NB10534276),Gochujang [kg]
jun-pacific:HA8204606,lightspeed:22902999,"product_map (verified 2026-08-20 full comb (Zak: comb everything live): ""S&B"" EX (Mild) Torokeru Curry Flake 20/1kg @ 0.009450/g vs seed 0.00945; latest NB10521714 2026-07-16. S&B flake r=1.0)",Curry Flake [kg]
jun-pacific:HA8204612,lightspeed:22902997,"product_map (verified 2026-08-20 bulk bridge (Zak: all live items must have invoices): ""S&B"" EX Golden Curry Mid Hot (1kg) @ 0.012100/g vs seed 0.012250 = 0.99x; latest invoice NB10531780 2026-08-13. auto tier: unique candidate, same unit, rate within 0.6-1.67x)",Curry Block Mid Hot [kg]
jun-pacific:QB8514617,lightspeed:22893568,"product_map (verified 2026-08-20 rock-solid pass: ""Jun"" Marumatsu Vegetable Dumpling 10/800gm @ 0.011688/g, latest NB10521714 2026-07-16. Marumatsu Vegetable Dumpling 10/800gm - exact)",Gyoza Vegetable Marumatsu Jun [800g]
jun-pacific:SA81476,lightspeed:22900613,product_map (arithmetic 2026-08-20: $16.00 = the seed's $16/125g exactly; 50 sheets; bought 26 Mar),Nori [125g]
kegland:KL12454,lightspeed:22843972,"product_map (verified 2026-08-20: KegLand K552997 (Zak-uploaded), 15 x 1kg @ $6.75 inc = $0.006754/g vs the January seed $0.005556. The record's [20kg] name describes the old bulk pack; KegLand sells 1kg bags and the bridge prices per gram. Declared in declared_purchases.yaml; the next forwarded KegLand invoice supersedes it.)",Citric Acid [20kg]
kegland:KL28066,lightspeed:22843971,"product_map (verified 2026-08-20: KegLand K552997 (Zak-uploaded), 5 x 1kg @ $11.45 inc = $0.011451/g vs the January seed $0.015164 — the seed OVER-priced malic 32%. Declared in declared_purchases.yaml; next forwarded invoice supersedes.)",Malic Acid [1kg]
lightspeed:20691646,lightspeed:20445701,"product_map (HG on a Jan Back Office seed; Stowaway invoice-fed. Zak 2026-08-19: accounts merging, run with the stow GP)",Corona
lightspeed:20691651,lightspeed:20445705,"product_map (HG on a Jan Back Office seed; Stowaway invoice-fed. Zak 2026-08-19: accounts merging, run with the stow GP)",Asahi 3.5%
lightspeed:20744437,lightspeed:20484286,"product_map (HG on a Jan Back Office seed; Stowaway invoice-fed. Zak 2026-08-19: accounts merging, run with the stow GP)",Aperol [Bottle]
lightspeed:20744438,lightspeed:20484292,"product_map (HG on a Jan Back Office seed; Stowaway invoice-fed. Zak 2026-08-19: accounts merging, run with the stow GP)",Archie Rose Signature Gin  [Bottle]
lightspeed:20744445,lightspeed:20484751,"product_map (HG on a Jan Back Office seed; Stowaway invoice-fed. Zak 2026-08-19: accounts merging, run with the stow GP)",Buffalo Trace Bourbon [Bottle]
lightspeed:20744450,lightspeed:20487294,"product_map (HG on a Jan Back Office seed; Stowaway invoice-fed. Zak 2026-08-19: accounts merging, run with the stow GP)",Four Pillars Rare Dry [Bottle]
lightspeed:20744462,lightspeed:20487836,product_map (RULED: HG was on a Jan Back Office seed $88.67/L; Stowaway's Aug ILG invoice is $81.56/L. Lowering toward the truth. Zak 2026-08-19: 'just run with the stow GP'),Monkey Shoulder Scotch [Bottle]
lightspeed:20744464,lightspeed:20487788,"product_map (HG on a Jan Back Office seed; Stowaway invoice-fed. Zak 2026-08-19: accounts merging, run with the stow GP)",Mr Black Coffee Liqueur [Bottle]
lightspeed:20744466,lightspeed:20487923,"product_map (HG on a Jan Back Office seed; Stowaway invoice-fed. Zak 2026-08-19: accounts merging, run with the stow GP)",Patron Reposado [Bottle]
lightspeed:20750115,lightspeed:20484935,"product_map (HG on a Jan Back Office seed; Stowaway invoice-fed. Zak 2026-08-19: accounts merging, run with the stow GP)",Barrel One Coffee Concentrate [Bottle]
lightspeed:20750123,lightspeed:20710102,"product_map (HG on a Jan Back Office seed; Stowaway invoice-fed. Zak 2026-08-19: accounts merging, run with the stow GP)",Canadian Club [Bottle]
lightspeed:20750141,lightspeed:20492689,"product_map (HG on a Jan Back Office seed; Stowaway invoice-fed. Zak 2026-08-19: accounts merging, run with the stow GP)",Domaine de Canton Ginger Liqueur [Bottle]
lightspeed:20750155,lightspeed:20487225,"product_map (HG on a Jan Back Office seed; Stowaway invoice-fed. Zak 2026-08-19: accounts merging, run with the stow GP)",Grand Marnier [Bottle]
lightspeed:20750160,lightspeed:20492690,"product_map (HG on a Jan Back Office seed; Stowaway invoice-fed. Zak 2026-08-19: accounts merging, run with the stow GP)",Italicus Bergamot Liqueur [Bottle]
lightspeed:20750175,lightspeed:20487829,"product_map (HG on a Jan Back Office seed; Stowaway invoice-fed. Zak 2026-08-19: accounts merging, run with the stow GP)",Never Never Oyster Shell Gin [Bottle]
lightspeed:20750176,lightspeed:20487319,"product_map (HG on a Jan Back Office seed; Stowaway invoice-fed. Zak 2026-08-19: accounts merging, run with the stow GP)",Noilly Prat Dry Vermouth [Bottle]
lightspeed:20750198,lightspeed:20492747,"product_map (HG on a Jan Back Office seed; Stowaway invoice-fed. Zak 2026-08-19: accounts merging, run with the stow GP)",Wolf Lane Navy Gin [Bottle]
lightspeed:20750267,lightspeed:20485266,"product_map (HG on a Jan Back Office seed; Stowaway invoice-fed. Zak 2026-08-19: accounts merging, run with the stow GP)",Bundaberg Ginger beer [750ml]
lightspeed:20770316,lightspeed:20492637,"product_map (HG on a Jan Back Office seed; Stowaway invoice-fed. Zak 2026-08-19: accounts merging, run with the stow GP)",Stone & Wood [Keg]
lightspeed:21050706,lightspeed:20445897,"product_map (HG on a Jan Back Office seed; Stowaway invoice-fed. Zak 2026-08-19: accounts merging, run with the stow GP)",San Pellegrino 500ml
lightspeed:21925781,lightspeed:20464662,"product_map (HG on a Jan Back Office seed; Stowaway invoice-fed. Zak 2026-08-19: accounts merging, run with the stow GP)",Padrillos Malbec - Bottle
lion:1200769,lightspeed:23216243,product_map (exact),Guinness [Keg]
lion:1254690,lightspeed:20786711,product_map (stale_drift),Kirin [Keg]
lion:1256672,lightspeed:20492637,product_map (stale_drift),Stone & Wood [Keg]
mallia-industries-pty-ltd:ST285-WS,lightspeed:22995947,product_map (recipe-bridge),T2 Milk Bun Sliced White Sesame [85g]
mountain-culture:SQ-K50,lightspeed:20492634,product_map (declared 2026-08-20 off Mountain Culture INVMO28793 (Dext); fortnightly),Status Quo [Keg]
nelson:HA25PIG,lightspeed:20466120,product_map (name+price),Version Two Pinot Grigio - Bottle
nelson:HANVSPA,lightspeed:20466130,"product_map (verified 2026-08-20 rock-solid pass: NV VERSION TWO BRUT CUVEE @ 8.8333/bottle, latest 20039624 2026-07-27. VERSION TWO BRUT CUVEE; 8.8333 equals BO exactly)",Version Two Sparkling - Bottle
nelson:LG24ESP,lightspeed:20700634,"product_map (verified 2026-08-20 rock-solid pass: 24 LE ESPRIT GRAND CROS ROSE WHITE LABEL @ 25.2233/bottle, latest 20039620 2026-07-27. LE ESPRIT GRAND CROS ROSE; 25.22 vs BO 18 - a real rise the seed was hiding)",L'esprit Rosé - Bottle
paramount:10015926,lightspeed:20483609,product_map (name+price),Carpano Classico [750ml]
paramount:10017813,lightspeed:20483413,product_map (name+seed-agreed; seed $0.0675 -> invoice $0.0718/ml),Massenez Triple Sec [5L]
paramount:10025433,lightspeed:20492687,"product_map (verified 2026-08-20 rock-solid pass: MP-VINADA ROSE : : 750ml @ 0.020313/ml, latest 5515242 2026-08-16. MP-VINADA ROSE 750ml, 2026-08-16)",Vinada Sparking Rosé [Bottle]
paramount:43786,lightspeed:23217497,product_map (recipe-bridge),Seppeltsfield Para Grand 10yo Tawny [Bottle]
paramount:44583,lightspeed:20487328,product_map (stale_drift),De Bortoli Gold Seal Dry Red [15L]
paramount:56841,lightspeed:20445893,product_map (portal-hunt),Regal Rogue Bold Red
paramount:56844,lightspeed:20445888,product_map (portal-hunt),Regal Rogue Wild Rose
paramount:60431,lightspeed:20445836,product_map (portal-hunt),Ilegal Mezcal Reposado
paramount:60765,lightspeed:23244215,"product_map (verified 2026-08-20 bulk bridge (Zak: all live items must have invoices): 400 CONEJOS MEZCAL JOVEN : 750 ml @ 0.104040/ml vs seed 0.111471 = 0.93x; latest invoice 5424761 2026-07-07. auto tier: unique candidate, same unit, rate within 0.6-1.67x)",400 Conejos Mezcal [Bottle]
paramount:61300,lightspeed:20445828,product_map (portal-hunt),Cazcabel Reposado Tequila
paramount:61599,lightspeed:20445893,product_map (name-prefix; seed $0.047760 -> invoice $0.040916/ml (-14.3%)),Regal Rogue Bold Red [500ml]
paramount:65988,lightspeed:20445808,product_map (portal-hunt),Hendricks Gin
paramount:66317,lightspeed:20488005,"product_map (verified 2026-08-20 bulk bridge (Zak: all live items must have invoices): ZACAPA CENTENARIO 23 : 700 ml @ 0.156200/ml vs seed 0.153690 = 1.02x; latest invoice 5392564 2026-06-23. auto tier: unique candidate, same unit, rate within 0.6-1.67x)",Zacapa Centenario 23yr [Bottle]
paramount:66926,lightspeed:20744471,"product_map (verified 2026-08-20 bulk bridge (Zak: all live items must have invoices): ROOSTER ROJO BLANCO : 700 ml @ 0.086885/ml vs seed 0.065471 = 1.33x; latest invoice 5419664 2026-07-03. auto tier: unique candidate, same unit, rate within 0.6-1.67x)",Rooster Blanco Tequila [Bottle]
paramount:67137,lightspeed:20645918,product_map (portal-hunt),Goslings Black Seal Rum
paramount:67607,lightspeed:20445831,product_map (portal-hunt),Fortaleza Reposado Tequila
paramount:67652,lightspeed:23253690,"product_map (verified 2026-08-20 bulk bridge (Zak: all live items must have invoices): BITTERMENS XOCOLATL MOLE BITTERS : 146 ml @ 0.201644/ml vs seed 0.190000 = 1.06x; latest invoice 5457927 2026-07-21. auto tier: unique candidate, same unit, rate within 0.6-1.67x)",Xocolatl Mole Bitters [Bottle]
paramount:67882,lightspeed:20512408,"product_map (name+seed-agreed; seed $0.0741 -> invoice $0.0986/ml. Single bottle, not the 6-pack the '6/700 ml' uom describes: the same invoice bills Casamigos Reposado at $88.43 and Lost Explorer Mezcal at $65.09 on identical uoms, and carries a $15.07 minimum-delivery top-up, which is a three-bottle order and not eighteen. The case reading is $11.50 a bottle.)",Germano Caetano Cachaça [Bottle]
paramount:68346,lightspeed:20445829,product_map (verified 2026-08-20 full comb (Zak: comb everything live): CASAMIGOS TEQUILA REPOSADO : 700 ml @ 0.126329/ml vs seed 0.118214; latest 5311910 2026-05-19. exact 700ml),Casamigos Reposado Tequila
paramount:78708,lightspeed:20445861,"product_map (verified 2026-08-20 rock-solid pass: MYERS'S RUM : 1000 ml @ 0.071290/ml, latest 5457927 2026-07-21. MYERS'S RUM 1000 ml, 2026-07-21)",Myer's Jamaican Rum
paramount:79299,lightspeed:20445856,product_map (portal-hunt),Plantation 3 Star White Rum
paramount:79885,lightspeed:20710158,product_map (name-prefix; seed $0.084771 -> invoice $0.107914/ml (+27.3%)),Tempus Fugit Creme de Banane 700ML
paramount:880126,lightspeed:20445861,product_map (portal-hunt),Myers Jamaican Rum
paramount:880952,lightspeed:20492724,product_map (portal-hunt),Wray & Nephew White Overproof
paramount:90266,lightspeed:20488033,product_map (name-prefix; seed $0.053556 -> invoice $0.058929/ml (+10.0%)),Seadrift Coast [Bottle]
philter-brewing:RED200,lightspeed:20487875,product_map (declared 2026-08-20 off Philter PHIN-56102 (Dext); next mailbox Philter invoice carrying the Red supersedes),Philter Red [Keg]
philter:XPA 200,lightspeed:20487938,"product_map (verified 2026-08-20 bulk bridge (Zak: all live items must have invoices): Philter XPA 4.2% ABV - 50L Keg @ 0.005262/ml vs seed 0.005267 = 1.00x; latest invoice PHIN-57285 2026-08-11. auto tier: unique candidate, same unit, rate within 0.6-1.67x)",Philter XPA [Keg]
select-fresh:BEANK,lightspeed:22898695,product_map (name-prefix; seed $0.006400 -> invoice $0.008200/g (+28.1%)),Bean Green [kg] 1000g
select-fresh:CARK,lightspeed:22903011,product_map (name-prefix; seed $0.002100 -> invoice $0.002400/g (+14.3%)),Carrot [kg] 1000g
select-fresh:CHOI,lightspeed:22898085,"product_map (OVER-COST, the safe direction, which is why nothing caught it for months. The bo-ingredient-seed holds $9.00 a bunch. Select Fresh CHOI 'CHOI SUM BCH' invoices at $2.20 (3064370) and FFT CSB 'Choy Sum (Bunch)' at $1.93-$2.75 across three invoices - so every real bunch we have ever bought is $1.93-$2.75 and the seed is 4.1x the median. Units agree (bunch both sides) and the names are the same vegetable. bridge_stale_seeds parked this one because -76% drift exceeds its 60% guard; that guard exists to catch PACK clashes, and here there is no pack to clash - four invoices agree with each other and only the seed is out, so the drift is the defect rather than evidence against the match.)",Choi Sum [bunch]
select-fresh:CUCGK,lightspeed:20564881,product_map (zak-confirmed 2026-08-18; line-by-line identity review),Cucumber
select-fresh:EDFL,lightspeed:21020204,product_map (zak-confirmed 2026-08-18; line-by-line identity review),Edible Flower [Punnet]
select-fresh:EDMVI,lightspeed:21020204,"product_map (comb 2026-08-20: EDIBLE FLOWER MIXED VIOLA PUN, ratio 0.955, bought 12 Aug)",Edible Flower [Punnet]
select-fresh:FLWBB,lightspeed:22893390,"product_map (comb 2026-08-20: FLOWER BABYS BREATH BCH, ratio 1.031, bought 5 Aug)",Babys Breath [bunch]
select-fresh:HCOR,lightspeed:22995344,"product_map (comb 2026-08-20: HERB CORIANDER BCH $1.30, ratio 1.000; bought 27 Jun)",Herb Coriander [Bunch]
select-fresh:HRMIN,lightspeed:22507943,product_map (verified 2026-08-20 full comb (Zak: comb everything live): HERB MINT ROUND LEAF BCH @ 1.300000/bunch vs seed 1.3; latest 3123415 2026-08-20. round leaf bunch r=1.0),mint
select-fresh:JUCR,lightspeed:22844068,"product_map (verified 2026-08-20 bulk bridge (Zak: all live items must have invoices): JUICE CRANBERRY 2LTR @ 0.003900/ml vs seed 0.004059 = 0.96x; latest invoice 3115073 2026-08-12. auto tier: unique candidate, same unit, rate within 0.6-1.67x)",East Coast Cranberry Juice [2L]
select-fresh:JUOR,lightspeed:22844123,"product_map (verified 2026-08-20 bulk bridge (Zak: all live items must have invoices): JUICE ORANGE 2LTR @ 0.002900/ml vs seed 0.002824 = 1.03x; latest invoice 3115073 2026-08-12. auto tier: unique candidate, same unit, rate within 0.6-1.67x)",East Coast Orange Juice [2L]
select-fresh:JUPIN,lightspeed:22844058,"product_map (verified 2026-08-20 bulk bridge (Zak: all live items must have invoices): JUICE PINEAPPLE 2LTR @ 0.003100/ml vs seed 0.003471 = 0.89x; latest invoice 3115073 2026-08-12. auto tier: unique candidate, same unit, rate within 0.6-1.67x)",East Coast Pineapple Juice [2L]
select-fresh:JURUB,lightspeed:22843720,"product_map (comb 2026-08-20: the record's 'East Coast' is a brand fossil — what is billed weekly is SF JUICE RUBY GRAPEFRUIT 2LTR, ratio 0.970, bought 20 Aug (today))",East Coast Grapefruit [2L]
select-fresh:LETS1,lightspeed:22480081,"product_map (verified 2026-08-20 bulk bridge (Zak: all live items must have invoices): LETTUCE BABY SPINACH 1.5KG CTN @ 0.012333/g vs seed 0.011667 = 1.06x; latest invoice 3112741 2026-08-11. auto tier: unique candidate, same unit, rate within 0.6-1.67x)",Baby Spinach [1.5Kg]
select-fresh:MUSB,lightspeed:20445566,"product_map (verified 2026-08-20, Zak: 'these all get bought at least weekly'. MUSHROOM BUTTON CTN, 11 invoices, latest 2026-08-19, $13.00/kg vs the 8-month-old seed $9.03/kg. The picker's '8mo old' label on the Super House Special was this row's seed. Single supplier on the anchor (FFT's button-mushroom lines are marilynas-venue and stay on their own ids — the cross-venue same-day rule).)",Mushrooms
select-fresh:PGRE,lightspeed:22995353,"product_map (verified 2026-08-20 bulk bridge (Zak: all live items must have invoices): PEAR GREEN EA @ 0.400000/ea vs seed 0.650000 = 0.62x; latest invoice 3117623 2026-08-14. auto tier: unique candidate, same unit, rate within 0.6-1.67x)",Pears Green [kg]
select-fresh:TBUS100,lightspeed:22918953,product_map (zak-confirmed 2026-08-18; line-by-line identity review),Kutjera Bush Tomato Powder [100g]
select-fresh:XSHRCAB,lightspeed:22898086,product_map (name-prefix; seed $0.004200 -> invoice $0.004200/g (+0.0%)),Cabbage Green Shredded [kg] 1000g
select-fresh:ZUCK,lightspeed:22480147,product_map (name-prefix; seed $0.002766 -> invoice $0.002900/g (+4.8%)),Zucchini [1Kg]
sigurd-wines:SIGMSUN24,lightspeed:20466095,product_map (declared:SIGMSUN24),Sigurd White Blend - Bottle
sigurd-wines:SIGRED23,lightspeed:20466100,"product_map (declared 2026-08-20 off Sigurd INV-11224; '$21 LUC' printed on the line, WET arithmetic exact; standing order 3x since June)",Sigurd GSM Red Blend - Bottle
sun-circle:SC-BEEFCABBAGE-DUMP,lightspeed:22918997,"product_map (verified 2026-08-20 bulk bridge (Zak: all live items must have invoices): Beef & Cabbage Dumpling 600g x 24 @ 0.007500/g vs seed 0.007500 = 1.00x; latest invoice 16962 2026-07-23. auto tier: unique candidate, same unit, rate within 0.6-1.67x)",Dumpling Beef Cabbage Sun Circle [600g]
sun-circle:SC-CHICKENCORN-DUMP,lightspeed:22918996,"product_map (verified 2026-08-20 bulk bridge (Zak: all live items must have invoices): Chicken & Corn Dumpling 600g x 24 @ 0.007500/g vs seed 0.007500 = 1.00x; latest invoice 16962 2026-07-23. auto tier: unique candidate, same unit, rate within 0.6-1.67x)",Dumpling Chicken Corn Sun Circle [600g]
sun-circle:SC-PORKPARSLEY-DUMP,lightspeed:22918993,"product_map (verified 2026-08-20 bulk bridge (Zak: all live items must have invoices): Pork & Parsley Dumpling 600g x 24 @ 0.007500/g vs seed 0.007500 = 1.00x; latest invoice 16962 2026-07-23. auto tier: unique candidate, same unit, rate within 0.6-1.67x)",Dumpling Pork Chive Sun Circle [600g]
sun-circle:SC-PRAWNHARGAO-LG,lightspeed:22918998,"product_map (verified 2026-08-20 rock-solid pass: Prawn Har Gao (Large) 50 pieces 1000g x 15 @ 0.032000/g, latest 16962 2026-07-23. exact)",Prawn Har Gao Sun Circle - 50pcs [1kg]
the-berry-man-nsw-pty-ltd:DPULP10,lightspeed:22893724,product_map (name-prefix; seed $0.008639 -> invoice $0.008500/g (-1.6%)),Dragonfruit Puree [10kg]
the-berry-man-nsw-pty-ltd:PJ1,lightspeed:22843691,product_map (recipe-bridge),Passionfruit Puree Seedless [1kg]
the-berry-man:DPULP10,lightspeed:22893724,"product_map (verified 2026-08-20 bulk bridge (Zak: all live items must have invoices): Dragonfruit Puree 10kg @ 0.008500/g vs seed 0.008639 = 0.98x; latest invoice IN372963 2026-07-24. auto tier: unique candidate, same unit, rate within 0.6-1.67x)",Dragonfruit Puree [10kg]
urbun-bakery:TFB120,lightspeed:22931830,product_map (OMI298891),Turkish Bread [ea]
viticult:ART24,lightspeed:20464467,product_map (declared 2026-08-20 off Viticult 11 Aug (Dext); LUC 25.326 = seed exact),A. Rodda Tempranillo - Bottle
viticult:ARWLC23,lightspeed:20467569,"product_map (verified 2026-08-20 supplier dig (Zak named the suppliers): A Rodda Willow Lake Chard 23 @ 37.6983/bottle, latest INV-02956 2026-07-27. the 2023 vintage code of the same wine; both codes feed the record, newest wins)",A. Rodda Chardonnay - Bottle
viticult:ARWLC24,lightspeed:20467569,"product_map (verified 2026-08-20 supplier dig (Zak named the suppliers): A Rodda Willow Lake Chard 2024 @ 37.6983/bottle, latest INV-02634 2026-07-13. A Rodda Willow Lake Chard 2024, $37.6983/bottle vs BO $37.70 — exact)",A. Rodda Chardonnay - Bottle
viticult:ECPM24,lightspeed:20464662,product_map (name+price),Padrillos Malbec - Bottle
viticult:LPMA25,lightspeed:23120129,product_map (declared 2026-08-20 off Viticult 6 May (Dext); LUC 20.810 printed = seed exact; the one-off found),La Petite Mort Albarino 2025 - Bottle
viticult:LPMR25,lightspeed:23120216,product_map (declared 2026-08-20 off Viticult 6 May (Dext); LUC 20.812 printed = seed exact),La Petite Mort Rosso 2025 - Bottle
viticult:OC24,lightspeed:20464694,product_map (name+price),Ottelia Chardonnay - Bottle
viticult:OCS21,lightspeed:20464651,"product_map (verified 2026-08-20 supplier dig (Zak named the suppliers): Ottelia Cabernet Sauv 21 @ 21.8761/bottle, latest INV-02956 2026-07-27. Ottelia Cabernet Sauv 21, $21.8761/bottle vs BO $24.20 — a real 10% fall)",Ottelia Cab Sav - Bottle
viticult:TS25,lightspeed:20464635,product_map (declared 2026-08-20 off Viticult INV-03535 (Dext; mailbox missed all Aug Viticult); LUC 18.037 = ls-seed exact),Trutta Streamside Shiraz [Chilled] - Bottle
viticult:YF24,lightspeed:22001021,product_map (declared 2026-08-20 off Viticult 3 Aug (Dext); LUC 19.425 = ls-seed exact; BO seed was stale),Year Wines Fiano - Bottle
viticult:YZ24,lightspeed:20467573,product_map (declared 2026-08-20 off Viticult 20 Apr (Dext); WET arithmetic closes on the dozen),Year Wines 'Zagara' Orange - Bottle
wine-enterprises:AZURPN,lightspeed:20700639,product_map (declared 2026-08-20 off Wine Enterprises INV-5308 (case of 12 proven vs BO); Deja Vu trading name per Zak),Azurescens Pinot Noir - Bottle
wine-enterprises:FSSHIRAZ,lightspeed:20700646,product_map (declared 2026-08-20 off Wine Enterprises INV-5308 (case of 12 proven vs BO); Deja Vu trading name per Zak),From Sundays Shiraz - Bottle
wine-enterprises:PALLPROS,lightspeed:20700620,product_map (declared 2026-08-20 off Wine Enterprises INV-5308 (case of 12 proven vs BO); Deja Vu trading name per Zak),Palloncino Prosecco - Bottle
young-rashleigh:PIZVFSAN1224,lightspeed:20466168,product_map (name+price),Villa Fresco Sangiovese - Bottle
