item_id,item_name,base_unit,conflict,recipe_units_seen,note
lightspeed:20445539,Corn Chips [bag],g,false,gx11,
lightspeed:20445566,Mushrooms [4Kg box],g,false,gx26,
lightspeed:20445569,Bocconcini [1Kg],g,false,gx18,
lightspeed:20445571,Fetta [2Kg],g,false,gx12,
lightspeed:20445572,BBQ Sauce [Bottle 946ml],g,false,gx7,
lightspeed:20445579,Basil [Bunch/2.50],g,false,gx10,
lightspeed:20445580,Coriander [bunch],,true,bunchx2,"only ever consumed in bunch, which has no declared conversion"
lightspeed:20445584,Capsicum [1Kg],g,false,gx24,
lightspeed:20445586,Corn [2Kg],g,false,gx12,
lightspeed:20445593,Pumpkin [1kg],g,false,gx6,
lightspeed:20445595,Shallots [Bunch],g,false,gx18,
lightspeed:20445597,Spanish Onion [10Kg],g,false,gx57,
lightspeed:20445598,Sundried Tomato [1Kg],g,false,gx2,
lightspeed:20445599,Anchovies [Tin 690g],g,false,gx6,
lightspeed:20445601,Prawns [Box 7kg],g,false,gx12,
lightspeed:20445603,Chicken [5Kg] [BBQ Chicken Pizza],g,false,gx14,
lightspeed:20445610,Pepperoni [3kg],g,false,gx30,
lightspeed:20445612,Calabrese [1Kg],g,false,gx7,
lightspeed:20445700,Peroni,,true,mlx2|eax1,"consumed in each, ml — two things under one id, or a recipe typo"
lightspeed:20445701,Corona,,true,mlx2|eax1,"consumed in each, ml — two things under one id, or a recipe typo"
lightspeed:20445702,Better Beer Tin,,true,mlx2|eax1,"consumed in each, ml — two things under one id, or a recipe typo"
lightspeed:20445703,Two Bays Pale Ale Can,,true,mlx2|eax1,"consumed in each, ml — two things under one id, or a recipe typo"
lightspeed:20445704,VB Tinnie,,true,mlx3|eax1,"consumed in each, ml — two things under one id, or a recipe typo"
lightspeed:20445705,Asahi 3.5%,,true,mlx2|eax1,"consumed in each, ml — two things under one id, or a recipe typo"
lightspeed:20445706,James Boags Light,,true,mlx2|eax1,"consumed in each, ml — two things under one id, or a recipe typo"
lightspeed:20445707,Heaps Normal Tin,,true,mlx2|eax1,"consumed in each, ml — two things under one id, or a recipe typo"
lightspeed:20445708,Grifter Pink Galah Tin,,true,mlx2|eax1,"consumed in each, ml — two things under one id, or a recipe typo"
lightspeed:20445709,Grifter Big Sur IPA Tin,,true,mlx1|eax1,"consumed in each, ml — two things under one id, or a recipe typo"
lightspeed:20445710,Grifter Omen Stout Tin,,true,mlx2|eax1,"consumed in each, ml — two things under one id, or a recipe typo"
lightspeed:20445711,Fellr Watermelon Seltzer Tin,ml,false,mlx2,
lightspeed:20445713,Young Henrys Cloudy Cider Can,,true,mlx2|eax1,"consumed in each, ml — two things under one id, or a recipe typo"
lightspeed:20445714,Monteith's Apple Cider Bottle,,true,mlx2|eax1,"consumed in each, ml — two things under one id, or a recipe typo"
lightspeed:20445737,Dom Pérignon Champagne - Bottle,each,false,eax1,
lightspeed:20445807,Never Never Oyster Shell Gin [Bottle],ml,false,mlx3,
lightspeed:20445808,Hendrick's Gin [Bottle],ml,false,mlx2,
lightspeed:20445809,Archie Rose Signature Gin [Bottle],ml,false,mlx1,
lightspeed:20445810,Bombay Sapphire [Bottle],ml,false,mlx4,
lightspeed:20445811,Bombay Dry [Bottle],ml,false,mlx22,
lightspeed:20445812,Wolf Lane Navy Gin [Bottle],ml,false,mlx2,
lightspeed:20445814,Four Pillars Olive Leaf [Bottle],ml,false,mlx4,
lightspeed:20445815,Four Pillars Rare Dry [Bottle],ml,false,mlx4,
lightspeed:20445818,Hartshorn Sheep Whey Vodka [Bottle],ml,false,mlx1,
lightspeed:20445819,Tilde Raw Vodka [Bottle],ml,false,mlx1,
lightspeed:20445821,Grey Goose [Bottle],ml,false,mlx3,
lightspeed:20445822,White Light Pure Vodka [20L],ml,false,mlx13,
lightspeed:20445823,Belvedere Vodka [Bottle],ml,false,mlx2,
lightspeed:20445824,1800 Coconut [Bottle],ml,false,mlx1,
lightspeed:20445825,Patron Silver [Bottle],ml,false,mlx3,
lightspeed:20445826,Herradura Plata [Bottle],ml,false,mlx2,
lightspeed:20445827,Patron Reposado [Bottle],ml,false,mlx3,
lightspeed:20445828,Cazcabel Reposado Tequila [Bottle],ml,false,mlx1,
lightspeed:20445829,Casamigos Reposado Tequila [Bottle],ml,false,mlx2,
lightspeed:20445831,Fortaleza Reposado [Bottle],ml,false,mlx2,
lightspeed:20445832,Don Julio 1942 Añejo [Bottle],ml,false,mlx1,
lightspeed:20445833,Rooster Rojo Blanco Tequila [Bottle],ml,false,mlx19,
lightspeed:20445834,Lost Explorer Espadín Mezcal [Bottle],ml,false,mlx1,
lightspeed:20445835,Quiquiriqui Mezcal [Bottle],ml,false,mlx2,
lightspeed:20445836,Illegal Reposado Mezcal [Bottle],ml,false,mlx1,
lightspeed:20445837,Bunnahabhain 12yr [Bottle],ml,false,mlx1,
lightspeed:20445838,Hakushu 12yr [Bottle],ml,false,mlx3,
lightspeed:20445839,Yamazaki 12yr [Bottle],ml,false,mlx2,
lightspeed:20445841,Macallan Sherry Oak 12yr [Bottle],ml,false,mlx2,
lightspeed:20445842,Glenmorangie Signet [Bottle],ml,false,mlx1,
lightspeed:20445843,Glendronach 12yr [Bottle],ml,false,mlx1,
lightspeed:20445844,Johnnie Walker Black [Bottle],ml,false,mlx2,
lightspeed:20445846,Lagavulin 16yr [Bottle],ml,false,mlx1,
lightspeed:20445847,Laphroaig 10yr [Bottle],ml,false,mlx3,
lightspeed:20445848,Redbreast 12yr [Bottle],ml,false,mlx1,
lightspeed:20445850,Jameson Irish Whiskey [Bottle],ml,false,mlx1,
lightspeed:20445852,Buffalo Trace Bourbon [Bottle],ml,false,mlx12,
lightspeed:20445853,Angel's Envy Bourbon [Bottle],ml,false,mlx1,
lightspeed:20445854,Jack Daniels [Bottle],ml,false,mlx2,
lightspeed:20445855,Monkey Shoulder Scotch [Bottle],ml,false,mlx2,
lightspeed:20445856,Plantation 3 Stars White Rum [Bottle],ml,false,mlx1,
lightspeed:20445858,Flor De Caña 4 Extra Seco [Bottle],ml,false,mlx1,
lightspeed:20445859,Clairin Vaval [Bottle],ml,false,mlx1,
lightspeed:20445860,Appleton Rum [Bottle],ml,false,mlx7,
lightspeed:20445861,Myer's Jamaican Rum [Bottle],ml,false,mlx3,
lightspeed:20445862,Flor De Caña 12yr [Bottle],ml,false,mlx2,
lightspeed:20445863,Ron Zacapa 23yr [Bottle],ml,false,mlx1,
lightspeed:20445864,Sailor Jerry [700ml],ml,false,mlx9,
lightspeed:20445865,Kraken Rum [Bottle],ml,false,mlx4,
lightspeed:20445866,Bacardi Blanca [700ml],ml,false,mlx11,
lightspeed:20445868,Cointreau [Bottle],ml,false,mlx1,
lightspeed:20445869,Brookie's Mac. Liqueur [Bottle],ml,false,mlx2,
lightspeed:20445870,Mr Black Coffee Liqueur [Bottle],ml,false,mlx3,
lightspeed:20445871,Grand Marnier [Bottle],ml,false,mlx2,
lightspeed:20445872,Baileys Irish Cream [1L Bottle],ml,false,mlx1,
lightspeed:20445875,St. Germain Elderflower Liqueur [Bottle],ml,false,mlx2,
lightspeed:20445878,Amaro Montenegro [Bottle],ml,false,mlx1,
lightspeed:20445879,Braulio [Bottle],ml,false,mlx2,
lightspeed:20445882,Fernet Branca [Bottle],ml,false,mlx2,
lightspeed:20445883,Oscar.697 Bianco Vermouth [Bottle],ml,false,mlx1,
lightspeed:20445887,Dolin Blanc Vermouth [Bottle],ml,false,mlx1,
lightspeed:20445888,Regal Rogue Wild Rosé Vermouth [500ml],ml,false,mlx1,
lightspeed:20445889,Mancino Sakura Vermouth [Bottle],ml,false,mlx2,
lightspeed:20445890,Antica Formula Rosso Vermouth [Bottle],ml,false,mlx2,
lightspeed:20445891,Oscar.697 Rosso Vermouth [Bottle],ml,false,mlx1,
lightspeed:20445893,Regal Rogue Bold Red Vermouth [5L],ml,false,mlx3,
lightspeed:20445894,Campari [Bottle],ml,false,mlx10,
lightspeed:20445895,Aperol [Bottle],ml,false,mlx5,
lightspeed:20445897,San Pellegrino 500ml,,true,mlx3|eax1,"consumed in each, ml — two things under one id, or a recipe typo"
lightspeed:20445917,Bundaberg Ginger Beer [750ml],ml,false,mlx13,
lightspeed:20459447,4 Pines Kolsch Bottle D,,true,mlx1|eax1,"consumed in each, ml — two things under one id, or a recipe typo"
lightspeed:20459505,Grifter Pale Ale Cans D,,true,mlx1|eax1,"consumed in each, ml — two things under one id, or a recipe typo"
lightspeed:20459532,Status Quo Can D,,true,mlx1|eax1,"consumed in each, ml — two things under one id, or a recipe typo"
lightspeed:20459552,Coke 1.25L,,true,mlx1|eax1,"consumed in each, ml — two things under one id, or a recipe typo"
lightspeed:20459553,Coke Zero 1.25L,,true,mlx1|eax1,"consumed in each, ml — two things under one id, or a recipe typo"
lightspeed:20459554,Solo 1.25L,each,false,eax1,
lightspeed:20459555,Sprite 1.25L,,true,mlx1|eax1,"consumed in each, ml — two things under one id, or a recipe typo"
lightspeed:20459557,Sunkist 1.25L,each,false,eax1,
lightspeed:20459560,Coke Can,ml,false,mlx1,
lightspeed:20459561,Coke Zero Can,ml,false,mlx1,
lightspeed:20459564,Sprite Can,ml,false,mlx1,
lightspeed:20464467,A. Rodda Tempranillo - Bottle,ml,false,mlx1,
lightspeed:20464486,Das Juice Pink Pet Nat - Bottle,ml,false,mlx3,
lightspeed:20464635,Trutta Streamside Shiraz [Chilled] - Bottle,ml,false,mlx5,
lightspeed:20464639,Domaine Gueguen Chablis - Bottle,ml,false,mlx3,
lightspeed:20464644,Dormilona Chenin Blanc - Bottle,ml,false,mlx3,
lightspeed:20464651,Ottelia Cab Sav - Bottle,ml,false,mlx3,
lightspeed:20464656,Glaetzer Anaperenna Shiraz Cab - Bottle,ml,false,mlx2,
lightspeed:20464662,Padrillos Malbec - Bottle,ml,false,mlx3,
lightspeed:20464670,Kuku Sauvignon Blanc - Bottle,ml,false,mlx3,
lightspeed:20464685,Mother's Milk Shiraz - Bottle,ml,false,mlx3,
lightspeed:20464694,Ottelia Chardonnay - Bottle,ml,false,mlx3,
lightspeed:20464707,Two Tonne Riesling - Bottle,ml,false,mlx5,
lightspeed:20466083,Ravensworth Skins Gris - Bottle,ml,false,mlx3,
lightspeed:20466090,Scout Pinot Gris - Bottle,ml,false,mlx3,
lightspeed:20466095,Sigurd White Blend - Bottle,ml,false,mlx2,
lightspeed:20466100,Sigurd GSM Red Blend - Bottle,ml,false,mlx2,
lightspeed:20466106,Petits Detours Rosé Mediterranee - Bottle,ml,false,mlx4,
lightspeed:20466112,Trentham Estate Rosé - Bottle,ml,false,mlx4,
lightspeed:20466120,Version Two Pinot Grigio - Bottle,ml,false,mlx4,
lightspeed:20466130,Version Two Sparkling - Bottle,ml,false,mlx11,
lightspeed:20466168,Villa Fresco Sangiovese - Bottle,ml,false,mlx4,
lightspeed:20467569,A. Rodda Chardonnay - Bottle,ml,false,mlx3,
lightspeed:20467573,Year Wines 'Zagara' Orange - Bottle,ml,false,mlx3,
lightspeed:20467596,Garlic Bread,,true,mlx2|eax1,"consumed in each, ml — two things under one id, or a recipe typo"
lightspeed:20471109,Tomato Sauce [10kg],g,false,gx3,
lightspeed:20483413,Massenez Triple Sec [5L],ml,false,mlx37,
lightspeed:20483609,Carpano Classico [750ml],ml,false,mlx2,
lightspeed:20484685,Bailey's Irish Cream 1L [Bottle],ml,false,mlx2,
lightspeed:20484688,Balvenie 14yr Caribbean Cask [Bottle],ml,false,mlx2,
lightspeed:20484711,700ml Glass Bottle,ml,false,mlx4,
lightspeed:20484714,250ml Glass Bottle,ml,false,mlx2,
lightspeed:20484732,Big Sur IPA [Keg],ml,false,mlx2,
lightspeed:20484784,Fever-Tree Naturally Light Tonic [Bottle],ml,false,mlx2,
lightspeed:20484930,White Light Vodka [20L],ml,false,mlx18,
lightspeed:20484934,Kahlua [1L],ml,false,mlx8,
lightspeed:20484935,Barrel One Coffee Concentrate [Bottle],ml,false,mlx7,
lightspeed:20484940,Cocktail Sticker,ml,false,mlx6,
lightspeed:20484956,Fever-Tree Mediterannean Tonic [Bottle],ml,false,mlx3,
lightspeed:20485056,Cri De Couer Pinot Noir - Bottle,ml,false,mlx3,
lightspeed:20487270,Angostura Bitters [200ml],ml,false,mlx23,
lightspeed:20487286,Four Pillars Bloody Shiraz [Bottle],ml,false,mlx2,
lightspeed:20487298,Alehouse Draught Lager [Keg],ml,false,mlx4,
lightspeed:20487313,Alehouse Summer Mid [Keg],ml,false,mlx3,
lightspeed:20487319,Noilly Prat Dry Vermouth [Bottle],ml,false,mlx17,
lightspeed:20487328,De Bortoli Gold Seal Dry Red [15L],ml,false,mlx5,
lightspeed:20487331,Gospel Solera Rye [Bottle],ml,false,mlx3,
lightspeed:20487426,Grifter Pale [Keg],ml,false,mlx2,
lightspeed:20487459,Harveys Bristol Cream Sherry [Bottle],ml,false,mlx1,
lightspeed:20487709,Manly Spirits Limoncello [Bottle],ml,false,mlx2,
lightspeed:20487793,Massenez Black Cacao [5L],ml,false,mlx2,
lightspeed:20487805,Fee Bros Black Walnut Bitters [150ml],ml,false,mlx2,
lightspeed:20487875,Philter Red [Keg],ml,false,mlx2,
lightspeed:20487938,Philter XPA [Keg],ml,false,mlx2,
lightspeed:20487958,Poor Tom's Strawberry Gin [Bottle],ml,false,mlx3,
lightspeed:20488005,Zacapa Centenario 23yr [Bottle],ml,false,mlx4,
lightspeed:20488033,Seadrift Coast [Bottle],ml,false,mlx1,
lightspeed:20488066,Grifter Serpents Kiss Can,,true,mlx2|eax1,"consumed in each, ml — two things under one id, or a recipe typo"
lightspeed:20492634,Status Quo [Keg],ml,false,mlx2,
lightspeed:20492637,Stone & Wood [Keg],ml,false,mlx3,
lightspeed:20492640,Chartreuse Yellow [Bottle],ml,false,mlx1,
lightspeed:20492642,Massenez Wild Strawberry [750ml],ml,false,mlx1,
lightspeed:20492685,Lyre's Italian Spritz [Bottle],ml,false,mlx1,
lightspeed:20492687,Vinada Sparking Rosé [Bottle],ml,false,mlx2,
lightspeed:20492688,Disaronno [Bottle],ml,false,mlx3,
lightspeed:20492689,Domaine de Canton Ginger Liqueur [Bottle],ml,false,mlx1,
lightspeed:20492690,Italicus Bergamot Liqueur [Bottle],ml,false,mlx2,
lightspeed:20492692,Massenez Cacao Blanc [750ml],ml,false,mlx2,
lightspeed:20492694,Tanqueray 10 [Bottle],ml,false,mlx1,
lightspeed:20492697,Tequila Ocho Anejo [Bottle],ml,false,mlx1,
lightspeed:20492701,Tito's Vodka [Bottle],ml,false,mlx1,
lightspeed:20492707,Chambord [Bottle],ml,false,mlx5,
lightspeed:20492724,Wray & Nephew's OR Rumbar OP Rum [Bottle],ml,false,mlx1,
lightspeed:20496148,Old Panther [Keg],ml,false,mlx2,
lightspeed:20512316,Tempus Fugit Violette [Bottle],ml,false,mlx2,
lightspeed:20512320,Luxardo Maraschino [Bottle],ml,false,mlx7,
lightspeed:20512408,Germano Caetano Cachaça [Bottle],ml,false,mlx3,
lightspeed:20512418,Joseph Cartron Apricot Brandy [Bottle],ml,false,mlx2,
lightspeed:20512419,Brookie's Slow Gin [Bottle],ml,false,mlx2,
lightspeed:20512429,Lillet Blanc Aperitif [Bottle],ml,false,mlx4,
lightspeed:20512432,Pernod Absinthe [Bottle],ml,false,mlx2,
lightspeed:20512442,Chartreuse Green [Bottle],ml,false,mlx2,
lightspeed:20512452,Bols Genever [Bottle],ml,false,mlx1,
lightspeed:20512724,Pimm's Aperitif [Bottle],ml,false,mlx1,
lightspeed:20512731,Barsol Pisco [Bottle],ml,false,mlx1,
lightspeed:20512800,St. Remy Brandy [Bottle],ml,false,mlx2,
lightspeed:20564868,Lime [Tray],,true,trayx1,"only ever consumed in tray, which has no declared conversion"
lightspeed:20564869,Lemon [Sliced],,true,gx13|mlx5,"consumed in g, ml — two things under one id, or a recipe typo"
lightspeed:20564881,Cucumber,each,false,eax1,
lightspeed:20645869,Crankshaft IPA [Keg],ml,false,mlx2,
lightspeed:20645881,Veuve Clicquot Yellow Label - Bottle,ml,false,mlx3,
lightspeed:20645891,Screaming Betty Vermentino [750ml],ml,false,mlx1,
lightspeed:20645902,Unico Zelo Terra Cotta - Bottle,ml,false,mlx3,
lightspeed:20645909,Dragonfly Grenache - Bottle,ml,false,mlx3,
lightspeed:20645912,Travelling While Standing Still Gin [700ml],ml,false,mlx1,
lightspeed:20645918,Gosling's Black Rum [700ml],ml,false,mlx2,
lightspeed:20655236,Geppetto Pinot Noir - Bottle,ml,false,mlx3,
lightspeed:20655376,De La Grosse Beaujolais - Bottle,ml,false,mlx3,
lightspeed:20681676,Lemonade [mixer],each,false,eax2,
lightspeed:20681681,Pink Lemonade [mixer],each,false,eax1,
lightspeed:20691638,Heaps Normal Quiet XPA,each,false,eax1,
lightspeed:20691643,Bintang,each,false,eax1,
lightspeed:20691644,Tsingtao Longneck,each,false,eax1,
lightspeed:20691647,Kaiju Hazy Pale [HG],each,false,eax1,
lightspeed:20691649,Philter Old Ale [HG],each,false,eax1,
lightspeed:20700602,Angas & Bremer Grenache - Bottle,ml,false,mlx2,
lightspeed:20700616,Angas & Bremer Rosé - Bottle,ml,false,mlx2,
lightspeed:20700620,Palloncino Prosecco - Bottle,ml,false,mlx3,
lightspeed:20700625,Esoterico Orange - Bottle,ml,false,mlx2,
lightspeed:20700630,Geppetto Chardonnay - Bottle,ml,false,mlx2,
lightspeed:20700634,L'esprit Rosé - Bottle,ml,false,mlx2,
lightspeed:20700639,Azurescens Pinot Noir - Bottle,ml,false,mlx2,
lightspeed:20700643,Kuku Sauv Blanc - Bottle,ml,false,mlx2,
lightspeed:20700646,From Sundays Shiraz - Bottle,ml,false,mlx2,
lightspeed:20700650,River Retreat Pinot Grigio - Bottle,ml,false,mlx2,
lightspeed:20702600,Pepsi Glass,each,false,eax1,
lightspeed:20710023,Frangelico [Bottle],ml,false,mlx2,
lightspeed:20710041,Cherry Heering [Bottle],ml,false,mlx1,
lightspeed:20710102,Canadian Club [Bottle],ml,false,mlx2,
lightspeed:20710120,Fireball [Bottle],ml,false,mlx2,
lightspeed:20710158,Tempus Fugit Creme de Banane [Bottle],ml,false,mlx2,
lightspeed:20727770,Bickfords Raspberry Cordial [Bottle],ml,false,mlx2,
lightspeed:20727774,Bittermen's Burlesque Bitters,ml,false,mlx1,
lightspeed:20727779,Bittermen's Tiki Bitters [Bottle],ml,false,mlx1,
lightspeed:20727873,St. Felix Bitter Aperitivo [Bottle],ml,false,mlx1,
lightspeed:20727954,De Kuyper Butterscotch Schnapps [Bottle],ml,false,mlx1,
lightspeed:20727968,De Kuyper Peach Schnapps [Bottle],ml,false,mlx1,
lightspeed:20728346,Sibiliana Nero D'Avola - Bottle,ml,false,mlx3,
lightspeed:20728902,Casa Gheller Prosecco - Bottle,ml,false,mlx2,
lightspeed:20729541,Michter's Bourbon [Bottle],ml,false,mlx1,
lightspeed:20729561,Joseph Cartron Creme de Peche [Bottle],ml,false,mlx1,
lightspeed:20744471,Rooster Blanco Tequila [Bottle],ml,false,mlx6,
lightspeed:20744549,Alehouse Premium Lager [Keg],ml,false,mlx5,
lightspeed:20744554,Grifter XPA [Keg],ml,false,mlx4,
lightspeed:20744653,Roku Gin [Bottle],ml,false,mlx1,
lightspeed:20744656,Haku Vodka [Bottle],ml,false,mlx1,
lightspeed:20744663,Hibiki Harmony [Bottle],ml,false,mlx1,
lightspeed:20744688,Calle 23 Blanco Tequila [Bottle],ml,false,mlx1,
lightspeed:20747514,Angostura Bitters - Bottle 200ml,ml,false,mlx4,
lightspeed:20768355,Brookie's Shirl the Pearl [Bottle],ml,false,mlx1,
lightspeed:20768400,Milagro Reposado Tequila [Bottle],ml,false,mlx1,
lightspeed:20768432,Saika Junmai Daiginjo [720ml],ml,false,mlx3,
lightspeed:20768492,Handago Junmai Ginjo [1.8L],ml,false,mlx2,
lightspeed:20768495,Tengumai Umajan Junmai [1.8L],ml,false,mlx2,
lightspeed:20779180,Pepsi Max Glass,each,false,eax1,
lightspeed:20786711,Kirin [Keg],ml,false,mlx2,
lightspeed:20795747,Monteith's Apple Cider [HG],each,false,eax1,
lightspeed:20840007,St. Felix Yuzu Green Tea Spirit [Bottle],ml,false,mlx2,
lightspeed:20873385,Barebones Clear Ice Block,each,false,eax1,
lightspeed:20873421,Diplomatico Mantuana [Bottle],ml,false,mlx1,
lightspeed:20873427,Massenez Raspberry Framboise [Bottle],ml,false,mlx1,
lightspeed:20904019,Wa no Kokoro Yuzushu [Bottle],ml,false,mlx3,
lightspeed:20944710,Sapporo [Keg],ml,false,mlx3,
lightspeed:20961451,Cocchi Chinato [Bottle],ml,false,mlx1,
lightspeed:21003096,Jinzu Gin [Bottle],ml,false,mlx1,
lightspeed:21003110,Opihr Spiced Gin [Bottle],ml,false,mlx1,
lightspeed:21004391,Kunizakari Umeshu [Bottle],ml,false,mlx2,
lightspeed:21019883,Dehydrated Jalapeño Garnish,ml,false,mlx1,
lightspeed:21019999,Dehydrated Lime Garnish,g,false,gx17,
lightspeed:21020008,Flake Salt [6kg Box],g,false,gx20,
lightspeed:21020155,Coconut Oil Macro [Jar],g,false,gx1,
lightspeed:21020204,Edible Flower [Punnet],g,false,gx3,
lightspeed:21020214,Organic Vanilla Extract [500ml],ml,false,mlx5,
lightspeed:21020232,Coffee Beans [1kg],g,false,gx3,
lightspeed:21150832,Diplomatico Mantuano [Bottle],ml,false,mlx1,
lightspeed:21299452,Little Dragon Ginger Beer [Keg],ml,false,mlx2,
lightspeed:21319585,Hyoketsu Lemon [HG],each,false,eax1,
lightspeed:21364082,Fuji Blended Whisky [Bottle],ml,false,mlx1,
lightspeed:21712396,Gluten-free Base,each,false,eax1,
lightspeed:21749602,Whispering Angel Rosé - Bottle,ml,false,mlx4,
lightspeed:21750311,Jinro Chamisul - 360ml,ml,false,mlx2,
lightspeed:21750316,Jinro Strawberry - 360ml,ml,false,mlx1,
lightspeed:21750877,Kuromatsu Honjozo [900ml],ml,false,mlx2,
lightspeed:21939293,Little Dragon Can,each,false,eax1,
lightspeed:21999746,Havana 3yr [700ml],ml,false,mlx5,
lightspeed:21999769,Peroni 0%,each,false,eax1,
lightspeed:22001021,Year Wines Fiano - Bottle,ml,false,mlx2,
lightspeed:22081691,Grifter Serpents Kiss [Keg],ml,false,mlx2,
lightspeed:22169755,Hine Rare VSOP Cognac [700ml],ml,false,mlx1,
lightspeed:22253061,Nikka Black Whisky [700ml],ml,false,mlx2,
lightspeed:22267080,Hills Cider [Keg],ml,false,mlx2,
lightspeed:22296524,Hyoketsu Lemon [Keg],ml,false,mlx2,
lightspeed:22384136,Little Dragon Ginger Beer Can,each,false,eax1,
lightspeed:22442211,Café Patron [Bottle],ml,false,mlx1,
lightspeed:22442475,Plantation Original Dark [Bottle],ml,false,mlx2,
lightspeed:22442938,Grifter Big Sur IPA Can [HG],each,false,eax1,
lightspeed:22479979,Big Cheese - Shredded Mozzarella [2kg],g,false,gx134,
lightspeed:22480046,Prosciutto Sliced [500g],g,false,gx14,
lightspeed:22480081,Baby Spinach [1.5Kg],g,false,gx18,
lightspeed:22480095,Chorizo [1Kg],g,false,gx6,
lightspeed:22480103,Basil Pesto [1.9Kg],g,false,gx12,
lightspeed:22480112,Jalapenos [3Kg],g,false,gx13,
lightspeed:22480144,Char-grilled Caps [4.1Kg],g,false,gx13,
lightspeed:22480147,Zucchini [1Kg],g,false,gx7,
lightspeed:22480169,Harissa Prawns [7Kg],g,false,gx6,
lightspeed:22488943,Pineapple Cut Squid [5kg],g,false,gx2,
lightspeed:22488947,Lime Juice [2Lt],ml,false,mlx1,
lightspeed:22488995,Avocado [Tray],,true,mlx1|gx1,"consumed in g, ml — two things under one id, or a recipe typo"
lightspeed:22491319,J.J. Beef [Top Side Kg],g,false,gx6,
lightspeed:22491356,Cherry Tom [250g/Punnet],g,false,gx23,
lightspeed:22491471,Grilled Chicken [Kg],g,false,gx6,
lightspeed:22491666,Brown Onions [20kg],g,false,gx27,
lightspeed:22491679,Pineapple pizza [9Kg],g,false,gx18,
lightspeed:22491688,Mixed Olives [6Kg],g,false,gx12,
lightspeed:22491689,Bacon pizza [5Kg],g,false,gx12,
lightspeed:22491710,Roma Tomato [box],g,false,gx12,
lightspeed:22493903,Chives [bunch],g,false,gx1,
lightspeed:22507818,Chicken Wing [5KG],g,false,gx1,
lightspeed:22507943,Mint [bunch],,true,bunchx1,"only ever consumed in bunch, which has no declared conversion"
lightspeed:22508452,Liquid Nitrogen [10L],ml,false,mlx1,
lightspeed:22510270,Slaw,g,false,gx4,
lightspeed:22514063,Garlic Sauce Base,g,false,gx6,
lightspeed:22514068,Mushrooms Ragu,g,false,gx6,
lightspeed:22514075,Caramelised Onion,g,false,gx10,
lightspeed:22514089,Vegan Shredded Cheese [500g],g,false,gx8,
lightspeed:22514090,Walnuts [1kg],g,false,gx9,
lightspeed:22514091,Truffole Oil [250ml],ml,false,mlx6,
lightspeed:22514094,Baby Rocket,g,false,gx7,
lightspeed:22514113,Pizza Eggplant,g,false,gx6,
lightspeed:22514234,Vegetable Oil,ml,false,mlx5,
lightspeed:22514239,Pizza Yeast,g,false,gx1,
lightspeed:22514324,Parsley,g,false,gx1,
lightspeed:22514326,Oregano Leaves Rubbed - Torino,g,false,gx131,
lightspeed:22514330,Tomato Paste,g,false,gx1,
lightspeed:22523805,Chilli Flakes,g,false,gx18,
lightspeed:22523874,Zaat'ar,g,false,gx6,
lightspeed:22524073,Mayo [plain],g,false,gx1,
lightspeed:22524075,Fresh Parsley [Bunch],,true,bunchx1,"only ever consumed in bunch, which has no declared conversion"
lightspeed:22524104,Balsamic Vinegar [5L],ml,false,mlx2,
lightspeed:22524105,Olive Oil [4L],ml,false,mlx2,
lightspeed:22524108,Red Chilli [10/Kg],g,false,gx4,
lightspeed:22524134,Peeled Garlic [1Kg],g,false,gx9,
lightspeed:22524158,Spiced Sour Cream [Batch],g,false,gx6,
lightspeed:22533097,Yoghurt Greek Style [1Kg],g,false,gx2,
lightspeed:22533151,Tandoori Paste [1.25Kg],g,false,gx1,
lightspeed:22562653,Jasmine Rice [kg],g,false,gx2,
lightspeed:22575946,818 Tequila Blanco [700ml],ml,false,mlx1,
lightspeed:22575954,Don Julio Blanco [Bottle],ml,false,mlx1,
lightspeed:22614115,Fortaleza Añejo [Bottle],ml,false,mlx1,
lightspeed:22614595,Hard Rated Can,each,false,eax1,
lightspeed:22684315,Massenez Elderflower [5L],ml,false,mlx3,
lightspeed:22795730,Two Bays GF Rice Lager Can [HG],each,false,eax1,
lightspeed:22796313,Black Beans [7.8kg],g,false,gx7,
lightspeed:22843691,Passionfruit Puree Seedless [1kg],g,false,gx1,
lightspeed:22843720,East Coast Grapefruit [2L],ml,false,mlx2,
lightspeed:22843745,Bundaberg White Sugar [25kg],g,false,gx8,
lightspeed:22843971,Malic Acid [1kg],g,false,gx3,
lightspeed:22843972,Citric Acid [20kg],g,false,gx3,
lightspeed:22843990,Coco Lopez [Can],ml,false,mlx1,
lightspeed:22843999,Jalapeño Juice [1L],ml,false,mlx1,
lightspeed:22844058,East Coast Pineapple Juice [2L],ml,false,mlx3,
lightspeed:22844065,East Coast Apple Juice [2L],ml,false,mlx2,
lightspeed:22844068,East Coast Cranberry Juice [2L],ml,false,mlx2,
lightspeed:22844123,East Coast Orange Juice [2L],ml,false,mlx2,
lightspeed:22865362,Ancho Reyes Chilli Liqueur [Bottle],ml,false,mlx1,
lightspeed:22873696,Massenez Mango Liqueur [5L Cask],ml,false,mlx2,
lightspeed:22873831,"Regular Pizza Box 11""",each,false,eax48,
lightspeed:22873851,"Large Pizza Box 13""",each,false,eax47,
lightspeed:22873876,Pizza Box Inserts,each,false,eax95,
lightspeed:22874436,Roasted Red Peppers [A12],ml,false,mlx1,
lightspeed:22874477,Ginger Honey Syrup,ml,false,mlx1,
lightspeed:22874517,Yuzu Juice,ml,false,mlx1,
lightspeed:22874518,Massenez Apple [700ml],ml,false,mlx1,
lightspeed:22888608,Chicken Schnitzel Breast Crumbed 150g (6kg/Ctn),g,false,gx2,
lightspeed:22888614,Achiote Paste 1kg El Yucateco,g,false,gx1,
lightspeed:22888615,Aioli Garlic Mayonnaise 10kg Birch & Waite,g,false,gx2,
lightspeed:22888616,Almond Meal 1kg Natures Secret,g,false,gx1,
lightspeed:22888618,Barramundi Fillets Imp 200/300 S/Off 5kg Trading,g,false,gx1,
lightspeed:22888623,Butter Girgar 1.5kg Mainland,g,false,gx1,
lightspeed:22888625,Cheese Parmesan Block Grana 1/4 Avg 4.4kg R/W Emilgrana,g,false,gx2,
lightspeed:22888630,Farm Frites Crispy Coated 10mm [2.5kg],g,false,gx10,
lightspeed:22888632,Coriander Ground 400g Chefs Choice,g,false,gx3,
lightspeed:22888642,Honey Pure 3kg Wild Flower,g,false,gx1,
lightspeed:22888647,Mayonnaise Mild Japanese 1kg Kewpie,g,false,gx1,
lightspeed:22888649,Mayonnaise Whole Egg 20kg Plate & Platter,g,false,gx3,
lightspeed:22888650,Milk Fresh Full Cream 2L Norco,ml,false,mlx2,
lightspeed:22888658,Pepper White Ground 500g Galaxy,g,false,gx7,
lightspeed:22888660,Preserved Lemon 350g Chefs Choice,g,false,gx1,
lightspeed:22888666,Stock Powder Vegetable Tin 2.5kg Massel,g,false,gx5,
lightspeed:22888667,Sugar Brown 1kg CSR,g,false,gx1,
lightspeed:22888668,Sugar Caster 1kg CSR,g,false,gx1,
lightspeed:22888670,Tempeh 250g Nutrisoy,g,false,gx2,
lightspeed:22888673,Truffle Paste Black 500g Mazza,g,false,gx1,
lightspeed:22888695,Lamb Leg Boned & Rolled Netted [1kg],g,false,gx1,
lightspeed:22888703,Almond Slivered 1kg Natures Secret,g,false,gx1,
lightspeed:22888705,Apricot Dried 1kg Natures Secret,g,false,gx1,
lightspeed:22888719,Butter Unsalted 500Gm Devondale,g,false,gx1,
lightspeed:22888720,Cajun Spice 500Gm Windsor Farm,g,false,gx1,
lightspeed:22888728,Chicken Nuggets Dinosnacks 6X1Kg Steggles,g,false,gx2,
lightspeed:22888732,Chipotle Chillis A10 In Adobe Sce 3kg Faro,g,false,gx2,
lightspeed:22888733,Chocolate Dark 1kg Natures Secret,g,false,gx1,
lightspeed:22888746,Cranberries Dried 1kg Natures Secret,g,false,gx1,
lightspeed:22888747,Cream Pure Fresh 2L Norco,ml,false,mlx1,
lightspeed:22888748,Cumin Ground 450Gm Chefs Choice,g,false,gx6,
lightspeed:22888760,Frank's Hot Sauce 1Galln 3.8L Franks,ml,false,mlx4,
lightspeed:22888762,Garlic Powder 5kg Galaxy,g,false,gx1,
lightspeed:22888768,Gravy Mix Rich Brown G/Free 7kg Executive Chef,g,false,gx1,
lightspeed:22888778,Ichimi Togarashi Chilli Pepper 300Gm Best,g,false,gx2,
lightspeed:22888788,Linseed ( Flaxseed ) 1kg Natures Secret,g,false,gx1,
lightspeed:22888794,Medjool Dates 1kg Natures Secret,g,false,gx1,
lightspeed:22888802,Mousse Chocolate 1.9kg Nestle,g,false,gx1,
lightspeed:22888803,Mustard Dijon 2.5kg Masterfoods,g,false,gx1,
lightspeed:22888805,Nectar Agave Organic 4L Chefs Choice,ml,false,mlx1,
lightspeed:22888818,Paprika Hungarian 500Gm Galaxy,g,false,gx1,
lightspeed:22888819,Paprika Smoked Bulk 25kg Galaxy,g,false,gx4,
lightspeed:22888828,Pickles Whole Dill 20kg Westmont,g,false,gx4,
lightspeed:22888833,Quinoa Seeds Mix 1kg Galaxy,g,false,gx1,
lightspeed:22888836,Salt Cooking 10kg Olssons,g,false,gx1,
lightspeed:22888837,Salt Cooking 1kg Olssons,g,false,gx2,
lightspeed:22888841,Sea Salt Flakes 1.5kg Sandhurst,g,false,gx8,
lightspeed:22888856,Sugar Demerera 375Gm CSR,g,false,gx1,
lightspeed:22888868,Turmeric Ground 500Gm Chefs Choice,g,false,gx2,
lightspeed:22888875,Vinegar White 20L Edlyn,ml,false,mlx2,
lightspeed:22888898,Patties Wagyu Tajima Classic 150g Fresh (20/Pk),g,false,gx2,
lightspeed:22893390,Babys Breath [bunch],g,false,gx1,
lightspeed:22893540,Pork Belly Boneless S/Less [kg],g,false,gx2,
lightspeed:22893549,Oil Cottonseed [20L],ml,false,mlx1,
lightspeed:22893550,Rice Jasmine Fragrant [20kg],g,false,gx4,
lightspeed:22893557,Chicken Thigh Flt S/Off RSPCA [kg],g,false,gx2,
lightspeed:22893566,Cooking Sake Jun [18L],ml,false,mlx5,
lightspeed:22893567,Rice Vinegar Uchibori [20L],ml,false,mlx2,
lightspeed:22893568,Gyoza Vegetable Marumatsu Jun [800g],g,false,gx2,
lightspeed:22893698,Pineapple Frozen [1kg],g,false,gx1,
lightspeed:22893699,Mango Frozen [1kg],g,false,gx2,
lightspeed:22893714,Acai Berry Man Tub [1kg],g,false,gx1,
lightspeed:22893724,Dragonfruit Puree [10kg],g,false,gx1,
lightspeed:22898071,Oyster Sauce Megachef [5.4kg],g,false,gx3,
lightspeed:22898072,Soy Sauce Dark Pearl River [600mL],ml,false,mlx2,
lightspeed:22898073,Soy Sauce Sweet Megachef [4.5L],ml,false,mlx4,
lightspeed:22898074,Garlic Fried Royles [kg],g,false,gx1,
lightspeed:22898075,Onion Fried Heaven Dragon [kg],g,false,gx1,
lightspeed:22898076,Egg Whole Pulp Frozen [10kg],g,false,gx1,
lightspeed:22898077,Bamboo Shoot Sliced A10 [2.84kg],g,false,gx2,
lightspeed:22898078,Pepper White Ground Galaxy [500g],g,false,gx1,
lightspeed:22898079,Pepper Black Whole Windsor Farm [500g],g,false,gx1,
lightspeed:22898080,Spring Roll Veg Hakka [ea],each,false,eax2,
lightspeed:22898081,Sesame Seed Black Jun [kg],g,false,gx2,
lightspeed:22898082,Sesame Seed White Roasted Jun [kg],g,false,gx7,
lightspeed:22898083,BBQ Pork Buns Canton [ea],each,false,eax2,
lightspeed:22898084,Peking Duck Spring Rolls Canton [ea],each,false,eax2,
lightspeed:22898085,Choi Sum [bunch],g,false,gx1,
lightspeed:22898086,Cabbage Green Shredded [kg],g,false,gx2,
lightspeed:22898507,Sesame Oil Heaven Dragon [2L],ml,false,mlx8,
lightspeed:22898520,Salt Cooking [kg],g,false,gx2,
lightspeed:22898623,Beans Edamame Soy Frozen [350g],g,false,gx1,
lightspeed:22898695,Bean Green [kg],g,false,gx1,
lightspeed:22898787,Ramen Noodles Fresh [kg],g,false,gx1,
lightspeed:22900613,Nori [125g],g,false,gx1,
lightspeed:22902924,Cabbage Red/Green Shredded Mix [kg],g,false,gx1,
lightspeed:22902927,Caster Sugar [kg],g,false,gx8,
lightspeed:22902935,Prawn Meat Raw Vannamei [700g],g,false,gx1,
lightspeed:22902937,Sriracha [730mL],ml,false,mlx2,
lightspeed:22902950,Gochujang [kg],g,false,gx1,
lightspeed:22902953,Honey [kg],g,false,gx6,
lightspeed:22902956,Mirin [1.8L],ml,false,mlx4,
lightspeed:22902961,Soy Sauce Tamari Spiral [10L],ml,false,mlx15,
lightspeed:22902964,Chilli Powder Korean Coarse [kg],g,false,gx3,
lightspeed:22902975,Rice Wine Vinegar [500mL],ml,false,mlx3,
lightspeed:22902977,MSG Sasa [1kg],g,false,gx6,
lightspeed:22902997,Curry Block Mid Hot [kg],g,false,gx1,
lightspeed:22902999,Curry Flake [kg],g,false,gx1,
lightspeed:22903010,Potato Brushed Sebago [kg],g,false,gx2,
lightspeed:22903011,Carrot [kg],g,false,gx1,
lightspeed:22903033,Tonkatsu Sauce Bulldog [1.8L],ml,false,mlx1,
lightspeed:22918950,Quandong Halves Frozen [1kg],g,false,gx1,
lightspeed:22918951,Egg Fresh [ea],each,false,eax2,
lightspeed:22918953,Kutjera Bush Tomato Powder [100g],g,false,gx3,
lightspeed:22918956,Chilli Red Long [kg],g,false,gx2,
lightspeed:22918959,Carrot Diced 5mm [kg],g,false,gx2,
lightspeed:22918962,Pork Skin Frozen [kg],g,false,gx1,
lightspeed:22918966,Ponzu Dashi Vinegar Uchibori [360mL],ml,false,mlx1,
lightspeed:22918967,Sweet Chilli Jam Knorr [920g],g,false,gx1,
lightspeed:22918968,Hoi Sin Sauce LKK [2.27kg],g,false,gx1,
lightspeed:22918970,Garlic Chilli Sauce LKK [1.05kg],g,false,gx1,
lightspeed:22918981,Tomato Sauce Heinz [4L],ml,false,mlx1,
lightspeed:22918985,Mayonnaise Japanese Kewpie [1kg],g,false,gx1,
lightspeed:22918987,Mushroom Shiitake Dried [1kg],g,false,gx2,
lightspeed:22918993,Dumpling Pork Chive Sun Circle [600g],g,false,gx1,
lightspeed:22918996,Dumpling Chicken Corn Sun Circle [600g],g,false,gx2,
lightspeed:22918997,Dumpling Beef Cabbage Sun Circle [600g],g,false,gx2,
lightspeed:22918998,Prawn Har Gao Sun Circle - 50pcs [1kg],g,false,gx1,
lightspeed:22920840,Star Anise [200g],g,false,gx1,
lightspeed:22920842,Cloves [400g],g,false,gx1,
lightspeed:22920844,Cinnamon Quills [200g],g,false,gx1,
lightspeed:22920846,Vegetable Stock Powder [2.5kg],g,false,gx1,
lightspeed:22920848,Brown Sugar [1kg],g,false,gx2,
lightspeed:22920854,Wattleseed [100g],g,false,gx1,
lightspeed:22931792,Hahn Super Dry GF,each,false,eax1,
lightspeed:22931826,Cauliflower [ea],g,false,gx1,
lightspeed:22931827,Noodles Instant Ayam [700g],g,false,gx1,
lightspeed:22931830,Turkish Bread [loaf],g,false,gx2,
lightspeed:22931833,Pork Bones [kg],g,false,gx1,
lightspeed:22931835,Ginger [kg],g,false,gx8,
lightspeed:22947356,Davidson Plum Puree,ml,false,mlx1,
lightspeed:22947363,Potato Starch,g,false,gx1,
lightspeed:22962728,White Miso,g,false,gx1,
lightspeed:22962975,bicarb,g,false,gx2,
lightspeed:22962978,White Pepper,g,false,gx4,
lightspeed:22973738,Pickled Ginger,g,false,gx1,
lightspeed:22975143,Roma Tomatoes [kg],g,false,gx3,
lightspeed:22975185,Corn Kernels [Tin],ml,false,mlx1,
lightspeed:22975375,Chicken Thigh Flt S/Off [Kg],g,false,gx1,
lightspeed:22975376,Coriander Ground 500Gm Chefs Choice,g,false,gx1,
lightspeed:22988218,Cheese Mexican Blend Shredded [2kg],g,false,gx8,
lightspeed:22989447,Heinz BBQ Sauce [4L],ml,false,mlx1,
lightspeed:22989451,Sunshine Smokey BBQ Sauce [3L],,true,mlx5|gx2,"consumed in g, ml — two things under one id, or a recipe typo"
lightspeed:22992669,Chicken Whole Bird [No.8],each,false,eax1,
lightspeed:22992677,Pork Leg Roast [1KG],g,false,gx1,
lightspeed:22993651,Sweet Potato Chips [1.5KG],g,false,gx2,
lightspeed:22995162,Cheese Blue Danish 10X100GM,g,false,gx1,
lightspeed:22995320,Broccolini [Bunch],,true,bunchx5,"only ever consumed in bunch, which has no declared conversion"
lightspeed:22995324,Carrot Large [kg],g,false,gx6,
lightspeed:22995325,Carrot Shredded [kg],g,false,gx6,
lightspeed:22995328,Chicken Wing Nibble [15kg],g,false,gx6,
lightspeed:22995331,Corn Baby Sweet [Pack],ml,false,mlx1,
lightspeed:22995335,Eggs 700 Grams [12x],each,false,eax2,
lightspeed:22995336,"Flour Tortillas 12"" Plain Mission [72's]",each,false,eax8,
lightspeed:22995337,"Flour Tortillas 6"" Plain Mission [24x12]",each,false,eax3,
lightspeed:22995341,Ham Soccerball Sliced Pendle [1kg],g,false,gx12,
lightspeed:22995343,Herb Chives [Market],ml,false,mlx2,
lightspeed:22995344,Herb Coriander [Bunch],ml,false,mlx1,
lightspeed:22995345,Herb Thyme [Bunch],,true,bunchx1,"only ever consumed in bunch, which has no declared conversion"
lightspeed:22995348,Lettuce Cos Baby Twin Pack [Each],each,false,eax2,
lightspeed:22995349,Lettuce Mesculin [1.5kg],g,false,gx4,
lightspeed:22995350,Lettuce Rocket Wild [Box],g,false,gx2,
lightspeed:22995352,Onion Brown [10kg],g,false,gx4,
lightspeed:22995353,Pears Green [kg],each,false,eax2,
lightspeed:22995356,Potato Desiree [10kg],g,false,gx5,
lightspeed:22995357,Potato Peeled [kg],g,false,gx3,
lightspeed:22995358,Radish Red [Bunch],,true,bunchx4,"only ever consumed in bunch, which has no declared conversion"
lightspeed:22995361,Sour Cream Dairy Farmers [2L],ml,false,mlx3,
lightspeed:22995363,Sundried Tomato Strips Mezzat [2kg],g,false,gx4,
lightspeed:22995366,Vegetable Oil Simply [20L],ml,false,mlx1,
lightspeed:22995367,White Truffle Oil Sandhurst [250ml],ml,false,mlx1,
lightspeed:22995936,Cauliflower Florets [kg],g,false,gx3,
lightspeed:22995937,Dry Slaw [kg],g,false,gx8,
lightspeed:22995939,Garlic Peeled [kg],g,false,gx9,
lightspeed:22995943,Pizza Flour Gem West Manildra [12.5kg],g,false,gx2,
lightspeed:22995947,T2 Milk Bun Sliced White Sesame [85g],g,false,gx2,
lightspeed:22996486,Corn Flour Maize Gluten Free 5kg Edlyn,g,false,gx1,
lightspeed:22996505,Cheese Burger Sliced Hi Melt Thick [2.25kg] Pure Dairy,g,false,gx2,
lightspeed:22996509,Shallot [bunch],g,false,gx10,
lightspeed:22996511,Pizza Base Gluten Free 11in [10x2 CTN] Letizza,each,false,eax47,
lightspeed:23007639,Beef Brisket YG Point End [1kg],g,false,gx2,
lightspeed:23007804,Burger Sauce Birch & Waite [1L],ml,false,mlx2,
lightspeed:23013739,Dairy Farmers Shaved Parmesan [1kg],g,false,gx4,
lightspeed:23035273,Celery Diced [1kg],g,false,gx1,
lightspeed:23036620,Garlic Minced [kg],g,false,gx5,
lightspeed:23036632,Chia Seeds Chefs Choice [1kg],g,false,gx1,
lightspeed:23036892,Nacho Cheese A10 [3kg],g,false,gx1,
lightspeed:23040879,Ice Cream Gold Label Vanilla [4L],ml,false,mlx2,
lightspeed:23102996,Omen Stout Nitro [Keg],ml,false,mlx2,
lightspeed:23114865,Aether Vodka [Bottle],ml,false,mlx1,
lightspeed:23120129,La Petite Mort Albarino 2025 - Bottle,ml,false,mlx2,
lightspeed:23120216,La Petite Mort Rosso 2025 - Bottle,ml,false,mlx2,
lightspeed:23216243,Guinness [Keg],ml,false,mlx2,
lightspeed:23217497,Seppeltsfield Para Grand 10yo Tawny [Bottle],ml,false,mlx1,
lightspeed:23244215,400 Conejos Mezcal [Bottle],ml,false,mlx4,
lightspeed:23253690,Xocolatl Mole Bitters [Bottle],ml,false,mlx2,
lightspeed:23358927,San Giorgio Ciampoleto Rosso di Montalcino 2023 - Regular Glass,each,false,eax1,
lightspeed:23358931,San Giorgio Ciampoleto Rosso di Montalcino 2023 - Large Glass,each,false,eax1,
lightspeed:23358932,San Giorgio Ciampoleto Rosso di Montalcino 2023 - Bottle,each,false,eax1,
lightspeed:23358946,Tiziano Grasso Barolo Briccolina 2019 - Regular Glass,each,false,eax1,
lightspeed:23358951,Tiziano Grasso Barolo Briccolina 2019 - Large Glass,each,false,eax1,
lightspeed:23358952,Tiziano Grasso Barolo Briccolina 2019 - Bottle,each,false,eax1,
