Date,Venue,Sales,Transactions,SalesExGST,Guests,SPH_PerTxn,SPH_PerGuest,AvgGuestsPerTxn
2024-10-23,Marilynas,549.79,18,499.81,,27.77,,
2024-10-23,Marilynas-Uber,26.44,1,24.04,,24.04,,
2024-10-24,Marilynas,827.5,13,752.27,,57.87,,
2024-10-24,Marilynas-Uber,18.3,1,16.64,,16.64,,
2024-10-25,Marilynas,1548.49,44,1407.72,,31.99,,
2024-10-25,Marilynas-Uber,642.81,15,584.37,,38.96,,
2024-10-26,Marilynas,1420.55,30,1291.41,,43.05,,
2024-10-26,Marilynas-Uber,493.32,9,448.47,,49.83,,
2024-10-27,Marilynas,958.39,18,871.26,,48.4,,
2024-10-27,Marilynas-Uber,156.51,3,142.28,,47.43,,
2024-10-29,Marilynas,482.58,16,438.71,,27.42,,
2024-10-29,Marilynas-Uber,275.63,4,250.57,,62.64,,
2024-10-30,Marilynas,775.67,20,705.15,,35.26,,
2024-10-30,Marilynas-Uber,44.76,2,40.69,,20.34,,
2024-10-31,Marilynas,1065.98,26,969.07,,37.27,,
2024-10-31,Marilynas-Uber,1277.5,23,1161.36,,50.49,,
2024-11-01,Marilynas,1375.53,38,1250.48,,32.91,,
2024-11-01,Marilynas-Uber,1259.1,30,1144.64,,38.15,,
2024-11-02,Marilynas,1541.63,36,1401.48,,38.93,,
2024-11-02,Marilynas-Uber,1447.26,39,1315.69,,33.74,,
2024-11-03,Marilynas,1187.93,24,1079.94,,45.0,,
2024-11-03,Marilynas-Uber,1024.12,22,931.02,,42.32,,
2024-11-05,Marilynas,582.6,16,529.64,,33.1,,
2024-11-05,Marilynas-Uber,947.13,26,861.03,,33.12,,
2024-11-06,Marilynas,553.0,13,502.73,,38.67,,
2024-11-06,Marilynas-Uber,497.6,13,452.36,,34.8,,
2024-11-07,Marilynas,691.23,17,628.39,,36.96,,
2024-11-07,Marilynas-Uber,667.58,20,606.89,,30.34,,
2024-11-08,Marilynas,2319.68,64,2108.8,,32.95,,
2024-11-08,Marilynas-Uber,2346.59,56,2133.26,,38.09,,
2024-11-09,Marilynas,1699.65,45,1545.14,,34.34,,
2024-11-09,Marilynas-Uber,2057.29,46,1870.26,,40.66,,
2024-11-10,Marilynas,1128.47,21,1025.88,,48.85,,
2024-11-10,Marilynas-Uber,1083.24,23,984.76,,42.82,,
2024-11-12,Marilynas,626.69,16,569.72,,35.61,,
2024-11-12,Marilynas-Uber,308.25,10,280.23,,28.02,,
2024-11-13,Marilynas,801.1,18,728.27,,40.46,,
2024-11-13,Marilynas-Uber,584.45,12,531.32,,44.28,,
2024-11-14,Marilynas,728.49,20,662.26,,33.11,,
2024-11-14,Marilynas-Uber,760.29,16,691.17,,43.2,,
2024-11-15,Marilynas,1655.52,36,1505.02,,41.81,,
2024-11-15,Marilynas-Uber,2505.46,56,2277.69,,40.67,,
2024-11-16,Marilynas,1889.66,38,1717.87,,45.21,,
2024-11-16,Marilynas-Uber,1537.75,33,1397.95,,42.36,,
2024-11-17,Marilynas,865.48,19,786.8,,41.41,,
2024-11-17,Marilynas-Uber,1002.34,21,911.22,,43.39,,
2024-11-19,Marilynas,638.08,18,580.07,,32.23,,
2024-11-19,Marilynas-Uber,443.39,11,403.08,,36.64,,
2024-11-20,Marilynas,481.0,12,437.27,,36.44,,
2024-11-20,Marilynas-Uber,583.83,13,530.75,,40.83,,
2024-11-21,Marilynas,866.45,22,787.68,,35.8,,
2024-11-21,Marilynas-Uber,839.03,21,762.75,,36.32,,
2024-11-22,Marilynas,1929.59,52,1754.17,,33.73,,
2024-11-22,Marilynas-Uber,2481.22,64,2255.65,,35.24,,
2024-11-23,Marilynas,1176.87,27,1069.88,,39.63,,
2024-11-23,Marilynas-Uber,1988.88,46,1808.07,,39.31,,
2024-11-24,Marilynas,1513.89,35,1376.26,,39.32,,
2024-11-24,Marilynas-Uber,1393.79,31,1267.08,,40.87,,
2024-11-26,Marilynas,939.39,24,853.99,,35.58,,
2024-11-26,Marilynas-Uber,798.01,19,725.46,,38.18,,
2024-11-27,Marilynas,618.63,14,562.39,,40.17,,
2024-11-27,Marilynas-Uber,727.78,18,661.62,,36.76,,
2024-11-28,Marilynas,716.32,21,651.2,,31.01,,
2024-11-28,Marilynas-Uber,682.03,22,620.03,,28.18,,
2024-11-29,Marilynas,2624.55,57,2385.95,,41.86,,
2024-11-29,Marilynas-Uber,2091.53,43,1901.39,,44.22,,
2024-11-30,Marilynas,1707.43,39,1552.21,,39.8,,
2024-11-30,Marilynas-Uber,2229.49,48,2026.81,,42.23,,
2024-12-01,Marilynas,1233.06,29,1120.96,,38.65,,
2024-12-01,Marilynas-Uber,1352.42,32,1229.47,,38.42,,
2024-12-03,Marilynas,1111.85,25,1010.77,,40.43,,
2024-12-03,Marilynas-Uber,678.94,15,617.22,,41.15,,
2024-12-04,Marilynas,1160.17,24,1054.7,,43.95,,
2024-12-04,Marilynas-Uber,575.18,17,522.89,,30.76,,
2024-12-05,Marilynas,702.0,24,638.18,,26.59,,
2024-12-05,Marilynas-Uber,691.14,18,628.31,,34.91,,
2024-12-06,Marilynas,2155.96,45,1959.96,,43.55,,
2024-12-06,Marilynas-Uber,2308.17,53,2098.34,,39.59,,
2024-12-07,Marilynas,2130.17,46,1936.52,,42.1,,
2024-12-07,Marilynas-Uber,1434.84,40,1304.4,,32.61,,
2024-12-08,Marilynas,1687.79,35,1534.35,,43.84,,
2024-12-08,Marilynas-Uber,1247.71,32,1134.28,,35.45,,
2024-12-10,Marilynas,618.13,14,561.94,,40.14,,
2024-12-10,Marilynas-Uber,676.54,15,615.04,,41.0,,
2024-12-11,Marilynas,591.01,18,537.28,,29.85,,
2024-12-11,Marilynas-Uber,717.67,20,652.43,,32.62,,
2024-12-12,Marilynas,1473.51,31,1339.55,,43.21,,
2024-12-12,Marilynas-Uber,639.43,19,581.3,,30.59,,
2024-12-13,Marilynas,2279.83,44,2072.57,,47.1,,
2024-12-13,Marilynas-Uber,2773.54,60,2521.4,,42.02,,
2024-12-14,Marilynas,2458.97,47,2235.43,,47.56,,
2024-12-14,Marilynas-Uber,1820.79,43,1655.26,,38.49,,
2024-12-15,Marilynas,808.75,22,735.23,,33.42,,
2024-12-15,Marilynas-Uber,1188.31,23,1080.28,,46.97,,
2024-12-17,Marilynas,1282.71,30,1166.1,,38.87,,
2024-12-17,Marilynas-Uber,1210.51,23,1100.46,,47.85,,
2024-12-18,Marilynas,910.33,25,827.57,,33.1,,
2024-12-18,Marilynas-Uber,837.52,16,761.38,,47.59,,
2024-12-19,Marilynas,1429.75,30,1299.77,,43.33,,
2024-12-19,Marilynas-Uber,951.08,21,864.62,,41.17,,
2024-12-20,Marilynas,2280.53,52,2073.21,,39.87,,
2024-12-20,Marilynas-Uber,2387.62,51,2170.56,,42.56,,
2024-12-21,Marilynas,1926.33,41,1751.21,,42.71,,
2024-12-21,Marilynas-Uber,2389.33,52,2172.12,,41.77,,
2024-12-22,Marilynas,881.2,18,801.09,,44.51,,
2024-12-22,Marilynas-Uber,1277.76,28,1161.6,,41.49,,
2024-12-27,Marilynas,1360.5,32,1236.82,,38.65,,
2024-12-27,Marilynas-Uber,1557.83,25,1416.21,,56.65,,
2024-12-28,Marilynas,1830.19,40,1663.81,,41.6,,
2024-12-28,Marilynas-Uber,1377.0,30,1251.82,,41.73,,
2024-12-29,Marilynas,2288.51,50,2080.46,,41.61,,
2024-12-29,Marilynas-Uber,1833.01,46,1666.37,,36.23,,
2025-01-02,Marilynas,670.89,19,609.9,,32.1,,
2025-01-02,Marilynas-Uber,1050.29,24,954.81,,39.78,,
2025-01-03,Marilynas,1490.49,33,1354.99,,41.06,,
2025-01-03,Marilynas-Uber,1627.84,39,1479.85,,37.94,,
2025-01-04,Marilynas,1861.9,45,1692.64,,37.61,,
2025-01-04,Marilynas-Uber,1800.5,40,1636.82,,40.92,,
2025-01-05,Marilynas,964.06,22,876.42,,39.84,,
2025-01-05,Marilynas-Uber,1248.74,32,1135.22,,35.48,,
2025-01-07,Marilynas,871.78,23,792.53,,34.46,,
2025-01-07,Marilynas-Uber,530.48,10,482.25,,48.23,,
2025-01-08,Marilynas,837.84,20,761.67,,38.08,,
2025-01-08,Marilynas-Uber,524.95,11,477.23,,43.38,,
2025-01-09,Marilynas,951.65,21,865.14,,41.2,,
2025-01-09,Marilynas-Uber,1159.97,30,1054.52,,35.15,,
2025-01-10,Marilynas,1692.82,34,1538.93,,45.26,,
2025-01-10,Marilynas-Uber,1903.81,48,1730.74,,36.06,,
2025-01-11,Marilynas,1067.28,24,970.25,,40.43,,
2025-01-11,Marilynas-Uber,1516.58,37,1378.71,,37.26,,
2025-01-12,Marilynas,1097.4,26,997.64,,38.37,,
2025-01-12,Marilynas-Uber,1135.79,33,1032.54,,31.29,,
2025-01-14,Marilynas,941.85,27,856.23,,31.71,,
2025-01-14,Marilynas-Uber,364.22,7,331.11,,47.3,,
2025-01-15,Marilynas,675.5,20,614.09,,30.7,,
2025-01-15,Marilynas-Uber,794.66,19,722.42,,38.02,,
2025-01-16,Marilynas,603.81,17,548.92,,32.29,,
2025-01-16,Marilynas-Uber,637.47,19,579.52,,30.5,,
2025-01-17,Marilynas,2288.88,44,2080.8,,47.29,,
2025-01-17,Marilynas-Uber,1861.28,42,1692.07,,40.29,,
2025-01-18,Marilynas,900.67,24,818.79,,34.12,,
2025-01-18,Marilynas-Uber,1686.48,40,1533.16,,38.33,,
2025-01-19,Marilynas,807.96,22,734.51,,33.39,,
2025-01-19,Marilynas-Uber,1173.56,32,1066.87,,33.34,,
2025-01-21,Marilynas,982.63,29,893.3,,30.8,,
2025-01-21,Marilynas-Uber,477.41,12,434.01,,36.17,,
2025-01-22,Marilynas,991.62,24,901.47,,37.56,,
2025-01-22,Marilynas-Uber,769.49,17,699.54,,41.15,,
2025-01-23,Marilynas,724.33,19,658.48,,34.66,,
2025-01-23,Marilynas-Uber,939.31,22,853.92,,38.81,,
2025-01-24,Marilynas,1657.99,41,1507.26,,36.76,,
2025-01-24,Marilynas-Uber,1400.71,33,1273.37,,38.59,,
2025-01-25,Marilynas,1459.51,38,1326.83,,34.92,,
2025-01-25,Marilynas-Uber,1742.24,42,1583.85,,37.71,,
2025-01-26,Marilynas,1242.76,28,1129.78,,40.35,,
2025-01-26,Marilynas-Uber,1579.8,39,1436.18,,36.83,,
2025-01-28,Marilynas,947.77,24,861.61,,35.9,,
2025-01-28,Marilynas-Uber,633.18,15,575.62,,38.37,,
2025-01-29,Marilynas,575.97,11,523.61,,47.6,,
2025-01-29,Marilynas-Uber,530.56,13,482.33,,37.1,,
2025-01-30,Marilynas,397.52,12,361.38,,30.11,,
2025-01-30,Marilynas-Uber,754.39,17,685.81,,40.34,,
2025-01-31,Marilynas,2285.72,45,2077.93,,46.18,,
2025-01-31,Marilynas-Uber,1874.82,43,1704.38,,39.64,,
2025-02-01,Marilynas,2195.02,38,1995.47,,52.51,,
2025-02-01,Marilynas-Uber,1776.73,41,1615.21,,39.4,,
2025-02-02,Marilynas,1074.51,30,976.83,,32.56,,
2025-02-02,Marilynas-Uber,1334.53,33,1213.21,,36.76,,
2025-02-04,Marilynas,735.49,22,668.63,,30.39,,
2025-02-04,Marilynas-Uber,585.34,12,532.13,,44.34,,
2025-02-05,Marilynas,711.24,22,646.58,,29.39,,
2025-02-05,Marilynas-Uber,561.7,14,510.64,,36.47,,
2025-02-06,Marilynas,828.48,20,753.16,,37.66,,
2025-02-06,Marilynas-Uber,424.88,12,386.25,,32.19,,
2025-02-07,Marilynas,2200.62,43,2000.56,,46.52,,
2025-02-07,Marilynas-Uber,1855.17,35,1686.52,,48.19,,
2025-02-08,Marilynas,2059.79,44,1872.54,,42.56,,
2025-02-08,Marilynas-Uber,1014.81,26,922.55,,35.48,,
2025-02-09,Marilynas,999.78,21,908.89,,43.28,,
2025-02-09,Marilynas-Uber,593.93,16,539.94,,33.75,,
2025-02-11,Marilynas,497.51,17,452.28,,26.6,,
2025-02-11,Marilynas-Uber,403.17,11,366.52,,33.32,,
2025-02-12,Marilynas,633.94,19,576.31,,30.33,,
2025-02-12,Marilynas-Uber,508.54,13,462.31,,35.56,,
2025-02-13,Marilynas,546.93,17,497.21,,29.25,,
2025-02-13,Marilynas-Uber,404.4,11,367.64,,33.42,,
2025-02-14,Marilynas,3037.5,62,2761.36,,44.54,,
2025-02-14,Marilynas-Uber,1688.69,41,1535.17,,37.44,,
2025-02-15,Marilynas,1437.58,38,1306.89,,34.39,,
2025-02-15,Marilynas-Uber,1634.01,39,1485.46,,38.09,,
2025-02-16,Marilynas,847.73,20,770.66,,38.53,,
2025-02-16,Marilynas-Uber,858.79,23,780.72,,33.94,,
2025-02-18,Marilynas,420.72,12,382.47,,31.87,,
2025-02-18,Marilynas-Uber,645.52,16,586.84,,36.68,,
2025-02-19,Marilynas,499.43,12,454.03,,37.84,,
2025-02-19,Marilynas-Uber,120.48,4,109.53,,27.38,,
2025-02-20,Marilynas,758.69,19,689.72,,36.3,,
2025-02-20,Marilynas-Uber,835.08,17,759.16,,44.66,,
2025-02-21,Marilynas,2916.51,66,2651.37,,40.17,,
2025-02-21,Marilynas-Uber,1955.95,41,1778.14,,43.37,,
2025-02-22,Marilynas,2003.27,49,1821.15,,37.17,,
2025-02-22,Marilynas-Uber,1427.98,32,1298.16,,40.57,,
2025-02-23,Marilynas,764.86,15,695.33,,46.36,,
2025-02-23,Marilynas-Uber,953.38,23,866.71,,37.68,,
2025-02-25,Marilynas,360.91,12,328.1,,27.34,,
2025-02-25,Marilynas-Uber,205.66,6,186.96,,31.16,,
2025-02-26,Marilynas,422.81,11,384.37,,34.94,,
2025-02-26,Marilynas-Uber,866.4,24,787.64,,32.82,,
2025-02-27,Marilynas,845.8,21,768.91,,36.61,,
2025-02-27,Marilynas-Uber,703.35,16,639.41,,39.96,,
2025-02-28,Marilynas,2523.25,61,2293.86,,37.6,,
2025-02-28,Marilynas-Uber,2585.53,59,2350.48,,39.84,,
2025-03-01,Marilynas,1707.68,37,1552.44,,41.96,,
2025-03-01,Marilynas-Uber,1342.64,33,1220.58,,36.99,,
2025-03-02,Marilynas,993.69,23,903.35,,39.28,,
2025-03-02,Marilynas-Uber,1044.88,25,949.89,,38.0,,
2025-03-04,Marilynas,520.97,16,473.61,,29.6,,
2025-03-04,Marilynas-Uber,626.21,14,569.28,,40.66,,
2025-03-05,Marilynas,642.99,18,584.54,,32.47,,
2025-03-05,Marilynas-Uber,405.32,7,368.47,,52.64,,
2025-03-06,Marilynas,706.35,21,642.14,,30.58,,
2025-03-06,Marilynas-Uber,646.11,17,587.37,,34.55,,
2025-03-07,Marilynas,2582.11,55,2347.37,,42.68,,
2025-03-07,Marilynas-Uber,1924.48,43,1749.53,,40.69,,
2025-03-08,Marilynas,1722.25,34,1565.68,,46.05,,
2025-03-08,Marilynas-Uber,2064.82,44,1877.11,,42.66,,
2025-03-09,Marilynas,1393.93,23,1267.21,,55.1,,
2025-03-09,Marilynas-Uber,692.58,22,629.62,,28.62,,
2025-03-11,Marilynas,512.3,17,465.73,,27.4,,
2025-03-11,Marilynas-Uber,483.52,11,439.56,,39.96,,
2025-03-12,Marilynas,768.33,20,698.48,,34.92,,
2025-03-12,Marilynas-Uber,533.34,13,484.85,,37.3,,
2025-03-13,Marilynas,1087.93,21,989.03,,47.1,,
2025-03-13,Marilynas-Uber,338.61,10,307.83,,30.78,,
2025-03-14,Marilynas,3236.44,76,2942.22,,38.71,,
2025-03-14,Marilynas-Uber,1881.61,43,1710.55,,39.78,,
2025-03-15,Marilynas,2311.24,42,2101.13,,50.03,,
2025-03-15,Marilynas-Uber,1507.44,33,1370.4,,41.53,,
2025-03-16,Marilynas,792.83,20,720.75,,36.04,,
2025-03-16,Marilynas-Uber,1001.98,17,910.89,,53.58,,
2025-03-18,Marilynas,545.23,16,495.66,,30.98,,
2025-03-18,Marilynas-Uber,557.92,16,507.2,,31.7,,
2025-03-19,Marilynas,676.13,18,614.66,,34.15,,
2025-03-19,Marilynas-Uber,495.51,14,450.46,,32.18,,
2025-03-20,Marilynas,958.91,28,871.74,,31.13,,
2025-03-20,Marilynas-Uber,692.76,16,629.78,,39.36,,
2025-03-21,Marilynas,2731.99,57,2483.63,,43.57,,
2025-03-21,Marilynas-Uber,2033.17,45,1848.34,,41.07,,
2025-03-22,Marilynas,1929.6,41,1754.18,,42.78,,
2025-03-22,Marilynas-Uber,1284.21,35,1167.46,,33.36,,
2025-03-23,Marilynas,895.43,19,814.03,,42.84,,
2025-03-23,Marilynas-Uber,602.8,19,548.0,,28.84,,
2025-03-25,Marilynas,681.75,24,619.77,,25.82,,
2025-03-25,Marilynas-Uber,425.84,11,387.13,,35.19,,
2025-03-26,Marilynas,521.36,18,473.96,,26.33,,
2025-03-26,Marilynas-Uber,367.49,12,334.08,,27.84,,
2025-03-27,Marilynas,726.3,17,660.27,,38.84,,
2025-03-27,Marilynas-Uber,1044.09,30,949.17,,31.64,,
2025-03-28,Marilynas,2559.19,54,2326.54,,43.08,,
2025-03-28,Marilynas-Uber,2528.05,61,2298.23,,37.68,,
2025-03-29,Marilynas,1900.32,42,1727.56,,41.13,,
2025-03-29,Marilynas-Uber,1572.73,40,1429.75,,35.74,,
2025-03-30,Marilynas,966.87,20,878.97,,43.95,,
2025-03-30,Marilynas-Uber,958.24,20,871.13,,43.56,,
2025-04-01,Marilynas,347.38,11,315.8,,28.71,,
2025-04-01,Marilynas-Uber,564.51,12,513.19,,42.77,,
2025-04-02,Marilynas,481.14,14,437.4,,31.24,,
2025-04-02,Marilynas-Uber,654.97,18,595.43,,33.08,,
2025-04-03,Marilynas,1554.0,32,1412.73,,44.15,,
2025-04-03,Marilynas-Uber,379.05,11,344.59,,31.33,,
2025-04-04,Marilynas,2551.43,58,2319.48,,39.99,,
2025-04-04,Marilynas-Uber,1759.52,43,1599.56,,37.2,,
2025-04-05,Marilynas,1501.36,40,1364.87,,34.12,,
2025-04-05,Marilynas-Uber,2687.5,55,2443.18,,44.42,,
2025-04-06,Marilynas,1404.03,30,1276.39,,42.55,,
2025-04-06,Marilynas-Uber,1874.61,38,1704.19,,44.85,,
2025-04-08,Marilynas,669.48,19,608.62,,32.03,,
2025-04-08,Marilynas-Uber,963.63,23,876.03,,38.09,,
2025-04-09,Marilynas,752.03,20,683.66,,34.18,,
2025-04-09,Marilynas-Uber,622.99,13,566.35,,43.57,,
2025-04-10,Marilynas,710.36,11,645.78,,58.71,,
2025-04-10,Marilynas-Uber,954.25,24,867.5,,36.15,,
2025-04-11,Marilynas,1980.67,49,1800.61,,36.75,,
2025-04-11,Marilynas-Uber,2599.56,59,2363.24,,40.05,,
2025-04-12,Marilynas,1971.59,49,1792.35,,36.58,,
2025-04-12,Marilynas-Uber,2590.76,56,2355.24,,42.06,,
2025-04-13,Marilynas,1429.52,30,1299.56,,43.32,,
2025-04-13,Marilynas-Uber,795.62,21,723.29,,34.44,,
2025-04-15,Marilynas,638.97,18,580.88,,32.27,,
2025-04-15,Marilynas-Uber,795.5,20,723.18,,36.16,,
2025-04-16,Marilynas,838.68,25,762.44,,30.5,,
2025-04-16,Marilynas-Uber,867.27,23,788.43,,34.28,,
2025-04-17,Marilynas,1464.53,33,1331.39,,40.35,,
2025-04-17,Marilynas-Uber,1801.82,40,1638.02,,40.95,,
2025-04-18,Marilynas,971.43,19,883.12,,46.48,,
2025-04-18,Marilynas-Uber,1375.13,28,1250.12,,44.65,,
2025-04-19,Marilynas,1037.28,21,942.98,,44.9,,
2025-04-19,Marilynas-Uber,1286.12,28,1169.2,,41.76,,
2025-04-20,Marilynas,1492.82,29,1357.11,,46.8,,
2025-04-20,Marilynas-Uber,1340.17,35,1218.34,,34.81,,
2025-04-22,Marilynas,539.37,19,490.34,,25.81,,
2025-04-22,Marilynas-Uber,740.75,15,673.41,,44.89,,
2025-04-23,Marilynas,758.86,20,689.87,,34.49,,
2025-04-23,Marilynas-Uber,404.75,14,367.95,,26.28,,
2025-04-24,Marilynas,859.42,23,781.29,,33.97,,
2025-04-24,Marilynas-Uber,862.43,15,784.03,,52.27,,
2025-04-25,Marilynas,2369.36,45,2153.96,,47.87,,
2025-04-25,Marilynas-Uber,2319.02,51,2108.2,,41.34,,
2025-04-26,Marilynas,911.13,26,828.3,,31.86,,
2025-04-26,Marilynas-Uber,2012.65,43,1829.68,,42.55,,
2025-04-27,Marilynas,845.67,22,768.79,,34.95,,
2025-04-27,Marilynas-Uber,650.96,19,591.78,,31.15,,
2025-04-29,Marilynas,443.05,13,402.77,,30.98,,
2025-04-29,Marilynas-Uber,639.0,15,580.91,,38.73,,
2025-04-30,Marilynas,625.06,17,568.24,,33.43,,
2025-04-30,Marilynas-Uber,362.45,8,329.5,,41.19,,
2025-05-01,Marilynas,1399.16,18,1271.96,,70.66,,
2025-05-01,Marilynas-Uber,590.25,15,536.59,,35.77,,
2025-05-02,Marilynas,2255.22,51,2050.2,,40.2,,
2025-05-02,Marilynas-Uber,2234.0,47,2030.91,,43.21,,
2025-05-03,Marilynas,1776.2,43,1614.73,,37.55,,
2025-05-03,Marilynas-Uber,2903.9,58,2639.91,,45.52,,
2025-05-04,Marilynas,678.41,15,616.74,,41.12,,
2025-05-04,Marilynas-Uber,1290.48,35,1173.16,,33.52,,
2025-05-06,Marilynas,541.5,17,492.27,,28.96,,
2025-05-06,Marilynas-Uber,666.41,16,605.83,,37.86,,
2025-05-07,Marilynas,759.79,18,690.72,,38.37,,
2025-05-07,Marilynas-Uber,321.49,8,292.26,,36.53,,
2025-05-08,Marilynas,268.53,11,244.12,,22.19,,
2025-05-08,Marilynas-Uber,934.07,21,849.15,,40.44,,
2025-05-09,Marilynas,2757.56,60,2506.87,,41.78,,
2025-05-09,Marilynas-Uber,2485.7,59,2259.73,,38.3,,
2025-05-10,Marilynas,1998.88,46,1817.16,,39.5,,
2025-05-10,Marilynas-Uber,1714.18,47,1558.35,,33.16,,
2025-05-11,Marilynas,1099.95,25,999.95,,40.0,,
2025-05-11,Marilynas-Uber,1146.78,25,1042.53,,41.7,,
2025-05-13,Marilynas,721.25,20,655.68,,32.78,,
2025-05-13,Marilynas-Uber,764.62,17,695.11,,40.89,,
2025-05-14,Marilynas,641.75,15,583.41,,38.89,,
2025-05-14,Marilynas-Uber,680.72,15,618.84,,41.26,,
2025-05-15,Marilynas,989.65,25,899.68,,35.99,,
2025-05-15,Marilynas-Uber,481.58,14,437.8,,31.27,,
2025-05-16,Marilynas,2568.26,57,2334.78,,40.96,,
2025-05-16,Marilynas-Uber,2243.12,51,2039.2,,39.98,,
2025-05-17,Marilynas,1758.55,45,1598.68,,35.53,,
2025-05-17,Marilynas-Uber,1873.21,45,1702.92,,37.84,,
2025-05-18,Marilynas,1299.51,28,1181.37,,42.19,,
2025-05-18,Marilynas-Uber,1338.51,34,1216.83,,35.79,,
2025-05-20,Marilynas,390.15,13,354.68,,27.28,,
2025-05-20,Marilynas-Uber,679.27,19,617.52,,32.5,,
2025-05-21,Marilynas,536.8,14,488.0,,34.86,,
2025-05-21,Marilynas-Uber,463.1,15,421.0,,28.07,,
2025-05-22,Marilynas,871.94,17,792.67,,46.63,,
2025-05-22,Marilynas-Uber,880.17,19,800.15,,42.11,,
2025-05-23,Marilynas,2311.31,53,2101.19,,39.65,,
2025-05-23,Marilynas-Uber,2574.28,58,2340.25,,40.35,,
2025-05-24,Marilynas,2099.99,50,1909.08,,38.18,,
2025-05-24,Marilynas-Uber,2542.64,56,2311.49,,41.28,,
2025-05-25,Marilynas,740.05,21,672.77,,32.04,,
2025-05-25,Marilynas-Uber,1310.78,37,1191.62,,32.21,,
2025-05-26,Marilynas,0.11,2,0.1,,0.05,,
2025-05-27,Marilynas,493.53,15,448.66,,29.91,,
2025-05-27,Marilynas-Uber,770.25,19,700.23,,36.85,,
2025-05-28,Marilynas,1391.28,33,1264.8,,38.33,,
2025-05-28,Marilynas-Uber,1479.37,30,1344.88,,44.83,,
2025-05-29,Marilynas,694.63,19,631.48,,33.24,,
2025-05-29,Marilynas-Uber,780.19,21,709.26,,33.77,,
2025-05-30,Marilynas,1813.06,41,1648.24,,40.2,,
2025-05-30,Marilynas-Uber,2627.43,63,2388.57,,37.91,,
2025-05-31,Marilynas,1828.41,44,1662.19,,37.78,,
2025-05-31,Marilynas-Uber,2063.56,49,1875.96,,38.28,,
2025-06-01,Marilynas,709.74,16,645.22,,40.33,,
2025-06-01,Marilynas-Uber,887.0,25,806.36,,32.25,,
2025-06-02,Marilynas,0.06,1,0.05,,0.05,,
2025-06-03,Marilynas,382.55,14,347.77,,24.84,,
2025-06-03,Marilynas-Uber,688.24,14,625.67,,44.69,,
2025-06-04,Marilynas,676.28,20,614.8,,30.74,,
2025-06-04,Marilynas-Uber,1051.62,23,956.02,,41.57,,
2025-06-05,Marilynas,562.41,16,511.28,,31.95,,
2025-06-05,Marilynas-Uber,1006.54,23,915.04,,39.78,,
2025-06-06,Marilynas,2035.91,50,1850.83,,37.02,,
2025-06-06,Marilynas-Uber,3053.82,69,2776.2,,40.23,,
2025-06-07,Marilynas,1568.92,39,1426.29,,36.57,,
2025-06-07,Marilynas-Uber,1783.31,48,1621.19,,33.77,,
2025-06-08,Marilynas,1298.93,23,1180.85,,51.34,,
2025-06-08,Marilynas-Uber,1835.33,40,1668.48,,41.71,,
2025-06-09,Marilynas,0.06,1,0.05,,0.05,,
2025-06-10,Marilynas,482.03,13,438.21,,33.71,,
2025-06-10,Marilynas-Uber,815.85,18,741.68,,41.2,,
2025-06-11,Marilynas,379.36,10,344.87,,34.49,,
2025-06-11,Marilynas-Uber,498.01,12,452.74,,37.73,,
2025-06-12,Marilynas,822.97,19,748.15,,39.38,,
2025-06-12,Marilynas-Uber,965.55,27,877.77,,32.51,,
2025-06-13,Marilynas,1736.09,41,1578.26,,38.49,,
2025-06-13,Marilynas-Uber,3147.27,67,2861.15,,42.7,,
2025-06-14,Marilynas,2110.85,44,1918.95,,43.61,,
2025-06-14,Marilynas-Uber,2872.47,65,2611.34,,40.17,,
2025-06-15,Marilynas,1796.84,35,1633.49,,46.67,,
2025-06-15,Marilynas-Uber,1299.57,27,1181.43,,43.76,,
2025-06-17,Marilynas,687.61,22,625.1,,28.41,,
2025-06-17,Marilynas-Uber,921.95,21,838.14,,39.91,,
2025-06-18,Marilynas,1316.7,27,1197.0,,44.33,,
2025-06-18,Marilynas-Uber,2402.85,52,2184.41,,42.01,,
2025-06-19,Marilynas,1076.83,22,978.94,,44.5,,
2025-06-19,Marilynas-Uber,879.07,22,799.15,,36.32,,
2025-06-20,Marilynas,2400.98,64,2182.71,,34.1,,
2025-06-20,Marilynas-Uber,1738.51,41,1580.46,,38.55,,
2025-06-21,Marilynas,1253.23,31,1139.3,,36.75,,
2025-06-21,Marilynas-Uber,2874.4,65,2613.09,,40.2,,
2025-06-22,Marilynas,1085.16,22,986.51,,44.84,,
2025-06-22,Marilynas-Uber,946.57,25,860.52,,34.42,,
2025-06-23,Marilynas,40.73,1,37.03,,37.03,,
2025-06-24,Marilynas,404.45,15,367.68,,24.51,,
2025-06-24,Marilynas-Uber,650.06,16,590.96,,36.94,,
2025-06-25,Marilynas,414.1,13,376.45,,28.96,,
2025-06-25,Marilynas-Uber,437.17,11,397.43,,36.13,,
2025-06-26,Marilynas,655.72,17,596.11,,35.07,,
2025-06-26,Marilynas-Uber,653.9,18,594.45,,33.03,,
2025-06-27,Marilynas,2841.38,58,2583.07,,44.54,,
2025-06-27,Marilynas-Uber,2684.4,63,2440.36,,38.74,,
2025-06-28,Marilynas,2339.43,51,2126.75,,41.7,,
2025-06-28,Marilynas-Uber,2075.95,48,1887.23,,39.32,,
2025-06-29,Marilynas,387.01,12,351.83,,29.32,,
2025-06-29,Marilynas-Uber,1142.68,27,1038.8,,38.47,,
2025-07-01,Marilynas,423.79,12,385.26,,32.1,,
2025-07-01,Marilynas-Uber,711.12,14,646.47,,46.18,,
2025-07-02,Marilynas,621.23,15,564.75,,37.65,,
2025-07-02,Marilynas-Uber,174.0,6,158.18,,26.36,,
2025-07-03,Marilynas,658.15,17,598.32,,35.2,,
2025-07-03,Marilynas-Uber,587.88,17,534.44,,31.44,,
2025-07-04,Marilynas,2137.33,52,1943.03,,37.37,,
2025-07-04,Marilynas-Uber,2212.56,49,2011.42,,41.05,,
2025-07-05,Marilynas,1363.92,34,1239.93,,36.47,,
2025-07-05,Marilynas-Uber,2433.32,64,2212.11,,34.56,,
2025-07-06,Marilynas,661.28,19,601.16,,31.64,,
2025-07-06,Marilynas-Uber,983.03,22,893.66,,40.62,,
2025-07-08,Marilynas,459.02,13,417.29,,32.1,,
2025-07-08,Marilynas-Uber,787.56,15,715.96,,47.73,,
2025-07-09,Marilynas,1032.68,25,938.8,,37.55,,
2025-07-09,Marilynas-Uber,828.21,19,752.92,,39.63,,
2025-07-10,Marilynas,271.58,7,246.89,,35.27,,
2025-07-10,Marilynas-Uber,446.64,13,406.04,,31.23,,
2025-07-11,Marilynas,2154.53,53,1958.66,,36.96,,
2025-07-11,Marilynas-Uber,1707.68,37,1552.44,,41.96,,
2025-07-12,Marilynas,1427.49,37,1297.72,,35.07,,
2025-07-12,Marilynas-Uber,1645.01,40,1495.46,,37.39,,
2025-07-13,Marilynas,665.25,15,604.77,,40.32,,
2025-07-13,Marilynas-Uber,731.35,18,664.86,,36.94,,
2025-07-15,Marilynas,768.46,25,698.6,,27.94,,
2025-07-15,Marilynas-Uber,443.54,7,403.22,,57.6,,
2025-07-16,Marilynas,1070.43,21,973.12,,46.34,,
2025-07-16,Marilynas-Uber,737.64,15,670.58,,44.71,,
2025-07-17,Marilynas,572.51,14,520.46,,37.18,,
2025-07-17,Marilynas-Uber,672.19,15,611.08,,40.74,,
2025-07-18,Marilynas,1734.83,44,1577.12,,35.84,,
2025-07-18,Marilynas-Uber,1844.94,41,1677.22,,40.91,,
2025-07-19,Marilynas,1275.62,36,1159.65,,32.21,,
2025-07-19,Marilynas-Uber,1711.73,38,1556.12,,40.95,,
2025-07-20,Marilynas,641.05,18,582.77,,32.38,,
2025-07-20,Marilynas-Uber,1055.91,26,959.92,,36.92,,
2025-07-22,Marilynas,537.64,17,488.76,,28.75,,
2025-07-22,Marilynas-Uber,454.55,10,413.23,,41.32,,
2025-07-23,Marilynas,644.01,13,585.46,,45.04,,
2025-07-23,Marilynas-Uber,538.09,12,489.17,,40.76,,
2025-07-24,Marilynas,658.31,18,598.46,,33.25,,
2025-07-24,Marilynas-Uber,539.26,16,490.24,,30.64,,
2025-07-25,Marilynas,2199.55,55,1999.59,,36.36,,
2025-07-25,Marilynas-Uber,3062.94,70,2784.49,,39.78,,
2025-07-26,Marilynas,1834.25,39,1667.5,,42.76,,
2025-07-26,Marilynas-Uber,1641.09,39,1491.9,,38.25,,
2025-07-27,Marilynas,1179.35,27,1072.14,,39.71,,
2025-07-27,Marilynas-Uber,877.11,20,797.37,,39.87,,
2025-07-29,Marilynas,490.26,16,445.69,,27.86,,
2025-07-29,Marilynas-Uber,625.36,11,568.51,,51.68,,
2025-07-30,Marilynas,713.23,15,648.39,,43.23,,
2025-07-30,Marilynas-Uber,516.41,14,469.46,,33.53,,
2025-07-31,Marilynas,1052.56,20,956.87,,47.84,,
2025-07-31,Marilynas-Uber,559.2,11,508.36,,46.21,,
2025-08-01,Marilynas,1569.81,39,1427.1,,36.59,,
2025-08-01,Marilynas-Uber,1559.59,34,1417.81,,41.7,,
2025-08-02,Marilynas,1104.49,27,1004.08,,37.19,,
2025-08-02,Marilynas-Uber,2166.74,48,1969.76,,41.04,,
2025-08-03,Marilynas,493.1,13,448.27,,34.48,,
2025-08-03,Marilynas-Uber,1033.59,26,939.63,,36.14,,
2025-08-04,Marilynas,0.06,1,0.05,,0.05,,
2025-08-05,Marilynas,512.51,15,465.92,,31.06,,
2025-08-05,Marilynas-Uber,733.96,14,667.24,,47.66,,
2025-08-06,Marilynas,260.0,13,236.36,,18.18,,
2025-08-06,Marilynas-Uber,445.76,13,405.24,,31.17,,
2025-08-07,Marilynas,488.13,15,443.75,,29.58,,
2025-08-07,Marilynas-Uber,823.91,19,749.01,,39.42,,
2025-08-08,Marilynas,2393.91,47,2176.28,,46.3,,
2025-08-08,Marilynas-Uber,2582.38,56,2347.62,,41.92,,
2025-08-09,Marilynas,1580.45,35,1436.77,,41.05,,
2025-08-09,Marilynas-Uber,1890.14,44,1718.31,,39.05,,
2025-08-10,Marilynas,893.43,17,812.21,,47.78,,
2025-08-10,Marilynas-Uber,1108.04,28,1007.31,,35.98,,
2025-08-12,Marilynas,593.3,12,539.36,,44.95,,
2025-08-12,Marilynas-Uber,562.32,16,511.2,,31.95,,
2025-08-13,Marilynas,288.05,8,261.86,,32.73,,
2025-08-13,Marilynas-Uber,437.09,12,397.35,,33.11,,
2025-08-14,Marilynas,554.03,14,503.66,,35.98,,
2025-08-14,Marilynas-Uber,580.69,18,527.9,,29.33,,
2025-08-15,Marilynas,2336.65,48,2124.23,,44.25,,
2025-08-15,Marilynas-Uber,2358.5,56,2144.09,,38.29,,
2025-08-16,Marilynas,1231.69,29,1119.72,,38.61,,
2025-08-16,Marilynas-Uber,2491.74,58,2265.22,,39.06,,
2025-08-17,Marilynas,902.63,23,820.57,,35.68,,
2025-08-17,Marilynas-Uber,1054.52,29,958.65,,33.06,,
2025-08-19,Marilynas,496.52,16,451.38,,28.21,,
2025-08-19,Marilynas-Uber,531.25,13,482.95,,37.15,,
2025-08-20,Marilynas,675.59,16,614.17,,38.39,,
2025-08-20,Marilynas-Uber,999.86,28,908.96,,32.46,,
2025-08-21,Marilynas,779.26,12,708.42,,59.03,,
2025-08-21,Marilynas-Uber,1109.01,28,1008.19,,36.01,,
2025-08-22,Marilynas,3352.61,56,3047.83,,54.43,,
2025-08-22,Marilynas-Uber,2664.84,57,2422.58,,42.5,,
2025-08-23,Marilynas,1447.15,34,1315.59,,38.69,,
2025-08-23,Marilynas-Uber,2194.82,52,1995.29,,38.37,,
2025-08-24,Marilynas,668.69,14,607.9,,43.42,,
2025-08-24,Marilynas-Uber,1543.42,39,1403.11,,35.98,,
2025-08-26,Marilynas,747.22,19,679.29,,35.75,,
2025-08-26,Marilynas-Uber,660.11,12,600.1,,50.01,,
2025-08-27,Marilynas,543.43,14,494.03,,35.29,,
2025-08-27,Marilynas-Uber,712.58,20,647.8,,32.39,,
2025-08-28,Marilynas,622.11,13,565.55,,43.5,,
2025-08-28,Marilynas-Uber,1211.52,32,1101.38,,34.42,,
2025-08-29,Marilynas,2159.18,46,1962.89,,42.67,,
2025-08-29,Marilynas-Uber,1956.31,46,1778.46,,38.66,,
2025-08-30,Marilynas,1889.1,43,1717.36,,39.94,,
2025-08-30,Marilynas-Uber,2556.09,57,2323.72,,40.77,,
2025-08-31,Marilynas,919.63,21,836.03,,39.81,,
2025-08-31,Marilynas-Uber,1530.78,34,1391.62,,40.93,,
2025-09-02,Marilynas,588.7,13,535.18,,41.17,,
2025-09-02,Marilynas-Uber,914.34,22,831.22,,37.78,,
2025-09-03,Marilynas,610.85,17,555.32,,32.67,,
2025-09-03,Marilynas-Uber,685.93,18,623.57,,34.64,,
2025-09-04,Marilynas,685.83,15,623.48,,41.57,,
2025-09-04,Marilynas-Uber,1204.68,27,1095.16,,40.56,,
2025-09-05,Marilynas,2469.15,59,2244.68,,38.05,,
2025-09-05,Marilynas-Uber,1821.9,47,1656.27,,35.24,,
2025-09-06,Marilynas,4143.25,42,3766.59,,89.68,,
2025-09-06,Marilynas-Uber,2505.07,54,2277.34,,42.17,,
2025-09-07,Marilynas,1170.93,23,1064.48,,46.28,,
2025-09-07,Marilynas-Uber,797.13,19,724.66,,38.14,,
2025-09-08,Marilynas,0.06,1,0.05,,0.05,,
2025-09-09,Marilynas,667.24,12,606.58,,50.55,,
2025-09-09,Marilynas-Uber,602.72,15,547.93,,36.53,,
2025-09-10,Marilynas,541.42,12,492.2,,41.02,,
2025-09-10,Marilynas-Uber,408.72,12,371.56,,30.96,,
2025-09-11,Marilynas,759.17,15,690.15,,46.01,,
2025-09-11,Marilynas-Uber,987.42,22,897.65,,40.8,,
2025-09-12,Marilynas,2503.57,47,2275.97,,48.42,,
2025-09-12,Marilynas-Uber,1965.83,45,1787.12,,39.71,,
2025-09-13,Marilynas,1781.9,31,1619.91,,52.26,,
2025-09-13,Marilynas-Uber,2317.6,48,2106.91,,43.89,,
2025-09-14,Marilynas,601.7,16,547.0,,34.19,,
2025-09-14,Marilynas-Uber,1878.29,40,1707.54,,42.69,,
2025-09-16,Marilynas,405.75,10,368.86,,36.89,,
2025-09-16,Marilynas-Uber,747.14,16,679.22,,42.45,,
2025-09-17,Marilynas,864.17,22,785.61,,35.71,,
2025-09-17,Marilynas-Uber,389.04,14,353.67,,25.26,,
2025-09-18,Marilynas,640.11,17,581.92,,34.23,,
2025-09-18,Marilynas-Uber,983.28,25,893.89,,35.76,,
2025-09-19,Marilynas,2163.23,50,1966.57,,39.33,,
2025-09-19,Marilynas-Uber,2951.18,61,2682.89,,43.98,,
2025-09-20,Marilynas,1861.06,45,1691.87,,37.6,,
2025-09-20,Marilynas-Uber,2171.07,46,1973.7,,42.91,,
2025-09-21,Marilynas,728.73,22,662.48,,30.11,,
2025-09-21,Marilynas-Uber,1758.57,38,1598.7,,42.07,,
2025-09-23,Marilynas,499.06,11,453.69,,41.24,,
2025-09-23,Marilynas-Uber,757.71,17,688.83,,40.52,,
2025-09-24,Marilynas,651.16,13,591.96,,45.54,,
2025-09-24,Marilynas-Uber,639.17,19,581.06,,30.58,,
2025-09-25,Marilynas,825.12,18,750.11,,41.67,,
2025-09-25,Marilynas-Uber,981.2,26,892.0,,34.31,,
2025-09-26,Marilynas,2217.23,43,2015.66,,46.88,,
2025-09-26,Marilynas-Uber,1818.6,42,1653.27,,39.36,,
2025-09-27,Marilynas,1641.0,40,1491.82,,37.3,,
2025-09-27,Marilynas-Uber,2038.47,42,1853.15,,44.12,,
2025-09-28,Marilynas,972.9,25,884.45,,35.38,,
2025-09-28,Marilynas-Uber,1687.57,36,1534.15,,42.62,,
2025-09-30,Marilynas,834.32,18,758.47,,42.14,,
2025-09-30,Marilynas-Uber,787.14,16,715.58,,44.72,,
2025-10-01,Marilynas,1106.09,23,1005.54,,43.72,,
2025-10-01,Marilynas-Uber,693.91,19,630.83,,33.2,,
2025-10-02,Marilynas,446.82,11,406.2,,36.93,,
2025-10-02,Marilynas-Uber,897.65,24,816.05,,34.0,,
2025-10-03,Marilynas,1678.13,33,1525.57,,46.23,,
2025-10-03,Marilynas-Uber,2501.7,54,2274.27,,42.12,,
2025-10-04,Marilynas,1213.07,30,1102.79,,36.76,,
2025-10-04,Marilynas-Uber,1867.39,39,1697.63,,43.53,,
2025-10-05,Marilynas,1682.41,35,1529.46,,43.7,,
2025-10-05,Marilynas-Uber,1788.09,41,1625.54,,39.65,,
2025-10-07,Marilynas,429.95,13,390.86,,30.07,,
2025-10-07,Marilynas-Uber,983.16,20,893.78,,44.69,,
2025-10-08,Marilynas,460.92,10,419.02,,41.9,,
2025-10-08,Marilynas-Uber,416.37,12,378.52,,31.54,,
2025-10-09,Marilynas,435.38,12,395.8,,32.98,,
2025-10-09,Marilynas-Uber,1035.66,21,941.51,,44.83,,
2025-10-10,Marilynas,2024.98,46,1840.89,,40.02,,
2025-10-10,Marilynas-Uber,2005.67,52,1823.34,,35.06,,
2025-10-11,Marilynas,1611.18,37,1464.71,,39.59,,
2025-10-11,Marilynas-Uber,2425.07,58,2204.61,,38.01,,
2025-10-12,Marilynas,911.22,22,828.38,,37.65,,
2025-10-12,Marilynas-Uber,1567.31,35,1424.83,,40.71,,
2025-10-13,Marilynas,0.06,1,0.05,,0.05,,
2025-10-14,Marilynas,392.85,15,357.14,,23.81,,
2025-10-14,Marilynas-Uber,543.8,14,494.36,,35.31,,
2025-10-15,Marilynas,559.64,17,508.76,,29.93,,
2025-10-15,Marilynas-Uber,532.43,18,484.03,,26.89,,
2025-10-16,Marilynas,542.34,12,493.04,,41.09,,
2025-10-16,Marilynas-Uber,1010.79,23,918.9,,39.95,,
2025-10-17,Marilynas,3107.99,67,2825.45,,42.17,,
2025-10-17,Marilynas-Uber,1977.32,49,1797.56,,36.68,,
2025-10-18,Marilynas,2212.05,42,2010.95,,47.88,,
2025-10-18,Marilynas-Uber,2202.34,49,2002.13,,40.86,,
2025-10-19,Marilynas,801.2,25,728.36,,29.13,,
2025-10-19,Marilynas-Uber,1637.24,38,1488.4,,39.17,,
2025-10-21,Marilynas,377.92,14,343.56,,24.54,,
2025-10-21,Marilynas-Uber,469.49,10,426.81,,42.68,,
2025-10-22,Marilynas,960.38,22,873.07,,39.69,,
2025-10-22,Marilynas-Uber,1084.57,21,985.97,,46.95,,
2025-10-23,Marilynas,816.75,19,742.5,,39.08,,
2025-10-23,Marilynas-Uber,850.86,22,773.51,,35.16,,
2025-10-24,Marilynas,2556.4,60,2324.0,,38.73,,
2025-10-24,Marilynas-Uber,1968.16,46,1789.24,,38.9,,
2025-10-25,Marilynas,1615.31,36,1468.46,,40.79,,
2025-10-25,Marilynas-Uber,2246.46,51,2042.24,,40.04,,
2025-10-26,Marilynas,944.77,18,858.88,,47.72,,
2025-10-26,Marilynas-Uber,1297.37,32,1179.43,,36.86,,
2025-10-27,Marilynas,0.06,1,0.05,,0.05,,
2025-10-28,Marilynas,606.02,14,550.93,,39.35,,
2025-10-28,Marilynas-Uber,820.71,19,746.1,,39.27,,
2025-10-29,Marilynas,547.61,13,497.83,,38.29,,
2025-10-29,Marilynas-Uber,870.22,19,791.11,,41.64,,
2025-10-30,Marilynas,825.1,18,750.09,,41.67,,
2025-10-30,Marilynas-Uber,1351.57,30,1228.7,,40.96,,
2025-10-31,Marilynas,2750.75,52,2500.68,,48.09,,
2025-10-31,Marilynas-Uber,3009.7,58,2736.09,,47.17,,
2025-11-01,Marilynas,1793.37,44,1630.34,,37.05,,
2025-11-01,Marilynas-Uber,2231.98,44,2029.07,,46.12,,
2025-11-02,Marilynas,994.92,22,904.47,,41.11,,
2025-11-02,Marilynas-Uber,1652.21,35,1502.01,,42.91,,
2025-11-04,Marilynas,547.32,14,497.56,,35.54,,
2025-11-04,Marilynas-Uber,583.05,14,530.05,,37.86,,
2025-11-05,Marilynas,702.22,19,638.38,,33.6,,
2025-11-05,Marilynas-Uber,375.02,9,340.93,,37.88,,
2025-11-06,Marilynas,679.4,19,617.64,,32.51,,
2025-11-06,Marilynas-Uber,765.51,22,695.92,,31.63,,
2025-11-07,Marilynas,1882.1,38,1711.0,,45.03,,
2025-11-07,Marilynas-Uber,2080.86,46,1891.69,,41.12,,
2025-11-08,Marilynas,1460.87,45,1328.06,,29.51,,
2025-11-08,Marilynas-Uber,2062.69,45,1875.17,,41.67,,
2025-11-09,Marilynas,1068.32,22,971.2,,44.15,,
2025-11-09,Marilynas-Uber,1433.68,29,1303.35,,44.94,,
2025-11-11,Marilynas,430.3,11,391.18,,35.56,,
2025-11-11,Marilynas-Uber,1090.75,20,991.59,,49.58,,
2025-11-12,Marilynas,474.97,12,431.79,,35.98,,
2025-11-12,Marilynas-Uber,1093.86,20,994.42,,49.72,,
2025-11-13,Marilynas,965.44,21,877.67,,41.79,,
2025-11-13,Marilynas-Uber,1203.46,26,1094.05,,42.08,,
2025-11-14,Marilynas,2608.2,52,2371.09,,45.6,,
2025-11-14,Marilynas-Uber,2419.58,45,2199.62,,48.88,,
2025-11-15,Marilynas,1625.17,33,1477.43,,44.77,,
2025-11-15,Marilynas-Uber,2186.24,49,1987.49,,40.56,,
2025-11-16,Marilynas,978.25,23,889.32,,38.67,,
2025-11-16,Marilynas-Uber,1585.01,37,1440.92,,38.94,,
2025-11-18,Marilynas,291.74,8,265.22,,33.15,,
2025-11-18,Marilynas-Uber,673.0,17,611.82,,35.99,,
2025-11-19,Marilynas,823.81,17,748.92,,44.05,,
2025-11-19,Marilynas-Uber,831.31,19,755.74,,39.78,,
2025-11-20,Marilynas,1278.35,29,1162.14,,40.07,,
2025-11-20,Marilynas-Uber,1254.42,31,1140.38,,36.79,,
2025-11-21,Marilynas,2263.29,46,2057.54,,44.73,,
2025-11-21,Marilynas-Uber,1278.3,34,1162.09,,34.18,,
2025-11-22,Marilynas,1268.07,28,1152.79,,41.17,,
2025-11-22,Marilynas-Uber,1749.87,39,1590.79,,40.79,,
2025-11-23,Marilynas,859.62,23,781.47,,33.98,,
2025-11-23,Marilynas-Uber,1477.97,31,1343.61,,43.34,,
2025-11-25,Marilynas,694.5,16,631.36,,39.46,,
2025-11-25,Marilynas-Uber,796.73,16,724.3,,45.27,,
2025-11-26,Marilynas,973.73,23,885.21,,38.49,,
2025-11-26,Marilynas-Uber,429.24,10,390.22,,39.02,,
2025-11-27,Marilynas,854.74,18,777.04,,43.17,,
2025-11-27,Marilynas-Uber,720.1,19,654.64,,34.45,,
2025-11-28,Marilynas,2472.66,51,2247.87,,44.08,,
2025-11-28,Marilynas-Uber,2473.56,59,2248.69,,38.11,,
2025-11-29,Marilynas,1572.86,27,1429.87,,52.96,,
2025-11-29,Marilynas-Uber,2947.73,59,2679.75,,45.42,,
2025-11-30,Marilynas,1556.29,25,1414.81,,56.59,,
2025-11-30,Marilynas-Uber,1598.59,40,1453.26,,36.33,,
2025-12-02,Marilynas,447.81,12,407.1,,33.93,,
2025-12-02,Marilynas-Uber,654.91,16,595.37,,37.21,,
2025-12-03,Marilynas,777.14,18,706.49,,39.25,,
2025-12-03,Marilynas-Uber,852.51,18,775.01,,43.06,,
2025-12-04,Marilynas,782.96,22,711.78,,32.35,,
2025-12-04,Marilynas-Uber,1003.1,23,911.91,,39.65,,
2025-12-05,Marilynas,3031.73,58,2756.12,,47.52,,
2025-12-05,Marilynas-Uber,3449.08,63,3135.53,,49.77,,
2025-12-06,Marilynas,1036.55,26,942.32,,36.24,,
2025-12-06,Marilynas-Uber,3190.64,66,2900.58,,43.95,,
2025-12-07,Marilynas,656.16,16,596.51,,37.28,,
2025-12-07,Marilynas-Uber,1605.57,36,1459.61,,40.54,,
2025-12-09,Marilynas,472.62,14,429.65,,30.69,,
2025-12-09,Marilynas-Uber,978.96,21,889.96,,42.38,,
2025-12-10,Marilynas,576.36,17,523.96,,30.82,,
2025-12-10,Marilynas-Uber,1156.29,20,1051.17,,52.56,,
2025-12-11,Marilynas,569.55,15,517.77,,34.52,,
2025-12-11,Marilynas-Uber,1120.78,25,1018.89,,40.76,,
2025-12-12,Marilynas,1866.37,41,1696.7,,41.38,,
2025-12-12,Marilynas-Uber,2199.21,49,1999.28,,40.8,,
2025-12-13,Marilynas,1946.19,38,1769.26,,46.56,,
2025-12-13,Marilynas-Uber,2398.37,57,2180.34,,38.25,,
2025-12-14,Marilynas,724.49,23,658.63,,28.64,,
2025-12-14,Marilynas-Uber,1458.3,28,1325.73,,47.35,,
2025-12-15,Marilynas,0.06,1,0.05,,0.05,,
2025-12-16,Marilynas,469.45,17,426.77,,25.1,,
2025-12-16,Marilynas-Uber,887.15,23,806.5,,35.07,,
2025-12-17,Marilynas,270.44,8,245.85,,30.73,,
2025-12-17,Marilynas-Uber,1100.34,25,1000.31,,40.01,,
2025-12-18,Marilynas,654.65,17,595.14,,35.01,,
2025-12-18,Marilynas-Uber,1452.45,27,1320.41,,48.9,,
2025-12-19,Marilynas,2440.49,41,2218.63,,54.11,,
2025-12-19,Marilynas-Uber,3733.68,70,3394.25,,48.49,,
2025-12-20,Marilynas,1452.93,37,1320.85,,35.7,,
2025-12-20,Marilynas-Uber,2104.7,44,1913.36,,43.49,,
2025-12-21,Marilynas,1149.01,27,1044.55,,38.69,,
2025-12-21,Marilynas-Uber,1883.3,40,1712.09,,42.8,,
2025-12-23,Marilynas,1740.83,35,1582.57,,45.22,,
2025-12-23,Marilynas-Uber,1126.62,22,1024.2,,46.55,,
2025-12-25,Marilynas-Uber,200.99,4,182.72,,45.68,,
2025-12-26,Marilynas,576.35,18,523.95,,29.11,,
2025-12-26,Marilynas-Uber,2415.14,50,2195.58,,43.91,,
2025-12-27,Marilynas,1513.7,29,1376.09,,47.45,,
2025-12-27,Marilynas-Uber,1885.51,37,1714.1,,46.33,,
2025-12-28,Marilynas,1287.99,25,1170.9,,46.84,,
2025-12-28,Marilynas-Uber,2336.24,50,2123.85,,42.48,,
2025-12-30,Marilynas,1288.43,38,1171.3,,30.82,,
2025-12-30,Marilynas-Uber,1821.61,28,1656.01,,59.14,,
2025-12-31,Marilynas-Uber,37.7,1,34.27,,34.27,,
2026-01-02,HarryGatos,3291.75,39,2992.83,58,84.4,40.37,2.9
2026-01-02,Marilynas,1034.47,30,940.43,,31.35,,
2026-01-02,Marilynas-Uber,1451.91,32,1319.92,,41.25,,
2026-01-02,Stowaway,10051.27,343,9137.52,,26.64,,
2026-01-03,HarryGatos,4024.98,66,3659.38,73,60.98,33.45,2.61
2026-01-03,Marilynas,1493.39,31,1357.63,,43.79,,
2026-01-03,Marilynas-Uber,1917.05,45,1742.77,,38.73,,
2026-01-03,Stowaway,14489.01,490,13171.83,,26.88,,
2026-01-04,HarryGatos,1671.95,18,1519.99,34,92.89,47.44,2.0
2026-01-04,Marilynas,1327.85,25,1207.14,,48.29,,
2026-01-04,Marilynas-Uber,2083.98,44,1894.53,,43.06,,
2026-01-04,Stowaway,8887.4,238,8079.45,,33.95,,
2026-01-05,HarryGatos,3228.71,72,2935.26,83,44.84,21.65,3.07
2026-01-05,Marilynas,0.06,1,0.05,,0.05,,
2026-01-05,Stowaway,3087.32,92,2806.65,,30.51,,
2026-01-06,Marilynas,460.77,17,418.88,,24.64,,
2026-01-06,Marilynas-Uber,1292.4,25,1174.91,,47.0,,
2026-01-06,Stowaway,6420.63,203,5836.94,,28.75,,
2026-01-07,HarryGatos,2825.42,33,2568.77,43,85.62,49.84,2.26
2026-01-07,Marilynas,684.28,17,622.07,,36.59,,
2026-01-07,Marilynas-Uber,886.91,17,806.28,,47.43,,
2026-01-07,Stowaway,5867.85,207,5334.41,,25.77,,
2026-01-08,HarryGatos,3197.42,37,2906.86,52,86.42,48.57,2.48
2026-01-08,Marilynas,803.87,16,730.79,,45.67,,
2026-01-08,Marilynas-Uber,955.04,20,868.22,,43.41,,
2026-01-08,Stowaway,6014.64,216,5467.85,,25.31,,
2026-01-09,HarryGatos,3519.76,32,3200.09,67,109.99,49.25,2.79
2026-01-09,Marilynas,876.94,25,797.22,,31.89,,
2026-01-09,Marilynas-Uber,2094.92,37,1904.47,,51.47,,
2026-01-09,Stowaway,12207.06,430,11097.33,,25.81,,
2026-01-10,HarryGatos,3057.0,35,2779.27,61,87.34,40.89,2.65
2026-01-10,Marilynas,1157.97,32,1052.7,,32.9,,
2026-01-10,Marilynas-Uber,2479.27,46,2253.88,,49.0,,
2026-01-10,Stowaway,18100.2,557,16454.73,,29.54,,
2026-01-11,Marilynas,844.88,18,768.07,,42.67,,
2026-01-11,Marilynas-Uber,1006.07,26,914.61,,35.18,,
2026-01-11,Stowaway,10250.95,301,9319.05,,30.96,,
2026-01-12,HarryGatos,1514.79,35,1377.11,35,43.28,30.04,1.94
2026-01-12,Stowaway,4904.76,128,4458.87,,34.83,,
2026-01-13,Marilynas,701.03,18,637.3,,35.41,,
2026-01-13,Marilynas-Uber,657.25,16,597.5,,37.34,,
2026-01-13,Stowaway,3406.47,117,3096.79,,26.47,,
2026-01-14,HarryGatos,2976.61,31,2706.11,52,96.02,49.46,2.6
2026-01-14,Marilynas,232.63,6,211.48,,35.25,,
2026-01-14,Marilynas-Uber,460.66,13,418.78,,32.21,,
2026-01-14,Stowaway,6397.83,216,5816.21,,26.93,,
2026-01-15,HarryGatos,2392.3,19,2174.98,39,125.91,55.56,2.6
2026-01-15,Marilynas,936.54,19,851.4,,44.81,,
2026-01-15,Marilynas-Uber,789.69,20,717.9,,35.89,,
2026-01-15,Stowaway,7199.74,255,6545.22,,25.67,,
2026-01-16,HarryGatos,3642.09,49,3311.28,85,74.33,36.21,2.43
2026-01-16,Marilynas,1201.37,27,1092.15,,40.45,,
2026-01-16,Marilynas-Uber,1956.31,45,1778.46,,39.52,,
2026-01-16,Stowaway,13291.76,378,12083.42,,31.97,,
2026-01-17,HarryGatos,1750.2,24,1591.19,37,72.93,42.18,2.31
2026-01-17,Marilynas,1147.7,25,1043.36,,41.73,,
2026-01-17,Marilynas-Uber,2334.42,46,2122.2,,46.13,,
2026-01-17,Stowaway,14201.8,474,12910.73,,27.24,,
2026-01-18,Marilynas,868.81,18,789.83,,43.88,,
2026-01-18,Marilynas-Uber,1198.03,21,1089.12,,51.86,,
2026-01-18,Stowaway,11878.02,333,10798.2,,32.43,,
2026-01-19,HarryGatos,3148.21,62,2861.98,146,50.78,14.38,5.21
2026-01-19,Stowaway,4774.62,139,4340.56,,31.23,,
2026-01-20,Marilynas,417.1,11,379.18,,34.47,,
2026-01-20,Marilynas-Uber,415.61,11,377.83,,34.35,,
2026-01-20,Stowaway,4219.5,161,3835.91,,23.83,,
2026-01-21,HarryGatos,1355.45,16,1232.3,28,84.72,45.87,2.0
2026-01-21,Marilynas,416.36,14,378.51,,27.04,,
2026-01-21,Marilynas-Uber,527.48,11,479.53,,43.59,,
2026-01-21,Stowaway,5841.3,197,5310.27,,26.96,,
2026-01-22,HarryGatos,1771.3,16,1610.37,33,110.71,49.9,2.75
2026-01-22,Marilynas,518.32,12,471.2,,39.27,,
2026-01-22,Marilynas-Uber,800.47,16,727.7,,45.48,,
2026-01-22,Stowaway,6389.03,231,5808.21,,25.14,,
2026-01-23,HarryGatos,3667.7,42,3334.51,79,87.33,39.97,2.82
2026-01-23,Marilynas,1421.48,29,1292.25,,44.56,,
2026-01-23,Marilynas-Uber,1936.01,40,1760.01,,44.0,,
2026-01-23,Stowaway,11620.52,387,10564.11,,27.3,,
2026-01-24,HarryGatos,3061.5,29,2783.49,60,105.57,47.88,2.73
2026-01-24,Marilynas,1670.18,26,1518.35,,58.4,,
2026-01-24,Marilynas-Uber,1407.4,31,1279.45,,41.27,,
2026-01-24,Stowaway,10723.54,338,9748.67,,28.84,,
2026-01-25,Marilynas,845.48,17,768.62,,45.21,,
2026-01-25,Marilynas-Uber,1840.19,37,1672.9,,45.21,,
2026-01-25,Stowaway,8371.03,240,7610.03,,31.71,,
2026-01-26,HarryGatos,3418.71,36,3108.01,74,94.96,40.47,2.96
2026-01-26,Stowaway,3158.95,95,2871.77,,30.23,,
2026-01-27,Marilynas,324.72,6,295.2,,49.2,,
2026-01-27,Marilynas-Uber,340.4,9,309.45,,34.38,,
2026-01-27,Stowaway,2351.05,78,2137.32,,27.4,,
2026-01-28,HarryGatos,1283.7,17,1167.07,26,75.51,44.56,2.36
2026-01-28,Marilynas,438.92,13,399.02,,30.69,,
2026-01-28,Marilynas-Uber,568.47,14,516.79,,36.91,,
2026-01-28,Stowaway,3505.4,139,3186.73,,22.93,,
2026-01-29,HarryGatos,1463.1,15,1330.2,32,97.54,42.27,2.91
2026-01-29,Marilynas,786.67,14,715.15,,51.08,,
2026-01-29,Marilynas-Uber,809.96,15,736.33,,49.09,,
2026-01-29,Stowaway,5554.0,204,5049.09,,24.75,,
2026-01-30,HarryGatos,3323.7,38,3021.88,75,87.47,40.68,2.5
2026-01-30,Marilynas,1792.73,35,1629.75,,46.56,,
2026-01-30,Marilynas-Uber,1954.13,42,1776.48,,42.3,,
2026-01-30,Stowaway,9321.99,327,8474.54,,25.92,,
2026-01-31,HarryGatos,2729.18,31,2481.37,61,88.04,37.98,2.77
2026-01-31,Marilynas,1264.85,37,1149.86,,31.08,,
2026-01-31,Marilynas-Uber,1909.02,46,1735.47,,37.73,,
2026-01-31,Stowaway,14952.66,386,13593.33,,35.22,,
2026-02-01,Marilynas,849.19,16,771.99,,48.25,,
2026-02-01,Marilynas-Uber,1602.91,33,1457.19,,44.16,,
2026-02-01,Stowaway,7746.26,206,7042.05,,34.18,,
2026-02-02,HarryGatos,3274.65,56,2977.0,94,58.48,26.59,3.03
2026-02-02,Stowaway,3549.08,96,3226.44,,33.61,,
2026-02-03,Marilynas,204.51,5,185.92,,37.18,,
2026-02-03,Marilynas-Uber,405.8,8,368.91,,46.11,,
2026-02-03,Stowaway,2886.6,90,2624.18,,29.16,,
2026-02-04,HarryGatos,1555.3,16,1413.99,39,97.21,37.98,2.79
2026-02-04,Marilynas,156.4,5,142.18,,28.44,,
2026-02-04,Marilynas-Uber,1081.11,26,982.83,,37.8,,
2026-02-04,Stowaway,4544.79,169,4131.63,,24.45,,
2026-02-05,HarryGatos,2440.15,24,2218.53,46,101.67,48.76,2.3
2026-02-05,Marilynas,540.21,15,491.1,,32.74,,
2026-02-05,Marilynas-Uber,710.62,15,646.02,,43.07,,
2026-02-05,Stowaway,5088.4,177,4625.82,,26.13,,
2026-02-06,HarryGatos,3318.98,60,3017.55,82,55.32,32.53,1.91
2026-02-06,Marilynas,2109.03,38,1917.3,,50.46,,
2026-02-06,Marilynas-Uber,3176.18,61,2887.44,,47.34,,
2026-02-06,Stowaway,12671.51,446,11519.55,,25.83,,
2026-02-07,HarryGatos,2858.2,29,2598.63,51,98.56,51.56,2.22
2026-02-07,Marilynas,1217.7,27,1107.0,,41.0,,
2026-02-07,Marilynas-Uber,1613.36,36,1466.69,,40.74,,
2026-02-07,Stowaway,11337.15,380,10306.5,,27.12,,
2026-02-08,Marilynas,367.09,11,333.72,,30.34,,
2026-02-08,Marilynas-Uber,1107.93,23,1007.21,,43.79,,
2026-02-08,Stowaway,10862.07,293,9874.61,,33.7,,
2026-02-09,HarryGatos,3055.88,37,2778.02,84,82.59,32.99,3.0
2026-02-09,Stowaway,2664.09,74,2421.9,,32.73,,
2026-02-10,Marilynas,460.56,10,418.69,,41.87,,
2026-02-10,Marilynas-Uber,621.0,13,564.55,,43.43,,
2026-02-10,Stowaway,3895.39,152,3541.26,,23.3,,
2026-02-11,HarryGatos,2434.95,20,2213.83,50,121.75,44.16,2.78
2026-02-11,Marilynas,253.99,7,230.9,,32.99,,
2026-02-11,Marilynas-Uber,552.42,12,502.2,,41.85,,
2026-02-11,Stowaway,4825.0,169,4386.36,,25.95,,
2026-02-12,HarryGatos,2535.0,19,2304.67,44,133.42,57.5,2.44
2026-02-12,Marilynas,382.13,12,347.39,,28.95,,
2026-02-12,Marilynas-Uber,618.5,12,562.27,,46.86,,
2026-02-12,Stowaway,5776.11,203,5251.01,,25.87,,
2026-02-13,HarryGatos,3968.43,67,3607.89,84,59.23,35.97,2.33
2026-02-13,Marilynas,1562.95,33,1420.86,,43.06,,
2026-02-13,Marilynas-Uber,2758.64,49,2507.85,,51.18,,
2026-02-13,Stowaway,14200.62,476,12909.65,,27.12,,
2026-02-14,HarryGatos,3941.55,40,3583.55,75,98.54,49.27,2.21
2026-02-14,Marilynas,1176.63,35,1069.66,,30.56,,
2026-02-14,Marilynas-Uber,2340.76,47,2127.96,,45.28,,
2026-02-14,Stowaway,13250.15,416,12045.59,,28.96,,
2026-02-15,Marilynas,1033.96,25,939.96,,37.6,,
2026-02-15,Marilynas-Uber,1090.02,25,990.93,,39.64,,
2026-02-15,Stowaway,10378.58,298,9435.07,,31.66,,
2026-02-16,HarryGatos,2828.12,37,2571.12,96,76.44,22.33,4.0
2026-02-16,Stowaway,2822.22,89,2565.65,,28.83,,
2026-02-17,Marilynas,314.62,9,286.02,,31.78,,
2026-02-17,Marilynas-Uber,576.65,13,524.23,,40.33,,
2026-02-17,Stowaway,3319.39,120,3017.63,,25.15,,
2026-02-18,HarryGatos,1691.53,20,1537.88,34,84.58,43.7,2.43
2026-02-18,Marilynas,748.7,13,680.64,,52.36,,
2026-02-18,Marilynas-Uber,969.0,17,880.91,,51.82,,
2026-02-18,Stowaway,5824.57,196,5295.06,,27.02,,
2026-02-19,HarryGatos,1492.0,20,1356.46,36,74.6,39.61,2.25
2026-02-19,Marilynas,307.46,11,279.51,,25.41,,
2026-02-19,Marilynas-Uber,692.09,16,629.17,,39.32,,
2026-02-19,Stowaway,4321.28,142,3928.44,,27.67,,
2026-02-20,HarryGatos,3250.26,38,2955.17,73,85.53,38.37,2.81
2026-02-20,Marilynas,1109.68,27,1008.8,,37.36,,
2026-02-20,Marilynas-Uber,2265.0,48,2059.09,,42.9,,
2026-02-20,Stowaway,9810.06,323,8918.24,,27.61,,
2026-02-21,HarryGatos,2819.2,34,2563.16,51,82.92,49.2,2.04
2026-02-21,Marilynas,990.2,24,900.18,,37.51,,
2026-02-21,Marilynas-Uber,2079.47,41,1890.43,,46.11,,
2026-02-21,Stowaway,12345.63,410,11223.3,,27.37,,
2026-02-22,HarryGatos,96.21,1,87.46,,,0.0,0.0
2026-02-22,Marilynas,721.75,15,656.14,,43.74,,
2026-02-22,Marilynas-Uber,1473.63,29,1339.66,,46.2,,
2026-02-22,Stowaway,8424.57,209,7658.7,,36.64,,
2026-02-23,HarryGatos,2595.8,40,2359.88,76,64.9,27.43,3.17
2026-02-23,Stowaway,3245.43,87,2950.39,,33.91,,
2026-02-24,Marilynas,666.92,15,606.29,,40.42,,
2026-02-24,Marilynas-Uber,417.37,12,379.43,,31.62,,
2026-02-24,Stowaway,3281.99,125,2983.63,,23.87,,
2026-02-25,HarryGatos,2579.35,25,2344.98,45,103.17,53.06,2.65
2026-02-25,Marilynas,292.56,6,265.96,,44.33,,
2026-02-25,Marilynas-Uber,639.05,14,580.95,,41.5,,
2026-02-25,Stowaway,5849.14,224,5317.4,,23.74,,
2026-02-26,HarryGatos,1901.47,19,1728.73,27,100.08,60.64,2.45
2026-02-26,Marilynas,622.22,11,565.65,,51.42,,
2026-02-26,Marilynas-Uber,742.94,19,675.4,,35.55,,
2026-02-26,Stowaway,4760.61,179,4327.83,,24.18,,
2026-02-27,HarryGatos,3346.82,38,3042.9,77,88.07,38.12,2.75
2026-02-27,Marilynas,2173.05,38,1975.5,,51.99,,
2026-02-27,Marilynas-Uber,3215.78,59,2923.44,,49.55,,
2026-02-27,Stowaway,14315.49,441,13014.08,,29.51,,
2026-02-28,HarryGatos,3859.72,31,3509.37,61,124.51,54.67,2.77
2026-02-28,Marilynas,1252.31,30,1138.46,,37.95,,
2026-02-28,Marilynas-Uber,1423.7,31,1294.27,,41.75,,
2026-02-28,Stowaway,13841.1,463,12582.82,,27.18,,
2026-03-01,Marilynas,845.89,17,768.99,,45.23,,
2026-03-01,Marilynas-Uber,1150.39,26,1045.81,,40.22,,
2026-03-01,Stowaway,8527.83,215,7752.57,,36.06,,
2026-03-02,HarryGatos,1302.25,23,1183.77,38,56.62,22.66,2.92
2026-03-02,Marilynas,32.2,2,29.27,,14.63,,
2026-03-02,Stowaway,4275.99,115,3887.26,,33.8,,
2026-03-03,Marilynas,328.53,7,298.66,,42.67,,
2026-03-03,Marilynas-Uber,426.03,11,387.3,,35.21,,
2026-03-03,Stowaway,2051.63,80,1865.12,,23.31,,
2026-03-04,HarryGatos,1231.75,17,1119.87,23,72.46,41.89,2.09
2026-03-04,Marilynas,404.17,10,367.43,,36.74,,
2026-03-04,Marilynas-Uber,690.64,16,627.85,,39.24,,
2026-03-04,Stowaway,5657.53,187,5143.21,,27.5,,
2026-03-05,HarryGatos,1644.0,11,1494.69,28,149.45,57.05,3.11
2026-03-05,Marilynas,979.69,20,890.63,,44.53,,
2026-03-05,Marilynas-Uber,729.95,15,663.59,,44.24,,
2026-03-05,Stowaway,5045.33,171,4586.66,,26.82,,
2026-03-06,HarryGatos,3898.0,39,3544.0,71,99.95,46.64,2.63
2026-03-06,Marilynas,1753.91,33,1594.46,,48.32,,
2026-03-06,Marilynas-Uber,2899.25,56,2635.68,,47.07,,
2026-03-06,Stowaway,10441.56,355,9492.33,,26.74,,
2026-03-07,HarryGatos,2532.27,31,2302.37,52,81.69,43.81,2.48
2026-03-07,Marilynas,1567.28,31,1424.8,,45.96,,
2026-03-07,Marilynas-Uber,2390.74,45,2173.4,,48.3,,
2026-03-07,Stowaway,13095.04,400,11904.58,,29.76,,
2026-03-08,Marilynas,431.31,9,392.1,,43.57,,
2026-03-08,Marilynas-Uber,1104.03,26,1003.66,,38.6,,
2026-03-08,Stowaway,10360.31,279,9418.46,,33.76,,
2026-03-09,HarryGatos,1346.35,17,1224.04,37,79.2,34.88,2.31
2026-03-09,Stowaway,4038.95,111,3671.77,,33.08,,
2026-03-10,Marilynas,336.55,8,305.95,,38.24,,
2026-03-10,Marilynas-Uber,604.66,11,549.69,,49.97,,
2026-03-10,Stowaway,4034.16,135,3667.42,,27.17,,
2026-03-11,HarryGatos,1453.4,13,1321.4,20,111.8,63.73,2.22
2026-03-11,Marilynas,321.43,8,292.21,,36.53,,
2026-03-11,Marilynas-Uber,470.99,10,428.17,,42.82,,
2026-03-11,Stowaway,6473.16,192,5884.69,,30.65,,
2026-03-12,HarryGatos,3023.98,33,2749.29,59,91.64,45.55,2.36
2026-03-12,Marilynas,525.05,10,477.32,,47.73,,
2026-03-12,Marilynas-Uber,1110.57,25,1009.61,,40.38,,
2026-03-12,Stowaway,6929.46,221,6299.51,,28.5,,
2026-03-13,HarryGatos,2710.84,40,2464.68,49,67.77,44.11,2.23
2026-03-13,Marilynas,1015.47,27,923.15,,34.19,,
2026-03-13,Marilynas-Uber,2783.85,56,2530.77,,45.19,,
2026-03-13,Stowaway,12410.95,419,11282.68,,26.93,,
2026-03-14,HarryGatos,2898.87,32,2635.67,52,90.59,48.99,2.26
2026-03-14,Marilynas,1629.78,36,1481.62,,41.16,,
2026-03-14,Marilynas-Uber,1536.96,32,1397.24,,43.66,,
2026-03-14,Stowaway,10580.17,309,9618.34,,31.13,,
2026-03-15,Marilynas,799.69,16,726.99,,45.44,,
2026-03-15,Marilynas-Uber,1109.61,22,1008.74,,45.85,,
2026-03-15,Stowaway,8365.76,209,7605.24,,36.39,,
2026-03-16,HarryGatos,2664.5,28,2422.36,75,95.16,34.97,2.78
2026-03-16,Stowaway,2906.02,86,2641.84,,30.72,,
2026-03-17,Marilynas,299.52,6,272.29,,45.38,,
2026-03-17,Marilynas-Uber,223.75,7,203.41,,29.06,,
2026-03-17,Stowaway,2321.46,88,2110.42,,23.98,,
2026-03-18,HarryGatos,1148.8,14,1044.46,20,82.06,43.43,2.5
2026-03-18,Marilynas,419.41,10,381.28,,38.13,,
2026-03-18,Marilynas-Uber,1039.37,19,944.88,,49.73,,
2026-03-18,Stowaway,4821.22,156,4382.93,,28.1,,
2026-03-19,HarryGatos,2034.0,22,1849.34,44,92.45,44.18,2.44
2026-03-19,Marilynas,909.39,18,826.72,,45.93,,
2026-03-19,Marilynas-Uber,932.06,19,847.33,,44.6,,
2026-03-19,Stowaway,5738.74,201,5217.04,,25.96,,
2026-03-20,HarryGatos,3052.7,41,2775.28,63,74.46,34.52,2.63
2026-03-20,Marilynas,1802.78,41,1638.89,,39.97,,
2026-03-20,Marilynas-Uber,2137.34,42,1943.04,,46.26,,
2026-03-20,Stowaway,12172.7,388,11066.09,,28.52,,
2026-03-21,HarryGatos,2280.5,26,2073.43,53,87.71,39.85,2.79
2026-03-21,Marilynas,760.57,18,691.43,,38.41,,
2026-03-21,Marilynas-Uber,2018.59,36,1835.08,,50.97,,
2026-03-21,Stowaway,17301.69,396,15728.81,,39.72,,
2026-03-22,Marilynas,562.74,11,511.58,,46.51,,
2026-03-22,Marilynas-Uber,1127.34,23,1024.85,,44.56,,
2026-03-22,Stowaway,6906.2,200,6278.36,,31.39,,
2026-03-23,HarryGatos,2590.98,28,2355.61,66,92.54,35.53,3.14
2026-03-23,Stowaway,2113.64,63,1921.49,,30.5,,
2026-03-24,HarryGatos,0.0,1,0.0,,,0.0,0.0
2026-03-24,Marilynas,306.47,8,278.61,,34.83,,
2026-03-24,Marilynas-Uber,475.54,9,432.31,,48.03,,
2026-03-24,Stowaway,1515.53,56,1377.75,,24.6,,
2026-03-25,HarryGatos,1984.0,22,1803.79,38,90.18,45.88,2.53
2026-03-25,Marilynas,691.74,12,628.85,,52.4,,
2026-03-25,Marilynas-Uber,852.47,13,774.97,,59.61,,
2026-03-25,Stowaway,4403.78,144,4003.44,,27.8,,
2026-03-26,HarryGatos,2474.5,24,2249.86,71,103.1,31.13,3.94
2026-03-26,Marilynas,617.78,13,561.62,,43.2,,
2026-03-26,Marilynas-Uber,744.72,15,677.02,,45.13,,
2026-03-26,Stowaway,4520.46,149,4109.51,,27.58,,
2026-03-27,HarryGatos,1864.5,21,1695.19,44,88.79,39.06,2.32
2026-03-27,Marilynas,1725.91,34,1569.01,,46.15,,
2026-03-27,Marilynas-Uber,2892.68,52,2629.71,,50.57,,
2026-03-27,Stowaway,10459.39,356,9508.54,,26.71,,
2026-03-28,HarryGatos,1618.59,32,1471.55,33,50.58,29.3,2.2
2026-03-28,Marilynas,847.18,20,770.16,,38.51,,
2026-03-28,Marilynas-Uber,1381.18,30,1255.62,,41.85,,
2026-03-28,Stowaway,10580.04,339,9618.22,,28.37,,
2026-03-29,Marilynas,694.67,16,631.52,,39.47,,
2026-03-29,Marilynas-Uber,1200.63,22,1091.48,,49.61,,
2026-03-29,Stowaway,9248.87,256,8408.06,,32.84,,
2026-03-30,HarryGatos,2124.7,34,1931.71,62,62.49,25.41,3.1
2026-03-30,Stowaway,3349.9,96,3045.36,,31.72,,
2026-03-31,Marilynas,401.92,10,365.38,,36.54,,
2026-03-31,Marilynas-Uber,446.02,10,405.47,,40.55,,
2026-03-31,Stowaway,2370.36,92,2154.87,,23.42,,
2026-04-01,HarryGatos,1742.3,19,1584.06,38,91.7,42.82,2.53
2026-04-01,Marilynas,636.93,13,579.03,,44.54,,
2026-04-01,Marilynas-Uber,502.69,10,456.99,,45.7,,
2026-04-01,Stowaway,5720.55,178,5200.5,,29.22,,
2026-04-02,HarryGatos,3960.75,24,3600.93,59,165.03,63.47,2.95
2026-04-02,Marilynas,1056.53,25,960.48,,38.42,,
2026-04-02,Marilynas-Uber,2028.91,31,1844.46,,59.5,,
2026-04-02,Stowaway,9240.36,308,8400.33,,27.27,,
2026-04-03,HarryGatos,1739.94,20,1581.8,33,87.0,45.7,2.36
2026-04-03,Marilynas,606.98,12,551.8,,45.98,,
2026-04-03,Marilynas-Uber,1943.4,33,1766.73,,53.54,,
2026-04-03,Stowaway,6272.98,173,5702.71,,32.96,,
2026-04-04,HarryGatos,3104.87,24,2822.6,52,129.37,54.29,2.89
2026-04-04,Marilynas,1207.98,16,1098.16,,68.64,,
2026-04-04,Marilynas-Uber,2063.43,37,1875.85,,50.7,,
2026-04-04,Stowaway,10336.82,278,9397.11,,33.8,,
2026-04-05,Marilynas,722.99,15,657.26,,43.82,,
2026-04-05,Marilynas-Uber,1105.81,22,1005.28,,45.69,,
2026-04-05,Stowaway,15807.06,316,14370.05,,45.47,,
2026-04-06,HarryGatos,2706.21,33,2460.14,66,82.01,35.22,2.64
2026-04-06,Stowaway,2885.38,58,2623.07,,45.23,,
2026-04-07,Marilynas,611.22,16,555.65,,34.73,,
2026-04-07,Marilynas-Uber,530.5,12,482.27,,40.19,,
2026-04-07,Stowaway,2324.55,71,2113.23,,29.76,,
2026-04-08,HarryGatos,1551.3,21,1410.37,34,73.87,35.36,2.43
2026-04-08,Marilynas,443.87,10,403.52,,40.35,,
2026-04-08,Marilynas-Uber,944.78,16,858.89,,53.68,,
2026-04-08,Stowaway,3800.31,134,3454.83,,25.78,,
2026-04-09,HarryGatos,2308.7,23,2098.94,48,100.38,42.85,2.67
2026-04-09,Marilynas,631.19,16,573.81,,35.86,,
2026-04-09,Marilynas-Uber,616.5,11,560.45,,50.95,,
2026-04-09,Stowaway,4043.05,140,3675.5,,26.25,,
2026-04-10,HarryGatos,3254.59,37,2959.11,68,87.96,41.15,2.62
2026-04-10,Marilynas,1103.28,27,1002.98,,37.15,,
2026-04-10,Marilynas-Uber,2126.34,46,1933.04,,42.02,,
2026-04-10,Stowaway,9951.02,326,9046.38,,27.75,,
2026-04-11,HarryGatos,3986.03,36,3624.14,78,110.72,49.2,2.69
2026-04-11,Marilynas,1165.84,25,1059.85,,42.39,,
2026-04-11,Marilynas-Uber,1317.61,27,1197.83,,44.36,,
2026-04-11,Stowaway,11087.78,319,10079.8,,31.6,,
2026-04-12,Marilynas,724.12,18,658.29,,36.57,,
2026-04-12,Marilynas-Uber,1317.35,25,1197.59,,47.9,,
2026-04-12,Stowaway,9609.56,246,8735.96,,35.51,,
2026-04-13,HarryGatos,3348.0,47,3043.83,82,71.23,33.07,3.15
2026-04-13,Stowaway,2224.62,69,2022.38,,29.31,,
2026-04-14,Marilynas,315.33,8,286.66,,35.83,,
2026-04-14,Marilynas-Uber,542.52,12,493.2,,41.1,,
2026-04-14,Stowaway,3344.31,119,3040.28,,25.55,,
2026-04-15,HarryGatos,1916.0,21,1741.98,41,91.24,41.49,2.56
2026-04-15,Marilynas,784.56,19,713.24,,37.54,,
2026-04-15,Marilynas-Uber,588.51,11,535.01,,48.64,,
2026-04-15,Stowaway,6658.14,178,6052.85,,34.0,,
2026-04-16,HarryGatos,1964.12,20,1785.65,40,98.21,47.94,2.22
2026-04-16,Marilynas,414.34,7,376.67,,53.81,,
2026-04-16,Marilynas-Uber,711.9,13,647.18,,49.78,,
2026-04-16,Stowaway,4456.12,159,4051.02,,25.48,,
2026-04-17,HarryGatos,3084.95,38,2804.76,61,81.18,40.92,2.77
2026-04-17,Marilynas,2146.84,36,1951.67,,54.21,,
2026-04-17,Marilynas-Uber,2861.72,51,2601.56,,51.01,,
2026-04-17,Stowaway,11462.83,383,10420.75,,27.21,,
2026-04-18,HarryGatos,3068.19,36,2789.51,58,85.23,43.45,2.76
2026-04-18,Marilynas,1186.03,22,1078.21,,49.01,,
2026-04-18,Marilynas-Uber,1813.74,31,1648.85,,53.19,,
2026-04-18,Stowaway,12837.85,420,11670.77,,27.79,,
2026-04-19,Marilynas,577.92,11,525.38,,47.76,,
2026-04-19,Marilynas-Uber,1090.51,23,991.37,,43.1,,
2026-04-19,Stowaway,9885.68,258,8986.98,,34.83,,
2026-04-20,HarryGatos,2326.8,28,2115.42,59,83.1,31.1,2.95
2026-04-20,Stowaway,3402.95,82,3093.86,,41.5,0.0,0.0
2026-04-21,Marilynas,406.23,8,369.3,,46.16,,
2026-04-21,Marilynas-Uber,476.0,10,432.73,,43.27,,
2026-04-21,Stowaway,3763.22,125,3421.05,4,30.11,30.78,4.0
2026-04-22,HarryGatos,2404.9,19,2186.35,43,126.57,54.97,2.87
2026-04-22,Marilynas,460.76,10,418.87,,41.89,,
2026-04-22,Marilynas-Uber,332.57,8,302.34,,37.79,,
2026-04-22,Stowaway,5843.87,173,5312.74,,33.78,0.0,0.0
2026-04-23,HarryGatos,2088.85,19,1899.1,38,109.94,48.0,2.71
2026-04-23,Marilynas,733.88,19,667.16,,35.11,,
2026-04-23,Marilynas-Uber,646.5,16,587.73,,36.73,,
2026-04-23,Stowaway,7779.31,243,7072.22,,32.01,0.0,0.0
2026-04-24,HarryGatos,4378.0,51,3980.39,95,85.84,38.24,2.88
2026-04-24,Marilynas,1283.95,24,1167.23,,48.63,,
2026-04-24,Marilynas-Uber,2006.19,39,1823.81,,46.76,,
2026-04-24,Stowaway,14959.67,439,13599.63,1,34.08,81.0,1.0
2026-04-25,HarryGatos,4297.34,49,3906.78,94,87.7,36.76,3.03
2026-04-25,Marilynas,1425.4,28,1295.82,,46.28,,
2026-04-25,Marilynas-Uber,3031.69,53,2756.08,,52.0,,
2026-04-25,Stowaway,20966.08,557,19060.2,2,37.64,0.0,1.0
2026-04-26,Marilynas,1270.4,25,1154.91,,46.2,,
2026-04-26,Marilynas-Uber,1872.54,37,1702.31,,46.01,,
2026-04-26,Stowaway,16051.12,368,14591.99,,43.62,0.0,0.0
2026-04-27,HarryGatos,3189.19,43,2899.24,79,74.17,33.62,2.82
2026-04-27,Marilynas,48.51,1,44.1,,44.1,,
2026-04-27,Stowaway,4023.91,89,3658.12,,45.21,0.0,0.0
2026-04-28,Marilynas,154.43,6,140.39,,23.4,,
2026-04-28,Marilynas-Uber,428.64,8,389.67,,48.71,,
2026-04-28,Stowaway,3146.37,105,2860.31,,29.97,0.0,0.0
2026-04-29,HarryGatos,1523.92,15,1385.45,27,101.59,51.22,3.0
2026-04-29,Marilynas,216.82,7,197.11,,28.16,,
2026-04-29,Marilynas-Uber,296.52,8,269.56,,33.7,,
2026-04-29,Stowaway,5554.74,178,5049.84,3,31.21,28.93,1.5
2026-04-30,HarryGatos,875.1,13,795.62,21,67.32,31.87,3.0
2026-04-30,Marilynas,429.7,11,390.64,,35.51,,
2026-04-30,Marilynas-Uber,502.33,12,456.66,,38.05,,
2026-04-30,Stowaway,5389.58,174,4899.81,1,30.97,7.0,1.0
2026-05-01,HarryGatos,3086.54,34,2806.3,64,90.78,43.13,2.46
2026-05-01,Marilynas,1288.27,30,1171.15,,39.04,,
2026-05-01,Marilynas-Uber,1730.87,34,1573.52,,46.28,,
2026-05-01,Stowaway,14890.9,409,13537.23,2,36.41,16.0,1.0
2026-05-02,HarryGatos,4370.5,37,3973.73,87,118.12,47.3,2.81
2026-05-02,Marilynas,628.44,16,571.31,,35.71,,
2026-05-02,Marilynas-Uber,1876.63,33,1706.03,,51.7,,
2026-05-02,Stowaway,14802.83,477,13457.53,,31.03,0.0,0.0
2026-05-03,Marilynas,690.76,13,627.96,,48.3,,
2026-05-03,Marilynas-Uber,984.19,18,894.72,,49.71,,
2026-05-03,Stowaway,11101.88,282,10092.65,1,39.37,37.95,1.0
2026-05-04,HarryGatos,1577.0,22,1433.68,52,71.68,28.13,3.25
2026-05-04,Stowaway,2311.09,65,2101.18,2,35.56,5.2,1.0
2026-05-05,Marilynas,208.1,6,189.18,,31.53,,
2026-05-05,Marilynas-Uber,389.49,10,354.08,,35.41,,
2026-05-05,Stowaway,3233.95,133,2939.83,,24.32,0.0,0.0
2026-05-06,HarryGatos,2636.5,25,2396.95,39,105.46,45.72,2.6
2026-05-06,Marilynas,282.83,6,257.12,,42.85,,
2026-05-06,Marilynas-Uber,1050.46,17,954.96,,56.17,,
2026-05-06,Stowaway,5769.25,172,5244.86,,33.54,0.0,0.0
2026-05-07,HarryGatos,1725.0,24,1568.33,46,71.88,32.23,2.56
2026-05-07,Marilynas,761.24,15,692.04,,46.14,,
2026-05-07,Marilynas-Uber,853.0,17,775.45,,45.61,,
2026-05-07,Stowaway,6367.03,192,5788.3,2,33.16,42.4,2.0
2026-05-08,HarryGatos,3993.8,29,3631.21,70,137.72,54.51,2.92
2026-05-08,Marilynas,1528.66,33,1389.69,,42.11,,
2026-05-08,Marilynas-Uber,2881.44,53,2619.49,,49.42,,
2026-05-08,Stowaway,17081.25,510,15528.77,,33.49,0.0,0.0
2026-05-09,HarryGatos,3432.0,35,3120.44,73,98.06,44.25,2.61
2026-05-09,Marilynas,1121.54,25,1019.58,,40.78,,
2026-05-09,Marilynas-Uber,1620.15,34,1472.86,,43.32,,
2026-05-09,Stowaway,10874.01,323,9885.58,,33.67,0.0,0.0
2026-05-10,Marilynas,900.93,15,819.03,,54.6,,
2026-05-10,Marilynas-Uber,841.38,18,764.89,,42.49,,
2026-05-10,Stowaway,18723.08,426,17021.06,3,43.95,81.14,1.0
2026-05-11,HarryGatos,3164.95,48,2877.41,70,65.94,28.34,3.5
2026-05-11,Stowaway,2284.25,63,2076.63,,36.26,0.0,0.0
2026-05-12,Marilynas,374.03,10,340.03,,34.0,,
2026-05-12,Marilynas-Uber,693.03,12,630.03,,52.5,,
2026-05-12,Stowaway,4139.92,158,3763.55,2,26.2,31.32,2.0
2026-05-13,HarryGatos,827.5,14,752.39,19,59.11,30.61,3.17
2026-05-13,Marilynas,331.64,11,301.49,,27.41,,
2026-05-13,Marilynas-Uber,353.96,7,321.78,,45.97,,
2026-05-13,Stowaway,5097.92,165,4634.42,53,30.9,3.44,17.67
2026-05-14,HarryGatos,806.5,9,733.26,14,89.61,52.57,2.0
2026-05-14,Marilynas,448.18,11,407.44,,37.04,,
2026-05-14,Marilynas-Uber,1147.44,23,1043.13,,45.35,,
2026-05-14,Stowaway,7897.16,219,7179.3,,36.06,0.0,0.0
2026-05-15,HarryGatos,1792.24,26,1629.54,34,68.93,39.76,2.13
2026-05-15,Marilynas,1825.02,38,1659.11,,43.66,,
2026-05-15,Marilynas-Uber,2370.3,46,2154.82,,46.84,,
2026-05-15,Stowaway,13757.61,421,12507.2,,32.68,0.0,0.0
2026-05-16,HarryGatos,3465.13,29,3150.56,62,119.49,52.08,2.58
2026-05-16,Marilynas,1203.75,30,1094.32,,36.48,,
2026-05-16,Marilynas-Uber,1484.97,30,1349.97,,45.0,,
2026-05-16,Stowaway,17230.63,451,15664.2,60,38.21,54.3,60.0
2026-05-17,Marilynas,502.62,12,456.93,,38.08,,
2026-05-17,Marilynas-Uber,1076.45,21,978.59,,46.6,,
2026-05-17,Stowaway,14073.66,343,12794.27,1,41.03,136.95,1.0
2026-05-18,HarryGatos,1390.8,16,1264.39,33,86.93,39.36,2.54
2026-05-18,Stowaway,3638.13,97,3307.61,3,37.51,0.0,1.5
2026-05-19,Marilynas,261.37,8,237.61,,29.7,,
2026-05-19,Marilynas-Uber,188.99,6,171.81,,28.64,,
2026-05-19,Stowaway,2936.3,103,2669.36,,28.51,0.0,0.0
2026-05-20,HarryGatos,2154.25,35,1958.57,51,61.55,37.12,2.32
2026-05-20,Marilynas,387.79,8,352.54,,44.07,,
2026-05-20,Marilynas-Uber,371.39,8,337.63,,42.2,,
2026-05-20,Stowaway,5800.58,193,5273.36,,30.05,0.0,0.0
2026-05-21,HarryGatos,1381.3,18,1255.84,26,76.74,49.3,1.86
2026-05-21,Marilynas,153.02,4,139.11,,34.78,,
2026-05-21,Marilynas-Uber,570.51,13,518.65,,39.9,,
2026-05-21,Stowaway,7482.38,238,6802.34,,31.44,0.0,0.0
2026-05-22,HarryGatos,2904.3,32,2640.52,49,90.76,45.26,2.33
2026-05-22,Marilynas,1590.96,33,1446.33,,43.83,,
2026-05-22,Marilynas-Uber,2653.23,44,2412.03,,54.82,,
2026-05-22,Stowaway,16335.46,509,14850.58,,32.09,0.0,0.0
2026-05-23,HarryGatos,2516.0,25,2287.58,41,100.64,53.91,2.16
2026-05-23,Marilynas,953.0,19,866.36,,45.6,,
2026-05-23,Marilynas-Uber,2132.28,36,1938.44,,53.85,,
2026-05-23,Stowaway,15550.2,444,14136.83,1,35.02,20.25,1.0
2026-05-24,Marilynas,526.13,10,478.3,,47.83,,
2026-05-24,Marilynas-Uber,528.3,12,480.27,,40.02,,
2026-05-24,Stowaway,17703.63,407,16094.19,2,43.5,47.36,1.0
2026-05-25,HarryGatos,2205.9,25,2005.46,59,88.24,35.27,2.95
2026-05-25,Stowaway,4210.47,129,3828.08,2,32.64,5.7,1.0
2026-05-26,Marilynas,317.54,8,288.67,,36.08,,
2026-05-26,Marilynas-Uber,773.97,17,703.61,,41.39,,
2026-05-26,Stowaway,3090.24,96,2809.24,,32.19,0.0,0.0
2026-05-27,HarryGatos,623.0,8,566.41,11,77.88,51.06,2.2
2026-05-27,Marilynas,757.96,15,689.05,,45.94,,
2026-05-27,Marilynas-Uber,827.78,20,752.53,,37.63,,
2026-05-27,Stowaway,5267.97,170,4785.69,2,30.99,64.72,2.0
2026-05-28,HarryGatos,1278.75,16,1162.65,28,79.92,40.53,2.33
2026-05-28,Marilynas,673.22,21,612.02,,29.14,,
2026-05-28,Marilynas-Uber,377.62,10,343.29,,34.33,,
2026-05-28,Stowaway,5862.64,203,5323.23,2,28.88,94.98,1.0
2026-05-29,HarryGatos,3983.62,51,3621.96,86,78.11,35.82,2.61
2026-05-29,Marilynas,1298.35,30,1180.32,,39.34,,
2026-05-29,Marilynas-Uber,2653.02,49,2411.84,,49.22,,
2026-05-29,Stowaway,20159.41,637,18327.03,2,31.65,14.0,2.0
2026-05-30,HarryGatos,3164.0,26,2876.65,59,121.69,48.86,3.11
2026-05-30,Marilynas,1409.5,29,1281.36,,44.18,,
2026-05-30,Marilynas-Uber,1814.3,37,1649.36,,44.58,,
2026-05-30,Stowaway,19745.28,513,17950.46,3,38.49,55.17,1.5
2026-05-31,Marilynas,842.89,14,766.26,,54.73,,
2026-05-31,Marilynas-Uber,571.98,14,519.98,,37.14,,
2026-05-31,Stowaway,12287.55,317,11170.52,3,38.76,12.72,1.0
2026-06-01,HarryGatos,3173.0,41,2884.74,73,77.39,36.66,2.61
2026-06-01,Stowaway,2548.93,78,2317.38,,32.68,0.0,0.0
2026-06-02,HarryGatos,893.1,15,811.98,27,59.54,26.28,2.7
2026-06-02,Marilynas,222.53,6,202.3,,33.72,,
2026-06-02,Marilynas-Uber,286.5,7,260.45,,37.21,,
2026-06-02,Stowaway,2273.61,75,2066.88,,30.31,0.0,0.0
2026-06-03,HarryGatos,1342.9,15,1220.86,31,89.53,42.31,2.58
2026-06-03,Marilynas,216.01,10,196.37,,19.64,,
2026-06-03,Marilynas-Uber,352.55,8,320.5,,40.06,,
2026-06-03,Stowaway,5328.67,184,4844.36,1,28.96,9.6,1.0
2026-06-04,HarryGatos,1526.2,20,1387.54,27,76.31,44.89,1.93
2026-06-04,Marilynas,668.59,13,607.81,,46.75,,
2026-06-04,Marilynas-Uber,655.02,14,595.47,,42.53,,
2026-06-04,Stowaway,6241.97,186,5674.62,5,33.56,30.19,2.5
2026-06-05,HarryGatos,3465.49,33,3150.61,60,105.01,48.25,2.5
2026-06-05,Marilynas,1817.23,34,1652.03,,48.59,,
2026-06-05,Marilynas-Uber,2276.16,44,2069.24,,47.03,,
2026-06-05,Stowaway,16964.43,514,15422.33,,33.0,0.0,0.0
2026-06-06,HarryGatos,2913.97,25,2649.28,59,116.56,47.82,2.68
2026-06-06,Marilynas,560.11,11,509.19,,46.29,,
2026-06-06,Marilynas-Uber,1544.21,32,1403.83,,43.87,,
2026-06-06,Stowaway,12939.93,386,11763.81,1,33.52,42.0,1.0
2026-06-07,Marilynas,850.15,15,772.86,,51.52,,
2026-06-07,Marilynas-Uber,1763.93,32,1603.57,,50.11,,
2026-06-07,Stowaway,16412.44,431,14920.45,1,38.08,0.0,1.0
2026-06-08,HarryGatos,3939.31,43,3581.17,89,91.61,36.14,3.3
2026-06-08,Stowaway,4633.32,132,4212.09,3,35.1,1.55,1.5
2026-06-09,Marilynas,0,0,0,,,,
2026-06-09,Marilynas-Uber,46.49,1,42.26,,42.26,,
2026-06-09,Stowaway,46.48,1,42.26,,,0.0,0.0
2026-06-10,HarryGatos,965.05,13,877.37,23,74.23,40.78,1.92
2026-06-10,Marilynas,298.97,7,271.79,,38.83,,
2026-06-10,Marilynas-Uber,380.97,7,346.34,,49.48,,
2026-06-10,Stowaway,3648.42,123,3316.71,,29.66,0.0,0.0
2026-06-11,HarryGatos,834.0,11,758.2,16,75.82,44.78,1.78
2026-06-11,Marilynas,367.68,10,334.25,,33.42,,
2026-06-11,Marilynas-Uber,676.5,17,615.0,,36.18,,
2026-06-11,Stowaway,7698.56,255,6998.81,,30.19,0.0,0.0
2026-06-12,HarryGatos,3138.3,36,2853.1,58,87.18,41.76,2.23
2026-06-12,Marilynas,1307.98,29,1189.07,,41.0,,
2026-06-12,Marilynas-Uber,1515.53,32,1377.75,,43.05,,
2026-06-12,Stowaway,14282.71,464,12984.67,,30.78,0.0,0.0
2026-06-13,HarryGatos,2884.3,32,2622.18,58,90.13,39.89,2.64
2026-06-13,Marilynas,1199.15,29,1090.14,,37.59,,
2026-06-13,Marilynas-Uber,1398.23,23,1271.12,,55.27,,
2026-06-13,Stowaway,18706.49,519,17006.05,2,36.04,49.5,2.0
2026-06-14,Marilynas,1007.36,16,915.78,,57.24,,
2026-06-14,Marilynas-Uber,1084.67,17,986.06,,58.0,,
2026-06-14,Stowaway,11835.96,288,10760.07,,41.1,0.0,0.0
2026-06-15,HarryGatos,2693.03,26,2448.28,63,103.58,41.27,2.74
2026-06-15,Stowaway,2438.77,59,2217.16,,41.34,0.0,0.0
2026-06-16,Marilynas,407.31,7,370.28,,52.9,,
2026-06-16,Marilynas-Uber,356.01,10,323.65,,32.36,,
2026-06-16,Stowaway,3735.53,105,3395.88,,35.58,0.0,0.0
2026-06-17,HarryGatos,1625.3,15,1477.57,34,108.35,47.13,2.62
2026-06-17,Marilynas,982.21,15,892.92,,59.53,,
2026-06-17,Marilynas-Uber,1034.79,17,940.72,,55.34,,
2026-06-17,Stowaway,5466.38,142,4969.48,6,38.5,53.37,3.0
2026-06-18,HarryGatos,1933.05,18,1757.32,31,107.39,53.13,2.82
2026-06-18,Marilynas,306.04,7,278.22,,39.75,,
2026-06-18,Marilynas-Uber,444.9,8,404.45,,50.56,,
2026-06-18,Stowaway,6408.74,211,5826.28,,30.37,0.0,0.0
2026-06-19,HarryGatos,3236.54,35,2942.59,61,92.47,45.96,2.44
2026-06-19,Marilynas,1995.87,38,1814.43,,47.75,,
2026-06-19,Marilynas-Uber,2026.38,37,1842.16,,49.79,,
2026-06-19,Stowaway,15019.76,445,13654.1,2,33.75,79.23,2.0
2026-06-20,HarryGatos,2192.6,23,1993.37,37,95.33,55.32,2.06
2026-06-20,Marilynas,1452.17,24,1320.15,,55.01,,
2026-06-20,Marilynas-Uber,1833.15,31,1666.5,,53.76,,
2026-06-20,Stowaway,15302.37,452,13911.39,1,33.85,0.0,1.0
2026-06-21,Marilynas,441.1,7,401.0,,57.29,,
2026-06-21,Marilynas-Uber,981.4,16,892.18,,55.76,,
2026-06-21,Stowaway,13546.46,289,12314.96,1,46.87,27.5,1.0
2026-06-22,HarryGatos,2664.5,29,2422.32,98,91.88,22.82,4.45
2026-06-22,Stowaway,2805.95,101,2550.97,,27.78,0.0,0.0
2026-06-23,Marilynas,87.99,3,79.99,,26.66,,
2026-06-23,Marilynas-Uber,491.02,10,446.38,,44.64,,
2026-06-23,Stowaway,3186.87,97,2897.07,4,32.85,7.75,4.0
2026-06-24,HarryGatos,1074.8,16,977.09,21,67.18,35.18,2.33
2026-06-24,Marilynas,294.42,7,267.65,,38.24,,
2026-06-24,Marilynas-Uber,393.67,11,357.88,,32.53,,
2026-06-24,Stowaway,5105.44,145,4641.25,,35.21,0.0,0.0
2026-06-25,HarryGatos,1246.5,15,1133.26,28,83.1,42.48,2.33
2026-06-25,Marilynas,609.12,10,553.75,,55.38,,
2026-06-25,Marilynas-Uber,483.0,18,439.09,,24.39,,
2026-06-25,Stowaway,4967.86,158,4339.16,,31.44,0.0,0.0
2026-06-26,HarryGatos,1959.45,22,1781.38,45,89.07,38.07,2.5
2026-06-26,Marilynas,1754.67,38,1595.15,,41.98,,
2026-06-26,Marilynas-Uber,1723.77,38,1567.06,,41.24,,
2026-06-26,Stowaway,16721.03,516,15200.97,2,32.41,56.25,1.0
2026-06-27,HarryGatos,2024.6,21,1840.63,34,96.41,48.02,2.13
2026-06-27,Marilynas,1489.75,26,1354.32,,52.09,,
2026-06-27,Marilynas-Uber,1320.97,24,1200.88,,50.04,,
2026-06-27,Stowaway,13457.71,397,12234.45,1,33.9,27.0,1.0
2026-06-28,Marilynas,390.5,9,355.0,,39.44,,
2026-06-28,Marilynas-Uber,704.43,16,640.39,,40.02,,
2026-06-28,Stowaway,15092.26,335,13720.2,,45.05,0.0,0.0
2026-06-29,HarryGatos,2118.5,33,1926.02,63,64.2,27.99,2.63
2026-06-29,Stowaway,4405.2,127,4004.92,2,34.69,64.5,2.0
2026-06-30,Marilynas,438.58,7,398.71,,56.96,,
2026-06-30,Marilynas-Uber,350.01,6,318.19,,53.03,,
2026-06-30,Stowaway,3512.92,118,3193.55,,29.77,0.0,0.0
2026-07-01,HarryGatos,1384.9,16,1259.05,37,86.56,36.88,2.64
2026-07-01,Marilynas,421.19,7,382.9,,54.7,,
2026-07-01,Marilynas-Uber,587.71,13,534.28,,41.1,,
2026-07-01,Stowaway,5944.76,172,5404.48,1,34.56,9.0,1.0
2026-07-02,HarryGatos,1341.6,13,1219.68,27,103.2,46.74,2.45
2026-07-02,Marilynas,509.86,11,463.51,,42.14,,
2026-07-02,Marilynas-Uber,485.99,11,441.81,,40.16,,
2026-07-02,Stowaway,7079.03,205,6435.57,3,34.53,16.8,1.5
2026-07-03,HarryGatos,4866.64,37,4424.43,81,131.53,55.05,2.79
2026-07-03,Marilynas,943.65,21,857.86,,40.85,,
2026-07-03,Marilynas-Uber,2294.75,38,2086.14,,54.9,,
2026-07-03,Stowaway,14236.74,430,12942.45,,33.11,0.0,0.0
2026-07-04,HarryGatos,3385.85,33,3078.13,47,102.6,53.87,2.47
2026-07-04,Marilynas,722.95,18,657.23,,36.51,,
2026-07-04,Marilynas-Uber,1761.62,33,1601.47,,48.53,,
2026-07-04,Stowaway,11655.55,332,10596.13,,35.11,0.0,0.0
2026-07-05,Marilynas,573.44,9,521.31,,57.92,,
2026-07-05,Marilynas-Uber,711.21,14,646.55,,46.18,,
2026-07-05,Stowaway,14303.09,333,13002.72,5,42.95,15.15,1.25
2026-07-23,HarryGatos,1866.55,17,1696.86,,109.80,,
2026-07-23,Marilynas,1015.17,25,922.88,,40.61,,
2026-07-23,Stowaway,4606.01,141,4187.28,,32.67,,
2026-07-24,HarryGatos,3457.00,35,3142.73,61,98.77,56.67,1.74
2026-07-24,Marilynas,3513.04,90,3193.67,,39.03,,
2026-07-24,Stowaway,12667.37,412,11515.79,,30.75,,
2026-07-25,HarryGatos,3858.20,29,3507.45,70,133.04,55.12,2.41
2026-07-25,Marilynas,3616.48,83,3287.71,,43.57,,
2026-07-25,Stowaway,17782.60,452,16166.00,,39.34,,
2026-07-26,Marilynas,1803.45,39,1639.50,,46.24,,
2026-07-26,Stowaway,9550.87,242,8682.61,,39.47,,
2026-07-27,HarryGatos,2738.95,37,2489.95,71,74.03,38.58,1.92
2026-07-27,Marilynas,4.00,2,3.64,,2.00,,
2026-07-27,Stowaway,2875.04,81,2613.67,,35.49,,
2026-07-28,Marilynas,1466.12,55,1332.84,,26.66,,
2026-07-28,Stowaway,3615.48,136,3286.80,,26.58,,
2026-07-29,HarryGatos,2028.00,23,1843.64,40,88.17,50.70,1.74
2026-07-29,Marilynas,879.37,25,799.43,,35.17,,
2026-07-29,Stowaway,3487.58,87,3170.53,,40.09,,
2026-07-30,HarryGatos,2106.00,20,1914.55,42,105.30,50.14,2.10
2026-07-30,Marilynas,1161.92,29,1056.29,,40.07,,
2026-07-30,Stowaway,7144.97,88,6495.43,,81.19,,
2026-07-31,HarryGatos,5229.60,60,4754.18,98,87.16,53.36,1.63
2026-07-31,Marilynas,4031.66,97,3665.15,,41.56,,
2026-07-31,Stowaway,15000.59,405,13636.90,,37.04,,
2026-08-01,HarryGatos,3809.10,27,3462.82,58,141.08,65.67,2.15
2026-08-01,Marilynas,2581.86,69,2347.15,,37.42,,
2026-08-01,Stowaway,14262.46,457,12965.87,,31.21,,
