ts,venue,item_id,qty_base,base_unit,direction,reason,source_ref,actor,note
2026-03-26,stow,lightspeed:20445569,2000,g,in,receive,invoice:foodlink:SI4263274,invoice-pipeline,BOCCONCINI TRADITIONAL 1KG
2026-03-26,stow,lightspeed:20445811,4200.000,ml,in,receive,invoice:ilg:03666774,invoice-pipeline,BOMBAY DRY GIN
2026-03-26,stow,lightspeed:22479979,40000.000,g,in,receive,invoice:gulli:CI-366411,invoice-pipeline,Big Cheese- Shredded Mozzarella 2kg
2026-03-26,stow,lightspeed:22873831,3.000,each,in,receive,invoice:gulli:CI-366411,invoice-pipeline,"B Flute Lock Top 11"" Pizza Boxes x 50"
2026-03-26,stow,lightspeed:22873851,4.000,each,in,receive,invoice:gulli:CI-366411,invoice-pipeline,"B Flute Lock Top 13"" Pizza Boxes x 50"
2026-03-28,hg,lightspeed:22888667,1000,g,in,receive,invoice:foodlink:SI4267834,invoice-pipeline,SUGAR BROWN 1KG CSR
2026-03-28,stow,lightspeed:22888733,3000,g,in,receive,invoice:foodlink:SI4267827,invoice-pipeline,CHOCOLATE DARK 1KG Natures
2026-03-31,stow,lightspeed:20483413,5000,ml,in,receive,invoice:paramount:5198837,invoice-pipeline,MASSENEZ TRIPLE SEC LIQUEUR 35% BIB 2PACK
2026-03-31,stow,lightspeed:20484930,20000,ml,in,receive,invoice:paramount:5198837,invoice-pipeline,WHITE LIGHT VODKA ORIGINAL : 20000ml
2026-03-31,stow,lightspeed:20492637,49500.0,ml,in,receive,invoice:lion:94598907,invoice-pipeline,S & W Pacific Ale 49.5L KEG
2026-04-01,hg,lightspeed:22888642,9000,g,in,receive,invoice:foodlink:SI4274123,invoice-pipeline,HONEY PURE 3KG Wild Flower
2026-04-01,hg,lightspeed:22888647,1000,g,in,receive,invoice:foodlink:SI4274123,invoice-pipeline,MAYONNAISE MILD JAPANESE 1KG
2026-04-01,stow,lightspeed:20445569,3000,g,in,receive,invoice:foodlink:SI4274139,invoice-pipeline,BOCCONCINI TRADITIONAL 1KG
2026-04-01,stow,lightspeed:20445811,4200.000,ml,in,receive,invoice:ilg:03670302,invoice-pipeline,BOMBAY DRY GIN
2026-04-01,stow,lightspeed:20445833,25200.000,ml,in,receive,invoice:ilg:03670302,invoice-pipeline,ROOSTER ROJO TEQUILA BLANCO
2026-04-01,stow,lightspeed:20445855,700.000,ml,in,receive,invoice:ilg:03670302,invoice-pipeline,MONKEY SHOULDER SCOTCH WHISKEY
2026-04-01,stow,lightspeed:20445890,1000,ml,in,receive,invoice:ilg:03670302,invoice-pipeline,ANTICA FORMULA
2026-04-01,stow,lightspeed:20459560,9000.000,ml,in,receive,invoice:ilg:03670302,invoice-pipeline,COCA COLA CAN CUBES
2026-04-01,stow,lightspeed:20484784,4000.000,ml,in,receive,invoice:ilg:03670302,invoice-pipeline,FEVER TREE LIGHT TONIC
2026-04-01,stow,lightspeed:20484934,1000,ml,in,receive,invoice:ilg:03670302,invoice-pipeline,KAHLUA 1 LTR 6PK
2026-04-01,stow,lightspeed:20487319,750.000,ml,in,receive,invoice:ilg:03670302,invoice-pipeline,NOILLY PRAT DRY VERMOUTH
2026-04-01,stow,lightspeed:20645881,4500.000,ml,in,receive,invoice:ilg:03670302,invoice-pipeline,VEUVE CLICQUOT Y/LAB NV R
2026-04-01,stow,lightspeed:22920840,200.0,g,in,receive,invoice:foodlink:SI4274125,invoice-pipeline,STAR ANISE WHOLE 200GM Chefs
2026-04-02,stow,lightspeed:22479979,68000.000,g,in,receive,invoice:gulli:CI-371124,invoice-pipeline,Big Cheese- Shredded Mozzarella 2kg
2026-04-02,stow,lightspeed:22873831,4.000,each,in,receive,invoice:gulli:CI-371124,invoice-pipeline,"B Flute Lock Top 11"" Pizza Boxes x 50"
2026-04-02,stow,lightspeed:22873851,6.000,each,in,receive,invoice:gulli:CI-371124,invoice-pipeline,"B Flute Lock Top 13"" Pizza Boxes x 50"
2026-04-04,hg,lightspeed:22888667,1000,g,in,receive,invoice:foodlink:SI4279378,invoice-pipeline,SUGAR BROWN 1KG CSR
2026-04-04,stow,lightspeed:20445569,3000,g,in,receive,invoice:foodlink:SI4279347,invoice-pipeline,BOCCONCINI TRADITIONAL 1KG
2026-04-07,stow,lightspeed:22479979,12000.000,g,in,receive,invoice:gulli:CI-371746,invoice-pipeline,Big Cheese- Shredded Mozzarella 2kg
2026-04-07,stow,lightspeed:22873831,2.000,each,in,receive,invoice:gulli:CI-371746,invoice-pipeline,"B Flute Lock Top 11"" Pizza Boxes x 50"
2026-04-07,stow,lightspeed:22873851,2.000,each,in,receive,invoice:gulli:CI-371746,invoice-pipeline,"B Flute Lock Top 13"" Pizza Boxes x 50"
2026-04-08,stow,lightspeed:22888616,2000,g,in,receive,invoice:foodlink:SI4284152,invoice-pipeline,ALMOND MEAL 1KG Natures Secret
2026-04-08,stow,lightspeed:22888667,2000,g,in,receive,invoice:foodlink:SI4284152,invoice-pipeline,SUGAR BROWN 1KG CSR
2026-04-08,stow,lightspeed:22888703,1000,g,in,receive,invoice:foodlink:SI4284152,invoice-pipeline,ALMOND SLIVERED 1KG Natures
2026-04-08,stow,lightspeed:22888733,3000,g,in,receive,invoice:foodlink:SI4284152,invoice-pipeline,CHOCOLATE DARK 1KG Natures
2026-04-08,stow,lightspeed:22888802,1900.0,g,in,receive,invoice:foodlink:SI4284152,invoice-pipeline,MOUSSE CHOCOLATE 1.9KG Nestle
2026-04-09,stow,lightspeed:20445833,4200.000,ml,in,receive,invoice:ilg:03674033,invoice-pipeline,ROOSTER ROJO TEQUILA BLANCO
2026-04-09,stow,lightspeed:20445846,700.000,ml,in,receive,invoice:ilg:03674032,invoice-pipeline,LAGAVULIN WHISKEY 16YO 43%
2026-04-09,stow,lightspeed:20445852,700.000,ml,in,receive,invoice:ilg:03674032,invoice-pipeline,BUFFALO TRACE BOURBON 40%
2026-04-09,stow,lightspeed:20492690,700.000,ml,in,receive,invoice:ilg:03674033,invoice-pipeline,ITALICUS RISOLIO APERITIF
2026-04-09,stow,lightspeed:20727770,750.000,ml,in,receive,invoice:ilg:03674032,invoice-pipeline,BICKFORDS RASPBERRY CORDIAL
2026-04-09,stow,lightspeed:22479979,32000.000,g,in,receive,invoice:gulli:CI-373394,invoice-pipeline,Big Cheese- Shredded Mozzarella 2kg
2026-04-09,stow,lightspeed:22873831,2.000,each,in,receive,invoice:gulli:CI-373394,invoice-pipeline,"B Flute Lock Top 11"" Pizza Boxes x 50"
2026-04-09,stow,lightspeed:22873851,3.000,each,in,receive,invoice:gulli:CI-373394,invoice-pipeline,"B Flute Lock Top 13"" Pizza Boxes x 50"
2026-04-10,stow,lightspeed:20492637,99000.0,ml,in,receive,invoice:lion:94615712,invoice-pipeline,S & W Pacific Ale 49.5L KEG
2026-04-10,stow,lightspeed:20786711,99000.0,ml,in,receive,invoice:lion:94615712,invoice-pipeline,Kirin Ichb 5% 49.5L KEG
2026-04-11,stow,lightspeed:22514090,1000,g,in,receive,invoice:foodlink:SI4291090,invoice-pipeline,WALNUTS 1KG Natures Secret
2026-04-11,stow,lightspeed:22888614,1000,g,in,receive,invoice:foodlink:SI4291090,invoice-pipeline,ACHIOTE PASTE 1KG El Yucateco
2026-04-13,hg,lightspeed:22888667,1000,g,in,receive,invoice:foodlink:SI4293334,invoice-pipeline,SUGAR BROWN 1KG CSR
2026-04-14,stow,lightspeed:20445808,700.000,ml,in,receive,invoice:ilg:03676192,invoice-pipeline,HENDRICKS GIN
2026-04-14,stow,lightspeed:20445811,4200.000,ml,in,receive,invoice:ilg:03676192,invoice-pipeline,BOMBAY DRY GIN
2026-04-14,stow,lightspeed:20445833,4200.000,ml,in,receive,invoice:ilg:03676192,invoice-pipeline,ROOSTER ROJO TEQUILA BLANCO
2026-04-14,stow,lightspeed:20445852,700.000,ml,in,receive,invoice:ilg:03676192,invoice-pipeline,BUFFALO TRACE BOURBON 40%
2026-04-14,stow,lightspeed:20492685,700.000,ml,in,receive,invoice:ilg:03676192,invoice-pipeline,LYRE’S ITALIAN SPRITZ ALT
2026-04-14,stow,lightspeed:22479979,20000.000,g,in,receive,invoice:gulli:CI-375775,invoice-pipeline,Big Cheese- Shredded Mozzarella 2kg
2026-04-14,stow,lightspeed:22888650,4000,ml,in,receive,invoice:foodlink:SI4295340,invoice-pipeline,MILK FRESH FULL CREAM 2LT Norco
2026-04-14,stow,lightspeed:22888733,2000,g,in,receive,invoice:foodlink:SI4295340,invoice-pipeline,CHOCOLATE DARK 1KG Natures
2026-04-14,stow,lightspeed:22893550,20000,g,in,receive,invoice:foodlink:SI4295340,invoice-pipeline,RICE JASMINE FRAGRANT 20KG
2026-04-16,stow,lightspeed:22479979,32000.000,g,in,receive,invoice:gulli:CI-377319,invoice-pipeline,Big Cheese- Shredded Mozzarella 2kg
2026-04-16,stow,lightspeed:22873831,2.000,each,in,receive,invoice:gulli:CI-377319,invoice-pipeline,"B Flute Lock Top 11"" Pizza Boxes x 50"
2026-04-16,stow,lightspeed:22873851,3.000,each,in,receive,invoice:gulli:CI-377319,invoice-pipeline,"B Flute Lock Top 13"" Pizza Boxes x 50"
2026-04-16,stow,lightspeed:22888649,20000,g,in,receive,invoice:foodlink:SI4299507,invoice-pipeline,MAYONNAISE WHOLE EGG 20KG
2026-04-18,stow,lightspeed:22888762,5000,g,in,receive,invoice:foodlink:SI4304335,invoice-pipeline,GARLIC POWDER 5KG Galaxy
2026-04-18,stow,lightspeed:22893550,20000,g,in,receive,invoice:foodlink:SI4304335,invoice-pipeline,RICE JASMINE FRAGRANT 20KG
2026-04-21,stow,lightspeed:20445810,700.000,ml,in,receive,invoice:ilg:03680511,invoice-pipeline,BOMBAY SAPPHIRE GIN
2026-04-21,stow,lightspeed:20445811,700.000,ml,in,receive,invoice:ilg:03680513,invoice-pipeline,BOMBAY DRY GIN
2026-04-21,stow,lightspeed:20445852,700.000,ml,in,receive,invoice:ilg:03680511,invoice-pipeline,BUFFALO TRACE BOURBON 40%
2026-04-21,stow,lightspeed:20459560,9000.000,ml,in,receive,invoice:ilg:03680511,invoice-pipeline,COCA COLA CAN CUBES
2026-04-21,stow,lightspeed:20484784,4000.000,ml,in,receive,invoice:ilg:03680511,invoice-pipeline,FEVER TREE LIGHT TONIC
2026-04-21,stow,lightspeed:20484934,1000,ml,in,receive,invoice:ilg:03680513,invoice-pipeline,KAHLUA 1 LTR 6PK
2026-04-21,stow,lightspeed:22442211,750.000,ml,in,receive,invoice:ilg:03680512,invoice-pipeline,PATRON XO CAFE
2026-04-21,stow,lightspeed:22479979,24000.000,g,in,receive,invoice:gulli:CI-379598,invoice-pipeline,Big Cheese- Shredded Mozzarella 2kg
2026-04-21,stow,lightspeed:22873831,2.000,each,in,receive,invoice:gulli:CI-379598,invoice-pipeline,"B Flute Lock Top 11"" Pizza Boxes x 50"
2026-04-21,stow,lightspeed:22873851,3.000,each,in,receive,invoice:gulli:CI-379598,invoice-pipeline,"B Flute Lock Top 13"" Pizza Boxes x 50"
2026-04-22,stow,lightspeed:20483609,750.00,ml,in,receive,invoice:paramount:5245388,invoice-pipeline,CARPANO CLASSICO VERMOUTH : 750ml
2026-04-22,stow,lightspeed:22514090,1000,g,in,receive,invoice:foodlink:SI4310704,invoice-pipeline,WALNUTS 1KG Natures Secret
2026-04-22,stow,lightspeed:22888650,6000,ml,in,receive,invoice:foodlink:SI4310704,invoice-pipeline,MILK FRESH FULL CREAM 2LT Norco
2026-04-22,stow,lightspeed:22888733,3000,g,in,receive,invoice:foodlink:SI4310704,invoice-pipeline,CHOCOLATE DARK 1KG Natures
2026-04-23,hg,lightspeed:22888642,6000,g,in,receive,invoice:foodlink:SI4312726,invoice-pipeline,HONEY PURE 3KG Wild Flower
2026-04-23,stow,lightspeed:22479979,52000.000,g,in,receive,invoice:gulli:CI-381145,invoice-pipeline,Big Cheese- Shredded Mozzarella 2kg
2026-04-23,stow,lightspeed:22873831,3.000,each,in,receive,invoice:gulli:CI-381145,invoice-pipeline,"B Flute Lock Top 11"" Pizza Boxes x 50"
2026-04-23,stow,lightspeed:22873851,4.000,each,in,receive,invoice:gulli:CI-381145,invoice-pipeline,"B Flute Lock Top 13"" Pizza Boxes x 50"
2026-04-23,stow,lightspeed:22888760,7600.0,ml,in,receive,invoice:foodlink:SI4312724,invoice-pipeline,FRANK'S HOT SAUCE 1GALLN 3.8L
2026-04-24,stow,lightspeed:20492637,148500.0,ml,in,receive,invoice:lion:94637637,invoice-pipeline,S & W Pacific Ale 49.5L KEG
2026-04-24,stow,lightspeed:20786711,49500.0,ml,in,receive,invoice:lion:94637637,invoice-pipeline,Kirin Ichb 5% 49.5L KEG
2026-04-25,hg,lightspeed:22888667,2000,g,in,receive,invoice:foodlink:SI4317823,invoice-pipeline,SUGAR BROWN 1KG CSR
2026-04-29,stow,lightspeed:22514090,1000,g,in,receive,invoice:foodlink:SI4322815,invoice-pipeline,WALNUTS 1KG Natures Secret
2026-04-29,stow,lightspeed:22888649,20000,g,in,receive,invoice:foodlink:SI4322844,invoice-pipeline,MAYONNAISE WHOLE EGG 20KG
2026-04-29,stow,lightspeed:22888650,4000,ml,in,receive,invoice:foodlink:SI4322815,invoice-pipeline,MILK FRESH FULL CREAM 2LT Norco
2026-04-30,stow,lightspeed:20445811,4200.000,ml,in,receive,invoice:ilg:03688355,invoice-pipeline,BOMBAY DRY GIN
2026-04-30,stow,lightspeed:20445833,16800.000,ml,in,receive,invoice:ilg:03688355,invoice-pipeline,ROOSTER ROJO TEQUILA BLANCO
2026-04-30,stow,lightspeed:20445852,1400.000,ml,in,receive,invoice:ilg:03688355,invoice-pipeline,BUFFALO TRACE BOURBON 40%
2026-04-30,stow,lightspeed:20445864,700.000,ml,in,receive,invoice:ilg:03688355,invoice-pipeline,SAILOR JERRY SPICED RUM
2026-04-30,stow,lightspeed:20445894,700.000,ml,in,receive,invoice:ilg:03688354,invoice-pipeline,CAMPARI APERITIF 25%
2026-04-30,stow,lightspeed:20445894,700.000,ml,in,receive,invoice:ilg:03688355,invoice-pipeline,CAMPARI APERITIF 25%
2026-04-30,stow,lightspeed:20484784,4000.000,ml,in,receive,invoice:ilg:03688355,invoice-pipeline,FEVER TREE LIGHT TONIC
2026-04-30,stow,lightspeed:20487328,15000,ml,in,receive,invoice:ilg:03688356,invoice-pipeline,DE BORTOLI G/SEAL DRY RED
2026-04-30,stow,lightspeed:20727770,750.000,ml,in,receive,invoice:ilg:03688355,invoice-pipeline,BICKFORDS RASPBERRY CORDIAL
2026-04-30,stow,lightspeed:22479979,56000.000,g,in,receive,invoice:gulli:CI-384734,invoice-pipeline,Big Cheese- Shredded Mozzarella 2kg
2026-04-30,stow,lightspeed:22873831,4.000,each,in,receive,invoice:gulli:CI-384734,invoice-pipeline,"B Flute Lock Top 11"" Pizza Boxes x 50"
2026-04-30,stow,lightspeed:22873851,5.000,each,in,receive,invoice:gulli:CI-384734,invoice-pipeline,"B Flute Lock Top 13"" Pizza Boxes x 50"
2026-05-01,stow,lightspeed:20492637,49500.0,ml,in,receive,invoice:lion:94648249,invoice-pipeline,S & W Pacific Ale 49.5L KEG
2026-05-01,stow,lightspeed:20786711,99000.0,ml,in,receive,invoice:lion:94648249,invoice-pipeline,Kirin Ichb 5% 49.5L KEG
2026-05-02,stow,lightspeed:22989447,8000,ml,in,receive,invoice:foodlink:SI4329695,invoice-pipeline,BBQ SAUCE 4LT Heinz
2026-05-05,stow,lightspeed:20445808,1400.000,ml,in,receive,invoice:ilg:03690691,invoice-pipeline,HENDRICKS GIN
2026-05-05,stow,lightspeed:20445812,500.0,ml,in,receive,invoice:paramount:5277539,invoice-pipeline,WOLF LANE DISTILLERY NAVY STRENGTH GIN : 5
2026-05-05,stow,lightspeed:20445841,700.000,ml,in,receive,invoice:ilg:03690691,invoice-pipeline,THE MACALLAN SHERRY OAK 12YO
2026-05-05,stow,lightspeed:20445855,700.000,ml,in,receive,invoice:ilg:03690691,invoice-pipeline,MONKEY SHOULDER SCOTCH WHISKEY
2026-05-05,stow,lightspeed:20445864,2800.000,ml,in,receive,invoice:ilg:03690691,invoice-pipeline,SAILOR JERRY SPICED RUM
2026-05-05,stow,lightspeed:20445866,700.000,ml,in,receive,invoice:ilg:03690691,invoice-pipeline,BACARDI CARTA BL (WHITE SUP)R
2026-05-05,stow,lightspeed:20445890,2000,ml,in,receive,invoice:ilg:03690691,invoice-pipeline,ANTICA FORMULA
2026-05-05,stow,lightspeed:20445895,4200.000,ml,in,receive,invoice:ilg:03690691,invoice-pipeline,APEROL
2026-05-05,stow,lightspeed:20459560,9000.000,ml,in,receive,invoice:ilg:03690691,invoice-pipeline,COCA COLA CAN CUBES
2026-05-05,stow,lightspeed:20483609,1500.00,ml,in,receive,invoice:paramount:5277539,invoice-pipeline,CARPANO CLASSICO VERMOUTH : 750ml
2026-05-05,stow,lightspeed:20484930,20000,ml,in,receive,invoice:paramount:5277539,invoice-pipeline,WHITE LIGHT VODKA ORIGINAL : 20000ml
2026-05-05,stow,lightspeed:20484934,3000,ml,in,receive,invoice:ilg:03690691,invoice-pipeline,KAHLUA 1 LTR 6PK
2026-05-05,stow,lightspeed:20487286,700.000,ml,in,receive,invoice:ilg:03690691,invoice-pipeline,FOUR PILLARS BLOODY SHIRAZ GIN
2026-05-05,stow,lightspeed:20487328,15000,ml,in,receive,invoice:ilg:03690691,invoice-pipeline,DE BORTOLI G/SEAL DRY RED
2026-05-05,stow,lightspeed:22888649,20000,g,in,receive,invoice:foodlink:SI4334071,invoice-pipeline,MAYONNAISE WHOLE EGG 20KG
2026-05-05,stow,lightspeed:22888650,4000,ml,in,receive,invoice:foodlink:SI4334071,invoice-pipeline,MILK FRESH FULL CREAM 2LT Norco
2026-05-05,stow,lightspeed:22888733,6000,g,in,receive,invoice:foodlink:SI4334071,invoice-pipeline,CHOCOLATE DARK 1KG Natures
2026-05-05,stow,lightspeed:22893550,20000,g,in,receive,invoice:foodlink:SI4334071,invoice-pipeline,RICE JASMINE FRAGRANT 20KG
2026-05-05,stow,lightspeed:22995162,1000,g,in,receive,invoice:foodlink:SI4334071,invoice-pipeline,CHEESE BLUE DANISH 10X100GM
2026-05-07,stow,lightspeed:22479979,48000.000,g,in,receive,invoice:gulli:CI-388562,invoice-pipeline,Big Cheese- Shredded Mozzarella 2kg
2026-05-07,stow,lightspeed:22873831,2.000,each,in,receive,invoice:gulli:CI-388562,invoice-pipeline,"B Flute Lock Top 11"" Pizza Boxes x 50"
2026-05-07,stow,lightspeed:22873851,4.000,each,in,receive,invoice:gulli:CI-388562,invoice-pipeline,"B Flute Lock Top 13"" Pizza Boxes x 50"
2026-05-08,hg,lightspeed:22888647,1000,g,in,receive,invoice:foodlink:SI4341098,invoice-pipeline,MAYONNAISE MILD JAPANESE 1KG
2026-05-08,stow,lightspeed:20492637,99000.0,ml,in,receive,invoice:lion:94659027,invoice-pipeline,S & W Pacific Ale 49.5L KEG
2026-05-08,stow,lightspeed:20786711,49500.0,ml,in,receive,invoice:lion:94659027,invoice-pipeline,Kirin Ichb 5% 49.5L KEG
2026-05-08,stow,lightspeed:22888856,2250.000,g,in,receive,invoice:foodlink:SI4341079,invoice-pipeline,SUGAR DEMERERA 375GM CSR
2026-05-12,stow,lightspeed:20445833,4200.000,ml,in,receive,invoice:ilg:03694254,invoice-pipeline,ROOSTER ROJO TEQUILA BLANCO
2026-05-12,stow,lightspeed:20445852,1400.000,ml,in,receive,invoice:ilg:03694253,invoice-pipeline,BUFFALO TRACE BOURBON 40%
2026-05-12,stow,lightspeed:20445864,700.000,ml,in,receive,invoice:ilg:03694253,invoice-pipeline,SAILOR JERRY SPICED RUM
2026-05-12,stow,lightspeed:20445866,700.000,ml,in,receive,invoice:ilg:03694253,invoice-pipeline,BACARDI CARTA BL (WHITE SUP)R
2026-05-12,stow,lightspeed:20445895,4200.000,ml,in,receive,invoice:ilg:03694253,invoice-pipeline,APEROL
2026-05-12,stow,lightspeed:20484934,1000,ml,in,receive,invoice:ilg:03694253,invoice-pipeline,KAHLUA 1 LTR 6PK
2026-05-12,stow,lightspeed:20492637,99000.0,ml,in,receive,invoice:lion:94663154,invoice-pipeline,S & W Pacific Ale 49.5L KEG
2026-05-12,stow,lightspeed:20645881,4500.000,ml,in,receive,invoice:ilg:03694253,invoice-pipeline,VEUVE CLICQUOT Y/LAB NV R
2026-05-12,stow,lightspeed:20786711,49500.0,ml,in,receive,invoice:lion:94663154,invoice-pipeline,Kirin Ichb 5% 49.5L KEG
2026-05-12,stow,lightspeed:22888760,7600.0,ml,in,receive,invoice:foodlink:SI4348146,invoice-pipeline,FRANK'S HOT SAUCE 1GALLN 3.8L
2026-05-13,stow,lightspeed:22479979,48000.000,g,in,receive,invoice:gulli:CI-391775,invoice-pipeline,Big Cheese- Shredded Mozzarella 2kg
2026-05-13,stow,lightspeed:22873831,4.000,each,in,receive,invoice:gulli:CI-391775,invoice-pipeline,"B Flute Lock Top 11"" Pizza Boxes x 50"
2026-05-13,stow,lightspeed:22873851,4.000,each,in,receive,invoice:gulli:CI-391775,invoice-pipeline,"B Flute Lock Top 13"" Pizza Boxes x 50"
2026-05-14,hg,lightspeed:22888642,9000,g,in,receive,invoice:foodlink:SI4352455,invoice-pipeline,HONEY PURE 3KG Wild Flower
2026-05-18,stow,lightspeed:22514090,1000,g,in,receive,invoice:foodlink:SI4359018,invoice-pipeline,WALNUTS 1KG Natures Secret
2026-05-18,stow,lightspeed:22888616,2000,g,in,receive,invoice:foodlink:SI4359018,invoice-pipeline,ALMOND MEAL 1KG Natures Secret
2026-05-18,stow,lightspeed:22888649,20000,g,in,receive,invoice:foodlink:SI4359018,invoice-pipeline,MAYONNAISE WHOLE EGG 20KG
2026-05-18,stow,lightspeed:22888650,4000,ml,in,receive,invoice:foodlink:SI4359018,invoice-pipeline,MILK FRESH FULL CREAM 2LT Norco
2026-05-19,stow,lightspeed:20445826,700.000,ml,in,receive,invoice:ilg:03698716,invoice-pipeline,HERRADURA PLATA S’VER TEQUILA
2026-05-19,stow,lightspeed:20445833,700.000,ml,in,receive,invoice:ilg:03698716,invoice-pipeline,ROOSTER ROJO TEQUILA BLANCO
2026-05-19,stow,lightspeed:20445833,4200.000,ml,in,receive,invoice:ilg:03698717,invoice-pipeline,ROOSTER ROJO TEQUILA BLANCO
2026-05-19,stow,lightspeed:20445852,2100.000,ml,in,receive,invoice:ilg:03698716,invoice-pipeline,BUFFALO TRACE BOURBON 40%
2026-05-19,stow,lightspeed:20445855,700.000,ml,in,receive,invoice:ilg:03698716,invoice-pipeline,MONKEY SHOULDER SCOTCH WHISKEY
2026-05-19,stow,lightspeed:20445864,1400.000,ml,in,receive,invoice:ilg:03698716,invoice-pipeline,SAILOR JERRY SPICED RUM
2026-05-19,stow,lightspeed:20445865,700.000,ml,in,receive,invoice:ilg:03698716,invoice-pipeline,KRAKEN BLACK SPICED RUM
2026-05-19,stow,lightspeed:20459560,9000.000,ml,in,receive,invoice:ilg:03698716,invoice-pipeline,COCA COLA CAN CUBES
2026-05-19,stow,lightspeed:20459564,9000.000,ml,in,receive,invoice:ilg:03698716,invoice-pipeline,SPRITE 375ML 24 CUBE
2026-05-19,stow,lightspeed:20487319,750.000,ml,in,receive,invoice:ilg:03698716,invoice-pipeline,NOILLY PRAT DRY VERMOUTH
2026-05-19,stow,lightspeed:20487328,30000,ml,in,receive,invoice:ilg:03698716,invoice-pipeline,DE BORTOLI G/SEAL DRY RED
2026-05-19,stow,lightspeed:20492690,700.000,ml,in,receive,invoice:ilg:03698718,invoice-pipeline,ITALICUS RISOLIO APERITIF
2026-05-19,stow,lightspeed:20512408,700.0,ml,in,receive,invoice:paramount:5311910,invoice-pipeline,GERMANA CACHACA CAETANO : 700 ml
2026-05-19,stow,lightspeed:21749602,750.000,ml,in,receive,invoice:ilg:03698716,invoice-pipeline,DESCLANS WHISPERING ANGEL ROSE
2026-05-19,stow,lightspeed:21749602,4500.000,ml,in,receive,invoice:ilg:03698717,invoice-pipeline,DESCLANS WHISPERING ANGEL ROSE
2026-05-19,stow,lightspeed:21999746,700.000,ml,in,receive,invoice:ilg:03698716,invoice-pipeline,HAVANA CLUB 700ML 3YO.
2026-05-19,stow,lightspeed:22479979,32000.000,g,in,receive,invoice:gulli:CI-394727,invoice-pipeline,Big Cheese- Shredded Mozzarella 2kg
2026-05-19,stow,lightspeed:22873831,1.000,each,in,receive,invoice:gulli:CI-394727,invoice-pipeline,"B Flute Lock Top 11"" Pizza Boxes x 50"
2026-05-19,stow,lightspeed:22873851,3.000,each,in,receive,invoice:gulli:CI-394727,invoice-pipeline,"B Flute Lock Top 13"" Pizza Boxes x 50"
2026-05-21,stow,lightspeed:22479979,32000.000,g,in,receive,invoice:gulli:CI-396282,invoice-pipeline,Big Cheese- Shredded Mozzarella 2kg
2026-05-21,stow,lightspeed:22873831,2.000,each,in,receive,invoice:gulli:CI-396282,invoice-pipeline,"B Flute Lock Top 11"" Pizza Boxes x 50"
2026-05-21,stow,lightspeed:22873851,4.000,each,in,receive,invoice:gulli:CI-396282,invoice-pipeline,"B Flute Lock Top 13"" Pizza Boxes x 50"
2026-05-26,stow,lightspeed:20445811,4200.000,ml,in,receive,invoice:ilg:03703843,invoice-pipeline,BOMBAY DRY GIN
2026-05-26,stow,lightspeed:20445824,700.000,ml,in,receive,invoice:ilg:03703843,invoice-pipeline,1800 COCONUT TEQUILA
2026-05-26,stow,lightspeed:20445833,8400.000,ml,in,receive,invoice:ilg:03703843,invoice-pipeline,ROOSTER ROJO TEQUILA BLANCO
2026-05-26,stow,lightspeed:20445833,4200.000,ml,in,receive,invoice:ilg:03703844,invoice-pipeline,ROOSTER ROJO TEQUILA BLANCO
2026-05-26,stow,lightspeed:20445852,700.000,ml,in,receive,invoice:ilg:03703843,invoice-pipeline,BUFFALO TRACE BOURBON 40%
2026-05-26,stow,lightspeed:20445852,700.000,ml,in,receive,invoice:ilg:03703844,invoice-pipeline,BUFFALO TRACE BOURBON 40%
2026-05-26,stow,lightspeed:20445855,700.000,ml,in,receive,invoice:ilg:03703844,invoice-pipeline,MONKEY SHOULDER SCOTCH WHISKEY
2026-05-26,stow,lightspeed:20445864,2100.000,ml,in,receive,invoice:ilg:03703843,invoice-pipeline,SAILOR JERRY SPICED RUM
2026-05-26,stow,lightspeed:20484930,20000,ml,in,receive,invoice:paramount:5328413,invoice-pipeline,WHITE LIGHT VODKA ORIGINAL : 20000ml
2026-05-26,stow,lightspeed:20487286,700.000,ml,in,receive,invoice:ilg:03703843,invoice-pipeline,FOUR PILLARS BLOODY SHIRAZ GIN
2026-05-26,stow,lightspeed:20487328,15000,ml,in,receive,invoice:ilg:03703843,invoice-pipeline,DE BORTOLI G/SEAL DRY RED
2026-05-26,stow,lightspeed:20492637,99000.0,ml,in,receive,invoice:lion:94684681,invoice-pipeline,S & W Pacific Ale 49.5L KEG
2026-05-26,stow,lightspeed:20710158,700.0,ml,in,receive,invoice:paramount:5328413,invoice-pipeline,TEMPUS FUGIT CREME DE BANANE : 700 ml
2026-05-26,stow,lightspeed:20786711,49500.0,ml,in,receive,invoice:lion:94684681,invoice-pipeline,Kirin Ichb 5% 49.5L KEG
2026-05-26,stow,lightspeed:22479979,40000.000,g,in,receive,invoice:gulli:CI-398529,invoice-pipeline,Big Cheese- Shredded Mozzarella 2kg
2026-05-29,stow,lightspeed:20492637,99000.0,ml,in,receive,invoice:lion:94691035,invoice-pipeline,S & W Pacific Ale 49.5L KEG
2026-05-29,stow,lightspeed:20786711,49500.0,ml,in,receive,invoice:lion:94691035,invoice-pipeline,Kirin Ichb 5% 49.5L KEG
2026-05-29,stow,lightspeed:22479979,32000.000,g,in,receive,invoice:gulli:CI-400808,invoice-pipeline,Big Cheese- Shredded Mozzarella 2kg
2026-05-29,stow,lightspeed:22873831,4.000,each,in,receive,invoice:gulli:CI-400808,invoice-pipeline,"B Flute Lock Top 11"" Pizza Boxes x 50"
2026-05-29,stow,lightspeed:22873851,4.000,each,in,receive,invoice:gulli:CI-400808,invoice-pipeline,"B Flute Lock Top 13"" Pizza Boxes x 50"
2026-06-01,stow,lightspeed:22888733,3000,g,in,receive,invoice:foodlink:SI4384899,invoice-pipeline,CHOCOLATE DARK 1KG Natures
2026-06-02,stow,lightspeed:20445832,750.000,ml,in,receive,invoice:ilg:03707417,invoice-pipeline,DON JULIO TEQUILA 1942
2026-06-02,stow,lightspeed:20445833,8400.000,ml,in,receive,invoice:ilg:03707417,invoice-pipeline,ROOSTER ROJO TEQUILA BLANCO
2026-06-02,stow,lightspeed:20445852,700.000,ml,in,receive,invoice:ilg:03707417,invoice-pipeline,BUFFALO TRACE BOURBON 40%
2026-06-02,stow,lightspeed:20445854,700.000,ml,in,receive,invoice:ilg:03707417,invoice-pipeline,JACK DANIELS BOURBON R
2026-06-02,stow,lightspeed:20445864,700.000,ml,in,receive,invoice:ilg:03707417,invoice-pipeline,SAILOR JERRY SPICED RUM
2026-06-02,stow,lightspeed:20445895,4200.000,ml,in,receive,invoice:ilg:03707417,invoice-pipeline,APEROL
2026-06-02,stow,lightspeed:20459560,9000.000,ml,in,receive,invoice:ilg:03707417,invoice-pipeline,COCA COLA CAN CUBES
2026-06-02,stow,lightspeed:20484784,4000.000,ml,in,receive,invoice:ilg:03707417,invoice-pipeline,FEVER TREE LIGHT TONIC
2026-06-02,stow,lightspeed:20710102,700.000,ml,in,receive,invoice:ilg:03707417,invoice-pipeline,CANADIAN CLUB WHISKY
2026-06-02,stow,lightspeed:21999746,700.000,ml,in,receive,invoice:ilg:03707417,invoice-pipeline,HAVANA CLUB 700ML 3YO.
2026-06-02,stow,lightspeed:22479979,16000.000,g,in,receive,invoice:gulli:CI-402363,invoice-pipeline,Big Cheese- Shredded Mozzarella 2kg
2026-06-03,stow,lightspeed:22888649,20000,g,in,receive,invoice:foodlink:SI4389204,invoice-pipeline,MAYONNAISE WHOLE EGG 20KG
2026-06-03,stow,lightspeed:22888650,4000,ml,in,receive,invoice:foodlink:SI4389205,invoice-pipeline,MILK FRESH FULL CREAM 2LT Norco
2026-06-03,stow,lightspeed:22888667,2000,g,in,receive,invoice:foodlink:SI4389204,invoice-pipeline,SUGAR BROWN 1KG CSR
2026-06-04,stow,lightspeed:20445833,8400.000,ml,in,receive,invoice:ilg:03708701,invoice-pipeline,ROOSTER ROJO TEQUILA BLANCO
2026-06-05,hg,lightspeed:22888642,6000,g,in,receive,invoice:foodlink:SI4393146,invoice-pipeline,HONEY PURE 3KG Wild Flower
2026-06-05,hg,lightspeed:22898623,1750.00,g,in,receive,invoice:foodlink:SI4393146,invoice-pipeline,BEANS EDAMAME SOY 350GM
2026-06-05,hg,lightspeed:22902937,1586.000,ml,in,receive,invoice:foodlink:SI4393146,invoice-pipeline,SRIRACHA CHILLI SAUCE 793ML
2026-06-05,stow,lightspeed:22479979,40000.000,g,in,receive,invoice:gulli:CI-405265,invoice-pipeline,Big Cheese- Shredded Mozzarella 2kg
2026-06-05,stow,lightspeed:22514090,1000,g,in,receive,invoice:foodlink:SI4393117,invoice-pipeline,WALNUTS 1KG Natures Secret
2026-06-05,stow,lightspeed:22873851,4.000,each,in,receive,invoice:gulli:CI-405265,invoice-pipeline,"B Flute Lock Top 13"" Pizza Boxes x 50"
2026-06-05,stow,lightspeed:22874517,1000,ml,in,receive,invoice:foodlink:SI4393113,invoice-pipeline,JUICE LIME YUZU 1LT Tonami
2026-06-09,hg,lightspeed:20484930,20000,ml,in,receive,invoice:paramount:5362727,invoice-pipeline,WHITE LIGHT VODKA ORIGINAL : 20000ml
2026-06-09,stow,lightspeed:20445831,750.00,ml,in,receive,invoice:paramount:5362684,invoice-pipeline,FORTALEZA TEQUILA REPOSADO : 750 ml
2026-06-09,stow,lightspeed:20483609,750.00,ml,in,receive,invoice:paramount:5362684,invoice-pipeline,CARPANO CLASSICO VERMOUTH : 750ml
2026-06-09,stow,lightspeed:20492637,99000.0,ml,in,receive,invoice:lion:94705144,invoice-pipeline,S & W Pacific Ale 49.5L KEG
2026-06-09,stow,lightspeed:20710158,700.0,ml,in,receive,invoice:paramount:5362684,invoice-pipeline,TEMPUS FUGIT CREME DE BANANE : 700 ml
2026-06-09,stow,lightspeed:22888650,4000,ml,in,receive,invoice:foodlink:SI4398567,invoice-pipeline,MILK FRESH FULL CREAM 2LT
2026-06-09,stow,lightspeed:23216243,49500.0,ml,in,receive,invoice:lion:94705144,invoice-pipeline,Guinness 49.5L KEG
2026-06-09,stow,lightspeed:23217497,1500.00,ml,in,receive,invoice:paramount:5362684,invoice-pipeline,SEPPELTSFIELD PARA GRAND 10 YEAR OLD TA
2026-06-11,stow,lightspeed:20445808,700.000,ml,in,receive,invoice:ilg:03712634,invoice-pipeline,HENDRICKS GIN
2026-06-11,stow,lightspeed:20445811,1400.000,ml,in,receive,invoice:ilg:03712630,invoice-pipeline,BOMBAY DRY GIN
2026-06-11,stow,lightspeed:20445811,4200.000,ml,in,receive,invoice:ilg:03712634,invoice-pipeline,BOMBAY DRY GIN
2026-06-11,stow,lightspeed:20445833,4200.000,ml,in,receive,invoice:ilg:03712630,invoice-pipeline,ROOSTER ROJO TEQUILA BLANCO
2026-06-11,stow,lightspeed:20445833,8400.000,ml,in,receive,invoice:ilg:03712634,invoice-pipeline,ROOSTER ROJO TEQUILA BLANCO
2026-06-11,stow,lightspeed:20445852,700.000,ml,in,receive,invoice:ilg:03712634,invoice-pipeline,BUFFALO TRACE BOURBON 40%
2026-06-11,stow,lightspeed:20445864,1400.000,ml,in,receive,invoice:ilg:03712634,invoice-pipeline,SAILOR JERRY SPICED RUM
2026-06-11,stow,lightspeed:20445866,700.000,ml,in,receive,invoice:ilg:03712634,invoice-pipeline,BACARDI CARTA BL (WHITE SUP)R
2026-06-11,stow,lightspeed:20445887,700.000,ml,in,receive,invoice:ilg:03712634,invoice-pipeline,DOLIN WHITE VERMOUTH (BLANC)
2026-06-11,stow,lightspeed:20484934,2000,ml,in,receive,invoice:ilg:03712630,invoice-pipeline,KAHLUA 1 LTR 6PK
2026-06-11,stow,lightspeed:20484934,2000,ml,in,receive,invoice:ilg:03712634,invoice-pipeline,KAHLUA 1 LTR 6PK
2026-06-11,stow,lightspeed:21749602,4500.000,ml,in,receive,invoice:ilg:03712634,invoice-pipeline,DESCLANS WHISPERING ANGEL ROSE
2026-06-12,stow,lightspeed:22479979,32000.000,g,in,receive,invoice:gulli:CI-408081,invoice-pipeline,Big Cheese- Shredded Mozzarella 2kg
2026-06-12,stow,lightspeed:22533097,2000,g,in,receive,invoice:foodlink:SI4405841,invoice-pipeline,YOGHURT GREEK STYLE 2KG
2026-06-12,stow,lightspeed:22873831,5.000,each,in,receive,invoice:gulli:CI-408081,invoice-pipeline,"B Flute Lock Top 11"" Pizza Boxes x 50"
2026-06-12,stow,lightspeed:22873851,5.000,each,in,receive,invoice:gulli:CI-408081,invoice-pipeline,"B Flute Lock Top 13"" Pizza Boxes x 50"
2026-06-13,hg,lightspeed:20445569,3000,g,in,receive,invoice:foodlink:SI4408342,invoice-pipeline,BOCCONCINI TRADITIONAL 1KG
2026-06-16,stow,lightspeed:20445811,4200.000,ml,in,receive,invoice:ilg:03714643,invoice-pipeline,BOMBAY DRY GIN
2026-06-16,stow,lightspeed:20445852,700.000,ml,in,receive,invoice:ilg:03714643,invoice-pipeline,BUFFALO TRACE BOURBON 40%
2026-06-16,stow,lightspeed:20445864,2100.000,ml,in,receive,invoice:ilg:03714643,invoice-pipeline,SAILOR JERRY SPICED RUM
2026-06-16,stow,lightspeed:20445871,500.000,ml,in,receive,invoice:ilg:03714643,invoice-pipeline,GRAND MARNIER 500ML
2026-06-16,stow,lightspeed:20445894,700.000,ml,in,receive,invoice:ilg:03714643,invoice-pipeline,CAMPARI APERITIF 25%
2026-06-16,stow,lightspeed:20484934,2000,ml,in,receive,invoice:ilg:03714643,invoice-pipeline,KAHLUA 1 LTR 6PK
2026-06-16,stow,lightspeed:20487286,700.000,ml,in,receive,invoice:ilg:03714643,invoice-pipeline,FOUR PILLARS BLOODY SHIRAZ GIN
2026-06-16,stow,lightspeed:20487328,15000,ml,in,receive,invoice:ilg:03714643,invoice-pipeline,DE BORTOLI G/SEAL DRY RED
2026-06-16,stow,lightspeed:20645881,4500.000,ml,in,receive,invoice:ilg:03714643,invoice-pipeline,VEUVE CLICQUOT Y/LAB NV R
2026-06-18,stow,lightspeed:22479979,68000.000,g,in,receive,invoice:gulli:CI-411223,invoice-pipeline,Big Cheese- Shredded Mozzarella 2kg
2026-06-18,stow,lightspeed:22873831,3.000,each,in,receive,invoice:gulli:CI-411223,invoice-pipeline,"B Flute Lock Top 11"" Pizza Boxes x 50"
2026-06-18,stow,lightspeed:22873851,3.000,each,in,receive,invoice:gulli:CI-411223,invoice-pipeline,"B Flute Lock Top 13"" Pizza Boxes x 50"
2026-06-19,stow,lightspeed:20445860,700.0,ml,in,receive,invoice:paramount:5387635,invoice-pipeline,APPLETON ESTATE SIGNATURE BLEND : 700 ml
2026-06-19,stow,lightspeed:20492637,49500.0,ml,in,receive,invoice:lion:94722093,invoice-pipeline,S & W Pacific Ale 49.5L KEG
2026-06-19,stow,lightspeed:20786711,49500.0,ml,in,receive,invoice:lion:94722093,invoice-pipeline,Kirin Ichb 5% 49.5L KEG
2026-06-19,stow,lightspeed:23216243,99000.0,ml,in,receive,invoice:lion:94722093,invoice-pipeline,Guinness 49.5L KEG
2026-06-23,stow,lightspeed:20445812,500.0,ml,in,receive,invoice:paramount:5392564,invoice-pipeline,WOLF LANE DISTILLERY NAVY STRENGTH GIN :
2026-06-23,stow,lightspeed:20445833,4200.000,ml,in,receive,invoice:ilg:03717768,invoice-pipeline,ROOSTER ROJO TEQUILA BLANCO
2026-06-23,stow,lightspeed:20445833,4200.000,ml,in,receive,invoice:ilg:03717770,invoice-pipeline,ROOSTER ROJO TEQUILA BLANCO
2026-06-23,stow,lightspeed:20445852,700.000,ml,in,receive,invoice:ilg:03717768,invoice-pipeline,BUFFALO TRACE BOURBON 40%
2026-06-23,stow,lightspeed:20445864,700.000,ml,in,receive,invoice:ilg:03717768,invoice-pipeline,SAILOR JERRY SPICED RUM
2026-06-23,stow,lightspeed:20445894,700.000,ml,in,receive,invoice:ilg:03717768,invoice-pipeline,CAMPARI APERITIF 25%
2026-06-23,stow,lightspeed:20445894,700.000,ml,in,receive,invoice:ilg:03717770,invoice-pipeline,CAMPARI APERITIF 25%
2026-06-23,stow,lightspeed:20445895,4200.000,ml,in,receive,invoice:ilg:03717768,invoice-pipeline,APEROL
2026-06-23,stow,lightspeed:20484934,1000,ml,in,receive,invoice:ilg:03717768,invoice-pipeline,KAHLUA 1 LTR 6PK
2026-06-23,stow,lightspeed:20487319,750.000,ml,in,receive,invoice:ilg:03717768,invoice-pipeline,NOILLY PRAT DRY VERMOUTH
2026-06-23,stow,lightspeed:20487328,15000,ml,in,receive,invoice:ilg:03717768,invoice-pipeline,DE BORTOLI G/SEAL DRY RED
2026-06-23,stow,lightspeed:20492637,49500.0,ml,in,receive,invoice:lion:94726092,invoice-pipeline,S & W Pacific Ale 49.5L KEG
2026-06-23,stow,lightspeed:20786711,49500.0,ml,in,receive,invoice:lion:94726092,invoice-pipeline,Kirin Ichb 5% 49.5L KEG
2026-06-23,stow,lightspeed:23216243,49500.0,ml,in,receive,invoice:lion:94726092,invoice-pipeline,Guinness 49.5L KEG
2026-06-25,stow,lightspeed:22479979,40000.000,g,in,receive,invoice:gulli:CI-414820,invoice-pipeline,Big Cheese- Shredded Mozzarella 2kg
2026-06-25,stow,lightspeed:22873831,2.000,each,in,receive,invoice:gulli:CI-414820,invoice-pipeline,"B Flute Lock Top 11"" Pizza Boxes x 50"
2026-06-25,stow,lightspeed:22873851,3.000,each,in,receive,invoice:gulli:CI-414820,invoice-pipeline,"B Flute Lock Top 13"" Pizza Boxes x 50"
2026-06-30,hg,lightspeed:20484930,20000,ml,in,receive,invoice:paramount:5408825,invoice-pipeline,WHITE LIGHT VODKA ORIGINAL : 20000ml
2026-06-30,stow,lightspeed:20445808,700.000,ml,in,receive,invoice:ilg:03721574,invoice-pipeline,HENDRICKS GIN
2026-06-30,stow,lightspeed:20445811,4200.000,ml,in,receive,invoice:ilg:03721574,invoice-pipeline,BOMBAY DRY GIN
2026-06-30,stow,lightspeed:20445854,700.000,ml,in,receive,invoice:ilg:03721574,invoice-pipeline,JACK DANIELS BOURBON R
2026-06-30,stow,lightspeed:20484784,4000.000,ml,in,receive,invoice:ilg:03721574,invoice-pipeline,FEVER TREE LIGHT TONIC
2026-06-30,stow,lightspeed:20484934,2000,ml,in,receive,invoice:ilg:03721574,invoice-pipeline,KAHLUA 1 LTR 6PK
2026-06-30,stow,lightspeed:20492637,49500.0,ml,in,receive,invoice:lion:94736140,invoice-pipeline,S & W Pacific Ale 49.5L KEG
2026-06-30,stow,lightspeed:23216243,99000.0,ml,in,receive,invoice:lion:94736140,invoice-pipeline,Guinness 49.5L KEG
2026-07-01,stow,lightspeed:22479979,60000.000,g,in,receive,invoice:gulli:CI-418003,invoice-pipeline,Big Cheese- Shredded Mozzarella 2kg
2026-07-01,stow,lightspeed:22873831,3.000,each,in,receive,invoice:gulli:CI-418003,invoice-pipeline,"B Flute Lock Top 11"" Pizza Boxes x 50"
2026-07-01,stow,lightspeed:22873851,4.000,each,in,receive,invoice:gulli:CI-418003,invoice-pipeline,"B Flute Lock Top 13"" Pizza Boxes x 50"
2026-07-07,stow,lightspeed:20445825,700.000,ml,in,receive,invoice:ilg:03726400,invoice-pipeline,PATRON SILVER TEQUILA R
2026-07-07,stow,lightspeed:20445833,4200.000,ml,in,receive,invoice:ilg:03726400,invoice-pipeline,ROOSTER ROJO TEQUILA BLANCO
2026-07-07,stow,lightspeed:20445852,700.000,ml,in,receive,invoice:ilg:03726400,invoice-pipeline,BUFFALO TRACE BOURBON 40%
2026-07-07,stow,lightspeed:20445860,700.000,ml,in,receive,invoice:ilg:03726400,invoice-pipeline,APPLETON EST SIGN. BLEND
2026-07-07,stow,lightspeed:20445864,700.000,ml,in,receive,invoice:ilg:03726400,invoice-pipeline,SAILOR JERRY SPICED RUM
2026-07-07,stow,lightspeed:20459564,9000.000,ml,in,receive,invoice:ilg:03726400,invoice-pipeline,SPRITE 375ML 24 CUBE
2026-07-07,stow,lightspeed:20484934,1000,ml,in,receive,invoice:ilg:03726400,invoice-pipeline,KAHLUA 1 LTR 6PK
2026-07-07,stow,lightspeed:20487328,15000,ml,in,receive,invoice:ilg:03726400,invoice-pipeline,DE BORTOLI G/SEAL DRY RED
2026-07-07,stow,lightspeed:20487805,150.000,ml,in,receive,invoice:ilg:03726400,invoice-pipeline,FEE BROS BLACK WALNUT BITTERS
2026-07-07,stow,lightspeed:20492637,49500.0,ml,in,receive,invoice:lion:94746233,invoice-pipeline,S & W Pacific Ale 49.5L KEG
2026-07-07,stow,lightspeed:20747514,600.0,ml,in,receive,invoice:paramount:5424761,invoice-pipeline,ANGOSTURA BITTERS : 200 ml
2026-07-07,stow,lightspeed:23216243,49500.0,ml,in,receive,invoice:lion:94746233,invoice-pipeline,Guinness 49.5L KEG
2026-07-08,stow,lightspeed:22479979,40000.000,g,in,receive,invoice:gulli:CI-422469,invoice-pipeline,Big Cheese- Shredded Mozzarella 2kg
2026-07-08,stow,lightspeed:22873831,4.000,each,in,receive,invoice:gulli:CI-422469,invoice-pipeline,"B Flute Lock Top 11"" Pizza Boxes x 50"
2026-07-08,stow,lightspeed:22873851,5.000,each,in,receive,invoice:gulli:CI-422469,invoice-pipeline,"B Flute Lock Top 13"" Pizza Boxes x 50"
2026-07-08,stow,lightspeed:22873876,2.000,each,in,receive,invoice:gulli:CI-422469,invoice-pipeline,Pizza Box Inserts 22.5cm x 100
2026-07-13,stow,lightspeed:22479979,20000.000,g,in,receive,invoice:gulli:CI-424608,invoice-pipeline,Big Cheese- Shredded Mozzarella 2kg
2026-07-13,stow,lightspeed:22873851,2.000,each,in,receive,invoice:gulli:CI-424608,invoice-pipeline,"B Flute Lock Top 13"" Pizza Boxes x 50"
2026-07-14,stow,lightspeed:20445833,12600.000,ml,in,receive,invoice:ilg:03729959,invoice-pipeline,ROOSTER ROJO TEQUILA BLANCO
2026-07-14,stow,lightspeed:20445852,700.000,ml,in,receive,invoice:ilg:03729959,invoice-pipeline,BUFFALO TRACE BOURBON 40%
2026-07-14,stow,lightspeed:20445852,700.000,ml,in,receive,invoice:ilg:03729960,invoice-pipeline,BUFFALO TRACE BOURBON 40%
2026-07-14,stow,lightspeed:20445864,1400.000,ml,in,receive,invoice:ilg:03729959,invoice-pipeline,SAILOR JERRY SPICED RUM
2026-07-14,stow,lightspeed:20445864,700.000,ml,in,receive,invoice:ilg:03729960,invoice-pipeline,SAILOR JERRY SPICED RUM
2026-07-14,stow,lightspeed:20445890,1000,ml,in,receive,invoice:ilg:03729959,invoice-pipeline,ANTICA FORMULA
2026-07-14,stow,lightspeed:20445895,4200.000,ml,in,receive,invoice:ilg:03729959,invoice-pipeline,APEROL
2026-07-14,stow,lightspeed:20445895,700.000,ml,in,receive,invoice:ilg:03729960,invoice-pipeline,APEROL
2026-07-14,stow,lightspeed:20459560,9000.000,ml,in,receive,invoice:ilg:03729959,invoice-pipeline,COCA COLA CAN CUBES
2026-07-14,stow,lightspeed:20459564,9000.000,ml,in,receive,invoice:ilg:03729959,invoice-pipeline,SPRITE 375ML 24 CUBE
2026-07-14,stow,lightspeed:20483609,750.00,ml,in,receive,invoice:paramount:5441124,invoice-pipeline,CARPANO CLASSICO VERMOUTH : 750ml
2026-07-14,stow,lightspeed:20487328,30000,ml,in,receive,invoice:paramount:5441124,invoice-pipeline,DE BORTOLI GOLD SEAL SPECIAL DRY RED : 15
2026-07-14,stow,lightspeed:20492637,99000.0,ml,in,receive,invoice:lion:94755729,invoice-pipeline,S & W Pacific Ale 49.5L KEG
2026-07-14,stow,lightspeed:20786711,49500.0,ml,in,receive,invoice:lion:94755729,invoice-pipeline,Kirin Ichb 5% 49.5L KEG
2026-07-14,stow,lightspeed:23216243,49500.0,ml,in,receive,invoice:lion:94755729,invoice-pipeline,Guinness 49.5L KEG
2026-07-17,stow,lightspeed:22479979,48000.000,g,in,receive,invoice:gulli:CI-426842,invoice-pipeline,Big Cheese- Shredded Mozzarella 2kg
2026-07-17,stow,lightspeed:22873831,3.000,each,in,receive,invoice:gulli:CI-426842,invoice-pipeline,"B Flute Lock Top 11"" Pizza Boxes x 50"
2026-07-17,stow,lightspeed:22873851,3.000,each,in,receive,invoice:gulli:CI-426842,invoice-pipeline,"B Flute Lock Top 13"" Pizza Boxes x 50"
2026-07-17,stow,lightspeed:22873876,2.000,each,in,receive,invoice:gulli:CI-426842,invoice-pipeline,Pizza Box Inserts 22.5cm x 100
2026-07-21,stow,lightspeed:20445808,700.000,ml,in,receive,invoice:ilg:03733160,invoice-pipeline,HENDRICKS GIN
2026-07-21,stow,lightspeed:20445808,700.000,ml,in,receive,invoice:ilg:03733161,invoice-pipeline,HENDRICKS GIN
2026-07-21,stow,lightspeed:20445810,700.000,ml,in,receive,invoice:ilg:03733161,invoice-pipeline,BOMBAY SAPPHIRE GIN
2026-07-21,stow,lightspeed:20445811,4200.000,ml,in,receive,invoice:ilg:03733161,invoice-pipeline,BOMBAY DRY GIN
2026-07-21,stow,lightspeed:20445811,700.000,ml,in,receive,invoice:ilg:03733163,invoice-pipeline,BOMBAY DRY GIN
2026-07-21,stow,lightspeed:20445833,4200.000,ml,in,receive,invoice:ilg:03733163,invoice-pipeline,ROOSTER ROJO TEQUILA BLANCO
2026-07-21,stow,lightspeed:20445839,700.000,ml,in,receive,invoice:ilg:03733161,invoice-pipeline,YAMAZAKI 12YO WHISKY 43%
2026-07-21,stow,lightspeed:20445852,1400.000,ml,in,receive,invoice:ilg:03733161,invoice-pipeline,BUFFALO TRACE BOURBON 40%
2026-07-21,stow,lightspeed:20445855,700.000,ml,in,receive,invoice:ilg:03733161,invoice-pipeline,MONKEY SHOULDER SCOTCH WHISKEY
2026-07-21,stow,lightspeed:20445864,700.000,ml,in,receive,invoice:ilg:03733161,invoice-pipeline,SAILOR JERRY SPICED RUM
2026-07-21,stow,lightspeed:20445895,4200.000,ml,in,receive,invoice:ilg:03733161,invoice-pipeline,APEROL
2026-07-21,stow,lightspeed:20459560,9000.000,ml,in,receive,invoice:ilg:03733160,invoice-pipeline,COCA COLA CAN CUBES
2026-07-21,stow,lightspeed:20459560,18000.000,ml,in,receive,invoice:ilg:03733161,invoice-pipeline,COCA COLA CAN CUBES
2026-07-21,stow,lightspeed:20459564,9000.000,ml,in,receive,invoice:ilg:03733160,invoice-pipeline,SPRITE 375ML 24 CUBE
2026-07-21,stow,lightspeed:20484688,700.000,ml,in,receive,invoice:ilg:03733161,invoice-pipeline,BALVENIE 14YO CARIBBEAN CASK
2026-07-21,stow,lightspeed:20492637,99000.0,ml,in,receive,invoice:lion:94766975,invoice-pipeline,S & W Pacific Ale 49.5L KEG
2026-07-21,stow,lightspeed:20492690,700.000,ml,in,receive,invoice:ilg:03733163,invoice-pipeline,ITALICUS RISOLIO APERITIF
2026-07-21,stow,lightspeed:20786711,49500.0,ml,in,receive,invoice:lion:94766975,invoice-pipeline,Kirin Ichb 5% 49.5L KEG
2026-07-21,stow,lightspeed:21749602,4500.000,ml,in,receive,invoice:ilg:03733161,invoice-pipeline,DESCLANS WHISPERING ANGEL ROSE
2026-07-21,stow,lightspeed:23216243,49500.0,ml,in,receive,invoice:lion:94766975,invoice-pipeline,Guinness 49.5L KEG
2026-07-22,stow,lightspeed:22479979,48000.000,g,in,receive,invoice:gulli:CI-429895,invoice-pipeline,Big Cheese- Shredded Mozzarella 2kg
2026-07-22,stow,lightspeed:22873831,2.000,each,in,receive,invoice:gulli:CI-429895,invoice-pipeline,"B Flute Lock Top 11"" Pizza Boxes x 50"
2026-07-22,stow,lightspeed:22873851,4.000,each,in,receive,invoice:gulli:CI-429895,invoice-pipeline,"B Flute Lock Top 13"" Pizza Boxes x 50"
2026-07-22,stow,lightspeed:22873876,2.000,each,in,receive,invoice:gulli:CI-429895,invoice-pipeline,Pizza Box Inserts 22.5cm x 100
2026-07-22,stow,lightspeed:22888856,750.000,g,in,receive,invoice:foodlink:SI4478582,invoice-pipeline,SUGAR DEMERERA 375GM
2026-07-23,hg,lightspeed:22898623,2800.00,g,in,receive,invoice:foodlink:SI4480685,invoice-pipeline,BEANS EDAMAME SOY 350GM FROZEN (WITH SHELL)
2026-07-23,hg,lightspeed:22996486,5000,g,in,receive,invoice:foodlink:SI4480685,invoice-pipeline,CORN FLOUR MAIZE GLUTEN FREE 5KG Edlyn
2026-07-23,stow,lightspeed:22888760,3800.0,ml,in,receive,invoice:foodlink:SI4480679,invoice-pipeline,FRANK'S HOT SAUCE 1GALLN 3.8L Franks
2026-07-23,stow,lightspeed:22888803,2500.0,g,in,receive,invoice:foodlink:SI4480678,invoice-pipeline,MUSTARD DIJON 2.5KG Masterfoods
2026-07-23,stow,lightspeed:22988218,2000,g,in,receive,invoice:foodlink:SI4480678,invoice-pipeline,CHEESE MEXICAN BLEND SHREDDED 2KG Universal
2026-07-23,stow,lightspeed:22989447,12000,ml,in,receive,invoice:foodlink:SI4480679,invoice-pipeline,BBQ SAUCE 4LT Heinz
2026-07-24,stow,lightspeed:22888650,6000,ml,in,receive,invoice:foodlink:SI4483241,invoice-pipeline,MILK FRESH FULL CREAM 2LT Norco
2026-07-24,stow,lightspeed:22888668,1000,g,in,receive,invoice:foodlink:SI4483241,invoice-pipeline,SUGAR CASTER 1KG CSR
2026-07-24,stow,lightspeed:22888768,7000,g,in,receive,invoice:foodlink:SI4483241,invoice-pipeline,GRAVY MIX RICH BROWN G/FREE 7KG Executive Chef
2026-07-28,stow,lightspeed:20487426,50000,ml,in,receive,invoice:grifter:83246,invoice-pipeline,GRIFTER PALE ALE 50L KEG (KONVOY KEG)
2026-07-28,stow,lightspeed:20492637,49500.0,ml,in,receive,invoice:lion:94777549,invoice-pipeline,S & W Pacific Ale 49.5L KEG
2026-07-28,stow,lightspeed:22888760,3800.0,ml,in,receive,invoice:foodlink:SI4489643,invoice-pipeline,FRANK'S HOT SAUCE 1GALLN 3.8L Franks
2026-07-28,stow,lightspeed:22989447,4000,ml,in,receive,invoice:foodlink:SI4489643,invoice-pipeline,BBQ SAUCE 4LT Heinz
2026-07-28,stow,lightspeed:23216243,99000.0,ml,in,receive,invoice:lion:94777549,invoice-pipeline,Guinness 49.5L KEG
2026-07-29,hg,lightspeed:22888642,3000,g,in,receive,invoice:foodlink:SI4491744,invoice-pipeline,HONEY PURE 3KG Wild
2026-07-30,stow,lightspeed:22479979,48000.000,g,in,receive,invoice:gulli:CI-433663,invoice-pipeline,Big Cheese- Shredded Mozzarella 2kg
2026-07-30,stow,lightspeed:22514090,1000,g,in,receive,invoice:foodlink:SI4493832,invoice-pipeline,WALNUTS 1KG Natures Secret
2026-07-30,stow,lightspeed:22873831,3.000,each,in,receive,invoice:gulli:CI-433663,invoice-pipeline,"B Flute Lock Top 11"" Pizza Boxes x 50"
2026-07-30,stow,lightspeed:22873851,4.000,each,in,receive,invoice:gulli:CI-433663,invoice-pipeline,"B Flute Lock Top 13"" Pizza Boxes x 50"
2026-07-30,stow,lightspeed:22873876,1.000,each,in,receive,invoice:gulli:CI-433663,invoice-pipeline,Pizza Box Inserts 22.5cm x 100
2026-07-30,stow,lightspeed:22888668,2000,g,in,receive,invoice:foodlink:SI4493837,invoice-pipeline,SUGAR CASTER 1KG CSR
2026-07-31,stow,lightspeed:20445811,4200.000,ml,in,receive,invoice:ilg:03739297,invoice-pipeline,BOMBAY DRY GIN
2026-07-31,stow,lightspeed:20445833,8400.000,ml,in,receive,invoice:ilg:03739297,invoice-pipeline,ROOSTER ROJO TEQUILA BLANCO
2026-07-31,stow,lightspeed:20445852,700.000,ml,in,receive,invoice:ilg:03739297,invoice-pipeline,BUFFALO TRACE BOURBON 40%
2026-07-31,stow,lightspeed:20445860,1400.000,ml,in,receive,invoice:ilg:03739297,invoice-pipeline,APPLETON EST SIGN. BLEND
2026-07-31,stow,lightspeed:20445864,4200.000,ml,in,receive,invoice:ilg:03739297,invoice-pipeline,SAILOR JERRY SPICED RUM
2026-07-31,stow,lightspeed:20445865,700.000,ml,in,receive,invoice:ilg:03739297,invoice-pipeline,KRAKEN BLACK SPICED RUM
2026-07-31,stow,lightspeed:20487328,15000,ml,in,receive,invoice:ilg:03739297,invoice-pipeline,DE BORTOLI G/SEAL DRY RED
2026-07-31,stow,lightspeed:20492685,700.000,ml,in,receive,invoice:ilg:03739297,invoice-pipeline,LYRE’S ITALIAN SPRITZ ALT
2026-07-31,stow,lightspeed:21150832,700.000,ml,in,receive,invoice:ilg:03739297,invoice-pipeline,DIPLOMATICO MANTUANO RUM
2026-07-31,stow,lightspeed:21749602,4500.000,ml,in,receive,invoice:ilg:03739297,invoice-pipeline,DESCLANS WHISPERING ANGEL ROSE
2026-07-31,stow,lightspeed:22888668,2000,g,in,receive,invoice:foodlink:SI4496006,invoice-pipeline,SUGAR CASTER 1KG CSR
2026-07-31,stow,lightspeed:22888733,3000,g,in,receive,invoice:foodlink:SI4496006,invoice-pipeline,CHOCOLATE DARK 1KG
2026-08-04,stow,lightspeed:20445833,8400.000,ml,in,receive,invoice:ilg:03741446,invoice-pipeline,ROOSTER ROJO TEQUILA BLANCO
2026-08-04,stow,lightspeed:20445850,700.000,ml,in,receive,invoice:ilg:03741446,invoice-pipeline,JAMESON IRISH WHISKEY
2026-08-04,stow,lightspeed:20445852,1400.000,ml,in,receive,invoice:ilg:03741446,invoice-pipeline,BUFFALO TRACE BOURBON 40%
2026-08-04,stow,lightspeed:20445852,700.000,ml,in,receive,invoice:ilg:03741447,invoice-pipeline,BUFFALO TRACE BOURBON 40%
2026-08-04,stow,lightspeed:20445854,700.000,ml,in,receive,invoice:ilg:03741446,invoice-pipeline,JACK DANIELS BOURBON R
2026-08-04,stow,lightspeed:20445866,700.000,ml,in,receive,invoice:ilg:03741446,invoice-pipeline,BACARDI CARTA BL (WHITE SUP)R
2026-08-04,stow,lightspeed:20445887,700.000,ml,in,receive,invoice:ilg:03741446,invoice-pipeline,DOLIN WHITE VERMOUTH (BLANC)
2026-08-04,stow,lightspeed:20445895,4200.000,ml,in,receive,invoice:ilg:03741446,invoice-pipeline,APEROL
2026-08-04,stow,lightspeed:20484934,1000,ml,in,receive,invoice:ilg:03741446,invoice-pipeline,KAHLUA 1 LTR 6PK
2026-08-04,stow,lightspeed:20487328,15000,ml,in,receive,invoice:ilg:03741446,invoice-pipeline,DE BORTOLI G/SEAL DRY RED
2026-08-04,stow,lightspeed:20492637,49500.0,ml,in,receive,invoice:lion:94788282,invoice-pipeline,S & W Pacific Ale 49.5L KEG
2026-08-04,stow,lightspeed:20645881,4500.000,ml,in,receive,invoice:ilg:03741446,invoice-pipeline,VEUVE CLICQUOT Y/LAB NV R
2026-08-04,stow,lightspeed:20786711,49500.0,ml,in,receive,invoice:lion:94788282,invoice-pipeline,Kirin Ichb 5% 49.5L KEG
2026-08-04,stow,lightspeed:22479979,32000.000,g,in,receive,invoice:gulli:CI-435820,invoice-pipeline,Big Cheese- Shredded Mozzarella 2kg
2026-08-04,stow,lightspeed:22873831,1.000,each,in,receive,invoice:gulli:CI-435820,invoice-pipeline,"B Flute Lock Top 11"" Pizza Boxes x 50"
2026-08-04,stow,lightspeed:22873851,2.000,each,in,receive,invoice:gulli:CI-435820,invoice-pipeline,"B Flute Lock Top 13"" Pizza Boxes x 50"
2026-08-04,stow,lightspeed:23216243,99000.0,ml,in,receive,invoice:lion:94788282,invoice-pipeline,Guinness 49.5L KEG
2026-08-06,stow,lightspeed:22479979,32000.000,g,in,receive,invoice:gulli:CI-437319,invoice-pipeline,Big Cheese- Shredded Mozzarella 2kg
2026-08-06,stow,lightspeed:22873831,2.000,each,in,receive,invoice:gulli:CI-437319,invoice-pipeline,"B Flute Lock Top 11"" Pizza Boxes x 50"
2026-08-06,stow,lightspeed:22873851,3.000,each,in,receive,invoice:gulli:CI-437319,invoice-pipeline,"B Flute Lock Top 13"" Pizza Boxes x 50"
2026-08-07,stow,lightspeed:20445807,700.0,ml,in,receive,invoice:paramount:5502010,invoice-pipeline,NEVER NEVER OYSTER SHELL GIN : 700ml
2026-08-07,stow,lightspeed:20483609,750.00,ml,in,receive,invoice:paramount:5502010,invoice-pipeline,CARPANO CLASSICO VERMOUTH : 750ml
2026-08-07,stow,lightspeed:20484930,20000,ml,in,receive,invoice:paramount:5502010,invoice-pipeline,WHITE LIGHT VODKA ORIGINAL : 20000ml
2026-08-07,stow,lightspeed:20488033,700.0,ml,in,receive,invoice:paramount:5502010,invoice-pipeline,SEADRIFT COAST : 700 ml
2026-08-08,stow,lightspeed:22888614,1000,g,in,receive,invoice:foodlink:SI4511803,invoice-pipeline,ACHIOTE PASTE 1KG El
2026-08-11,stow,lightspeed:20445808,700.000,ml,in,receive,invoice:ilg:03744947,invoice-pipeline,HENDRICKS GIN
2026-08-11,stow,lightspeed:20445808,700.000,ml,in,receive,invoice:ilg:03744948,invoice-pipeline,HENDRICKS GIN
2026-08-11,stow,lightspeed:20445810,700.000,ml,in,receive,invoice:ilg:03744948,invoice-pipeline,BOMBAY SAPPHIRE GIN
2026-08-11,stow,lightspeed:20445811,4200.000,ml,in,receive,invoice:ilg:03744947,invoice-pipeline,BOMBAY DRY GIN
2026-08-11,stow,lightspeed:20445824,700.000,ml,in,receive,invoice:ilg:03744948,invoice-pipeline,1800 COCONUT TEQUILA
2026-08-11,stow,lightspeed:20445825,700.000,ml,in,receive,invoice:ilg:03744948,invoice-pipeline,PATRON SILVER TEQUILA R
2026-08-11,stow,lightspeed:20445833,4200.000,ml,in,receive,invoice:ilg:03744948,invoice-pipeline,ROOSTER ROJO TEQUILA BLANCO
2026-08-11,stow,lightspeed:20445833,8400.000,ml,in,receive,invoice:ilg:03744949,invoice-pipeline,ROOSTER ROJO TEQUILA BLANCO
2026-08-11,stow,lightspeed:20445855,700.000,ml,in,receive,invoice:ilg:03744947,invoice-pipeline,MONKEY SHOULDER SCOTCH WHISKEY
2026-08-11,stow,lightspeed:20445855,700.000,ml,in,receive,invoice:ilg:03744949,invoice-pipeline,MONKEY SHOULDER SCOTCH WHISKEY
2026-08-11,stow,lightspeed:20445864,4200.000,ml,in,receive,invoice:ilg:03744948,invoice-pipeline,SAILOR JERRY SPICED RUM
2026-08-11,stow,lightspeed:20445864,700.000,ml,in,receive,invoice:ilg:03744948,invoice-pipeline,SAILOR JERRY SPICED RUM
2026-08-11,stow,lightspeed:20445865,700.000,ml,in,receive,invoice:ilg:03744948,invoice-pipeline,KRAKEN BLACK SPICED RUM
2026-08-11,stow,lightspeed:20445866,2100.000,ml,in,receive,invoice:ilg:03744948,invoice-pipeline,BACARDI CARTA BL (WHITE SUP)R
2026-08-11,stow,lightspeed:20445890,1000,ml,in,receive,invoice:ilg:03744948,invoice-pipeline,ANTICA FORMULA
2026-08-11,stow,lightspeed:20445894,1400.000,ml,in,receive,invoice:ilg:03744948,invoice-pipeline,CAMPARI APERITIF 25%
2026-08-11,stow,lightspeed:20445895,4200.000,ml,in,receive,invoice:ilg:03744948,invoice-pipeline,APEROL
2026-08-11,stow,lightspeed:20445895,8400.000,ml,in,receive,invoice:ilg:03744949,invoice-pipeline,APEROL
2026-08-11,stow,lightspeed:20484934,4000,ml,in,receive,invoice:ilg:03744948,invoice-pipeline,KAHLUA 1 LTR 6PK
2026-08-11,stow,lightspeed:20487286,700.000,ml,in,receive,invoice:ilg:03744948,invoice-pipeline,FOUR PILLARS BLOODY SHIRAZ GIN
2026-08-11,stow,lightspeed:20487319,750.000,ml,in,receive,invoice:ilg:03744948,invoice-pipeline,NOILLY PRAT DRY VERMOUTH
2026-08-11,stow,lightspeed:20487328,45000,ml,in,receive,invoice:ilg:03744948,invoice-pipeline,DE BORTOLI G/SEAL DRY RED
2026-08-11,stow,lightspeed:20492690,700.000,ml,in,receive,invoice:ilg:03744949,invoice-pipeline,ITALICUS RISOLIO APERITIF
2026-08-11,stow,lightspeed:22479979,40000.000,g,in,receive,invoice:gulli:CI-440251,invoice-pipeline,Big Cheese- Shredded Mozzarella 2kg
2026-08-11,stow,lightspeed:22873831,3.000,each,in,receive,invoice:gulli:CI-440251,invoice-pipeline,"B Flute Lock Top 11"" Pizza Boxes x 50"
2026-08-11,stow,lightspeed:22873851,3.000,each,in,receive,invoice:gulli:CI-440251,invoice-pipeline,"B Flute Lock Top 13"" Pizza Boxes x 50"
2026-08-13,stow,lightspeed:20445812,500.0,ml,in,receive,invoice:paramount:5515183,invoice-pipeline,WOLF LANE DISTILLERY NAVY STRENGTH GIN :
2026-08-13,stow,lightspeed:20445893,5000,ml,in,receive,invoice:paramount:5515183,invoice-pipeline,REGAL ROGUE BOLD RED : 5000 ml
2026-08-13,stow,lightspeed:20483609,750.00,ml,in,receive,invoice:paramount:5515183,invoice-pipeline,CARPANO CLASSICO VERMOUTH : 750ml
2026-08-13,stow,lightspeed:20488033,700.0,ml,in,receive,invoice:paramount:5515183,invoice-pipeline,SEADRIFT COAST : 700 ml
2026-08-13,stow,lightspeed:20492637,99000.0,ml,in,receive,invoice:lion:94806772,invoice-pipeline,S & W Pacific Ale 49.5L KEG
2026-08-13,stow,lightspeed:20786711,49500.0,ml,in,receive,invoice:lion:94806772,invoice-pipeline,Kirin Ichb 5% 49.5L KEG
2026-08-13,stow,lightspeed:22888856,750.000,g,in,receive,invoice:foodlink:SI4520549,invoice-pipeline,SUGAR DEMERERA 375GM
2026-08-13,stow,lightspeed:23216243,99000.0,ml,in,receive,invoice:lion:94806772,invoice-pipeline,Guinness 49.5L KEG
2026-08-14,stow,lightspeed:22479979,56000.000,g,in,receive,invoice:gulli:CI-441655,invoice-pipeline,Big Cheese- Shredded Mozzarella 2kg
2026-08-14,stow,lightspeed:22873851,2.000,each,in,receive,invoice:gulli:CI-441655,invoice-pipeline,"B Flute Lock Top 13"" Pizza Boxes x 50"
